{
"type": "FeatureCollection",
"name": "beccs",
"crs": { "type": "name", "properties": { "name": "urn:ogc:def:crs:OGC:1.3:CRS84" } },
"xy_coordinate_resolution": 1e-05,
"features": [
{ "type": "Feature", "properties": { "facility_id": 224210, "scenario": 25, "state": "Arizona", "plant_type": "BiCRS 2050 FP asphalt char CO2", "cdr_tco2": 2004901.1, "cost_usd_per_tco2": 28.2358, "net_cost_usd": 56610020.0, "forestry_fraction": 0.4207, "feedstock_tonnes": 1631971.9, "x_albers": -1488169.2, "y_albers": 1220017.8, "x_lcc": -1091127.2, "y_lcc": -941118.9 }, "geometry": { "type": "Point", "coordinates": [ -112.08381, 32.91478 ] } },
{ "type": "Feature", "properties": { "facility_id": 92424, "scenario": 25, "state": "California", "plant_type": "BiCRS 2050 gasification H2", "cdr_tco2": 2701433.0, "cost_usd_per_tco2": 77.6518, "net_cost_usd": 209771241.0, "forestry_fraction": 0.892, "feedstock_tonnes": 1813302.1, "x_albers": -2158538.1, "y_albers": 2376425.9, "x_lcc": -1762300.0, "y_lcc": 150758.6 }, "geometry": { "type": "Point", "coordinates": [ -122.45559, 41.67027 ] } },
{ "type": "Feature", "properties": { "facility_id": 136342, "scenario": 25, "state": "California", "plant_type": "BiCRS 2050 gasification H2", "cdr_tco2": 2669846.6, "cost_usd_per_tco2": 34.2073, "net_cost_usd": 91328267.0, "forestry_fraction": 0.0655, "feedstock_tonnes": 1813302.1, "x_albers": -2206601.0, "y_albers": 1986619.2, "x_lcc": -1803242.5, "y_lcc": -218986.5 }, "geometry": { "type": "Point", "coordinates": [ -121.75341, 38.20488 ] } },
{ "type": "Feature", "properties": { "facility_id": 142201, "scenario": 25, "state": "California", "plant_type": "BiCRS 2050 gasification H2", "cdr_tco2": 2781200.9, "cost_usd_per_tco2": 53.5707, "net_cost_usd": 148990746.0, "forestry_fraction": 0.6262, "feedstock_tonnes": 1813302.1, "x_albers": -2129669.8, "y_albers": 1936046.2, "x_lcc": -1728201.4, "y_lcc": -266547.0 }, "geometry": { "type": "Point", "coordinates": [ -120.74626, 37.94973 ] } },
{ "type": "Feature", "properties": { "facility_id": 152450, "scenario": 25, "state": "California", "plant_type": "BiCRS 2050 gasification H2", "cdr_tco2": 2799958.3, "cost_usd_per_tco2": 59.6809, "net_cost_usd": 167104155.0, "forestry_fraction": 0.8525, "feedstock_tonnes": 1813302.1, "x_albers": -2103533.2, "y_albers": 1845659.9, "x_lcc": -1701492.9, "y_lcc": -352228.8 }, "geometry": { "type": "Point", "coordinates": [ -120.19413, 37.2292 ] } },
{ "type": "Feature", "properties": { "facility_id": 159772, "scenario": 25, "state": "California", "plant_type": "BiCRS 2050 gasification H2", "cdr_tco2": 2740603.4, "cost_usd_per_tco2": 33.8408, "net_cost_usd": 92744264.0, "forestry_fraction": 0.0024, "feedstock_tonnes": 1813302.1, "x_albers": -2052082.7, "y_albers": 1781645.9, "x_lcc": -1650649.3, "y_lcc": -412684.1 }, "geometry": { "type": "Point", "coordinates": [ -119.44856, 36.78965 ] } },
{ "type": "Feature", "properties": { "facility_id": 180268, "scenario": 25, "state": "California", "plant_type": "BiCRS 2050 gasification H2", "cdr_tco2": 2617995.0, "cost_usd_per_tco2": 30.0816, "net_cost_usd": 78753450.0, "forestry_fraction": 0.0011, "feedstock_tonnes": 1813302.1, "x_albers": -2050862.1, "y_albers": 1600280.1, "x_lcc": -1646304.7, "y_lcc": -585554.1 }, "geometry": { "type": "Point", "coordinates": [ -118.94465, 35.22066 ] } },
{ "type": "Feature", "properties": { "facility_id": 219807, "scenario": 25, "state": "California", "plant_type": "BiCRS 2050 FP asphalt char CO2", "cdr_tco2": 2022284.2, "cost_usd_per_tco2": 4.0836, "net_cost_usd": 8258220.0, "forestry_fraction": 0.0003, "feedstock_tonnes": 1631971.9, "x_albers": -1768341.6, "y_albers": 1255606.0, "x_lcc": -1364898.6, "y_lcc": -912295.9 }, "geometry": { "type": "Point", "coordinates": [ -115.11365, 32.76591 ] } },
{ "type": "Feature", "properties": { "facility_id": 137872, "scenario": 25, "state": "Colorado", "plant_type": "BiCRS 2050 gasification H2", "cdr_tco2": 2467670.4, "cost_usd_per_tco2": 51.6099, "net_cost_usd": 127356184.0, "forestry_fraction": 0.0045, "feedstock_tonnes": 1813302.1, "x_albers": -522357.8, "y_albers": 1992138.9, "x_lcc": -180879.9, "y_lcc": -179215.2 }, "geometry": { "type": "Point", "coordinates": [ -102.24557, 40.78548 ] } },
{ "type": "Feature", "properties": { "facility_id": 145183, "scenario": 25, "state": "Colorado", "plant_type": "BiCRS 2050 gasification H2", "cdr_tco2": 2530756.8, "cost_usd_per_tco2": 38.113, "net_cost_usd": 96454660.0, "forestry_fraction": 0.1767, "feedstock_tonnes": 1813302.1, "x_albers": -751820.5, "y_albers": 1926071.4, "x_lcc": -399323.6, "y_lcc": -249536.2 }, "geometry": { "type": "Point", "coordinates": [ -104.90166, 40.03442 ] } },
{ "type": "Feature", "properties": { "facility_id": 165680, "scenario": 25, "state": "Colorado", "plant_type": "BiCRS 2050 gasification H2", "cdr_tco2": 2463282.0, "cost_usd_per_tco2": 49.8568, "net_cost_usd": 122811420.0, "forestry_fraction": 0.0532, "feedstock_tonnes": 1813302.1, "x_albers": -725882.9, "y_albers": 1744367.9, "x_lcc": -367947.0, "y_lcc": -420666.2 }, "geometry": { "type": "Point", "coordinates": [ -104.40642, 38.44089 ] } },
{ "type": "Feature", "properties": { "facility_id": 98315, "scenario": 25, "state": "Idaho", "plant_type": "BiCRS 2050 gasification H2", "cdr_tco2": 2431943.2, "cost_usd_per_tco2": 41.6587, "net_cost_usd": 101311583.0, "forestry_fraction": 0.0832, "feedstock_tonnes": 1813302.1, "x_albers": -1264013.2, "y_albers": 2336437.4, "x_lcc": -903703.5, "y_lcc": 125080.4 }, "geometry": { "type": "Point", "coordinates": [ -111.67752, 43.08269 ] } },
{ "type": "Feature", "properties": { "facility_id": 70513, "scenario": 25, "state": "Montana", "plant_type": "BiCRS 2050 gasification H2", "cdr_tco2": 2358942.9, "cost_usd_per_tco2": 39.0352, "net_cost_usd": 92081795.0, "forestry_fraction": 0.044, "feedstock_tonnes": 1813302.1, "x_albers": -907580.5, "y_albers": 2583116.3, "x_lcc": -569782.3, "y_lcc": 368886.0 }, "geometry": { "type": "Point", "coordinates": [ -107.68221, 45.73343 ] } },
{ "type": "Feature", "properties": { "facility_id": 222764, "scenario": 25, "state": "New Mexico", "plant_type": "BiCRS 2050 FP asphalt char CO2", "cdr_tco2": 2057476.4, "cost_usd_per_tco2": 43.8753, "net_cost_usd": 90272436.0, "forestry_fraction": 0.9011, "feedstock_tonnes": 1631971.9, "x_albers": -1030131.1, "y_albers": 1236824.0, "x_lcc": -645722.7, "y_lcc": -913340.7 }, "geometry": { "type": "Point", "coordinates": [ -107.21041, 33.65112 ] } },
{ "type": "Feature", "properties": { "facility_id": 55825, "scenario": 25, "state": "Oregon", "plant_type": "BiCRS 2050 gasification H2", "cdr_tco2": 2604071.8, "cost_usd_per_tco2": 42.1968, "net_cost_usd": 109883554.0, "forestry_fraction": 0.3136, "feedstock_tonnes": 1813302.1, "x_albers": -2136210.0, "y_albers": 2699153.0, "x_lcc": -1744405.1, "y_lcc": 457235.0 }, "geometry": { "type": "Point", "coordinates": [ -123.30294, 44.50098 ] } },
{ "type": "Feature", "properties": { "facility_id": 13377, "scenario": 25, "state": "Washington", "plant_type": "BiCRS 2050 gasification H2", "cdr_tco2": 2448314.9, "cost_usd_per_tco2": 44.0917, "net_cost_usd": 107950331.0, "forestry_fraction": 0.1459, "feedstock_tonnes": 1813302.1, "x_albers": -1936895.6, "y_albers": 3070637.2, "x_lcc": -1557128.3, "y_lcc": 814748.6 }, "geometry": { "type": "Point", "coordinates": [ -122.15769, 48.21969 ] } },
{ "type": "Feature", "properties": { "facility_id": 28013, "scenario": 25, "state": "Washington", "plant_type": "BiCRS 2050 gasification H2", "cdr_tco2": 2619347.6, "cost_usd_per_tco2": 46.3123, "net_cost_usd": 121308053.0, "forestry_fraction": 0.4749, "feedstock_tonnes": 1813302.1, "x_albers": -2037168.0, "y_albers": 2943162.3, "x_lcc": -1651772.3, "y_lcc": 691005.1 }, "geometry": { "type": "Point", "coordinates": [ -122.96548, 46.85992 ] } },
{ "type": "Feature", "properties": { "facility_id": 211027, "scenario": 50, "state": "Arizona", "plant_type": "BiCRS 2050 FP asphalt char CO2", "cdr_tco2": 2099247.1, "cost_usd_per_tco2": 35.3738, "net_cost_usd": 74258377.0, "forestry_fraction": 0.0977, "feedstock_tonnes": 1800664.9, "x_albers": -1667018.8, "y_albers": 1334074.5, "x_lcc": -1267997.1, "y_lcc": -835036.9 }, "geometry": { "type": "Point", "coordinates": [ -114.20614, 33.63239 ] } },
{ "type": "Feature", "properties": { "facility_id": 224210, "scenario": 50, "state": "Arizona", "plant_type": "BiCRS 2050 FP asphalt char CO2", "cdr_tco2": 2249341.5, "cost_usd_per_tco2": 53.9936, "net_cost_usd": 121449985.0, "forestry_fraction": 0.7794, "feedstock_tonnes": 1813301.5, "x_albers": -1488169.2, "y_albers": 1220017.8, "x_lcc": -1091127.2, "y_lcc": -941118.9 }, "geometry": { "type": "Point", "coordinates": [ -112.08381, 32.91478 ] } },
{ "type": "Feature", "properties": { "facility_id": 108526, "scenario": 50, "state": "California", "plant_type": "BiCRS 2050 gasification H2", "cdr_tco2": 2779554.5, "cost_usd_per_tco2": 65.6353, "net_cost_usd": 182436876.0, "forestry_fraction": 0.9087, "feedstock_tonnes": 1813302.1, "x_albers": -2208453.3, "y_albers": 2233076.3, "x_lcc": -1808435.1, "y_lcc": 14694.7 }, "geometry": { "type": "Point", "coordinates": [ -122.55768, 40.31678 ] } },
{ "type": "Feature", "properties": { "facility_id": 124630, "scenario": 50, "state": "California", "plant_type": "BiCRS 2050 gasification H2", "cdr_tco2": 2783098.0, "cost_usd_per_tco2": 68.5941, "net_cost_usd": 190904076.0, "forestry_fraction": 0.8325, "feedstock_tonnes": 1813302.1, "x_albers": -2207360.2, "y_albers": 2090417.1, "x_lcc": -1805453.0, "y_lcc": -120518.8 }, "geometry": { "type": "Point", "coordinates": [ -122.0862, 39.09489 ] } },
{ "type": "Feature", "properties": { "facility_id": 131954, "scenario": 50, "state": "California", "plant_type": "BiCRS 2050 gasification H2", "cdr_tco2": 2795688.0, "cost_usd_per_tco2": 69.1506, "net_cost_usd": 193323485.0, "forestry_fraction": 0.9285, "feedstock_tonnes": 1813302.1, "x_albers": -2104776.9, "y_albers": 2027314.5, "x_lcc": -1705611.2, "y_lcc": -179778.7 }, "geometry": { "type": "Point", "coordinates": [ -120.7398, 38.79373 ] } },
{ "type": "Feature", "properties": { "facility_id": 136342, "scenario": 50, "state": "California", "plant_type": "BiCRS 2050 gasification H2", "cdr_tco2": 2803058.5, "cost_usd_per_tco2": 61.0992, "net_cost_usd": 171264579.0, "forestry_fraction": 0.7369, "feedstock_tonnes": 1813302.1, "x_albers": -2206601.0, "y_albers": 1986619.2, "x_lcc": -1803242.5, "y_lcc": -218986.5 }, "geometry": { "type": "Point", "coordinates": [ -121.75341, 38.20488 ] } },
{ "type": "Feature", "properties": { "facility_id": 142201, "scenario": 50, "state": "California", "plant_type": "BiCRS 2050 gasification H2", "cdr_tco2": 2810434.6, "cost_usd_per_tco2": 68.313, "net_cost_usd": 191989219.0, "forestry_fraction": 1.0, "feedstock_tonnes": 1813302.1, "x_albers": -2129669.8, "y_albers": 1936046.2, "x_lcc": -1728201.4, "y_lcc": -266547.0 }, "geometry": { "type": "Point", "coordinates": [ -120.74626, 37.94973 ] } },
{ "type": "Feature", "properties": { "facility_id": 152450, "scenario": 50, "state": "California", "plant_type": "BiCRS 2050 gasification H2", "cdr_tco2": 2805470.2, "cost_usd_per_tco2": 70.3621, "net_cost_usd": 197398840.0, "forestry_fraction": 0.9964, "feedstock_tonnes": 1813302.1, "x_albers": -2103533.2, "y_albers": 1845659.9, "x_lcc": -1701492.9, "y_lcc": -352228.8 }, "geometry": { "type": "Point", "coordinates": [ -120.19413, 37.2292 ] } },
{ "type": "Feature", "properties": { "facility_id": 158301, "scenario": 50, "state": "California", "plant_type": "BiCRS 2050 gasification H2", "cdr_tco2": 2719547.6, "cost_usd_per_tco2": 46.3014, "net_cost_usd": 125918748.0, "forestry_fraction": 0.0504, "feedstock_tonnes": 1813302.1, "x_albers": -2230712.9, "y_albers": 1791633.5, "x_lcc": -1823687.8, "y_lcc": -404475.0 }, "geometry": { "type": "Point", "coordinates": [ -121.42719, 36.47032 ] } },
{ "type": "Feature", "properties": { "facility_id": 159772, "scenario": 50, "state": "California", "plant_type": "BiCRS 2050 gasification H2", "cdr_tco2": 2779692.2, "cost_usd_per_tco2": 47.52, "net_cost_usd": 132091052.0, "forestry_fraction": 0.4604, "feedstock_tonnes": 1813302.1, "x_albers": -2052082.7, "y_albers": 1781645.9, "x_lcc": -1650649.3, "y_lcc": -412684.1 }, "geometry": { "type": "Point", "coordinates": [ -119.44856, 36.78965 ] } },
{ "type": "Feature", "properties": { "facility_id": 170019, "scenario": 50, "state": "California", "plant_type": "BiCRS 2050 gasification H2", "cdr_tco2": 2787005.1, "cost_usd_per_tco2": 69.2692, "net_cost_usd": 193053597.0, "forestry_fraction": 0.7957, "feedstock_tonnes": 1813302.2, "x_albers": -2076974.3, "y_albers": 1690511.6, "x_lcc": -1673185.5, "y_lcc": -499695.6 }, "geometry": { "type": "Point", "coordinates": [ -119.46957, 35.94638 ] } },
{ "type": "Feature", "properties": { "facility_id": 180268, "scenario": 50, "state": "California", "plant_type": "BiCRS 2050 gasification H2", "cdr_tco2": 2767182.6, "cost_usd_per_tco2": 45.8479, "net_cost_usd": 126869647.0, "forestry_fraction": 0.207, "feedstock_tonnes": 1813302.1, "x_albers": -2050862.1, "y_albers": 1600280.1, "x_lcc": -1646304.7, "y_lcc": -585554.1 }, "geometry": { "type": "Point", "coordinates": [ -118.94465, 35.22066 ] } },
{ "type": "Feature", "properties": { "facility_id": 191988, "scenario": 50, "state": "California", "plant_type": "BiCRS 2050 gasification H2", "cdr_tco2": 2756306.7, "cost_usd_per_tco2": 80.4303, "net_cost_usd": 221690674.0, "forestry_fraction": 0.4951, "feedstock_tonnes": 1813302.1, "x_albers": -1846327.0, "y_albers": 1499732.8, "x_lcc": -1445876.3, "y_lcc": -679194.3 }, "geometry": { "type": "Point", "coordinates": [ -116.49237, 34.75947 ] } },
{ "type": "Feature", "properties": { "facility_id": 133471, "scenario": 50, "state": "Colorado", "plant_type": "BiCRS 2050 gasification H2", "cdr_tco2": 2537843.6, "cost_usd_per_tco2": 72.7397, "net_cost_usd": 184601902.0, "forestry_fraction": 0.1707, "feedstock_tonnes": 1813302.1, "x_albers": -752093.2, "y_albers": 2029882.6, "x_lcc": -403168.1, "y_lcc": -151349.9 }, "geometry": { "type": "Point", "coordinates": [ -105.02121, 40.95685 ] } },
{ "type": "Feature", "properties": { "facility_id": 145183, "scenario": 50, "state": "Colorado", "plant_type": "BiCRS 2050 gasification H2", "cdr_tco2": 2525227.3, "cost_usd_per_tco2": 40.5609, "net_cost_usd": 102425431.0, "forestry_fraction": 0.1701, "feedstock_tonnes": 1813302.1, "x_albers": -751820.5, "y_albers": 1926071.4, "x_lcc": -399323.6, "y_lcc": -249536.2 }, "geometry": { "type": "Point", "coordinates": [ -104.90166, 40.03442 ] } },
{ "type": "Feature", "properties": { "facility_id": 165680, "scenario": 50, "state": "Colorado", "plant_type": "BiCRS 2050 gasification H2", "cdr_tco2": 2490566.3, "cost_usd_per_tco2": 53.6212, "net_cost_usd": 133547115.0, "forestry_fraction": 0.1095, "feedstock_tonnes": 1813302.1, "x_albers": -725882.9, "y_albers": 1744367.9, "x_lcc": -367947.0, "y_lcc": -420666.2 }, "geometry": { "type": "Point", "coordinates": [ -104.40642, 38.44089 ] } },
{ "type": "Feature", "properties": { "facility_id": 98315, "scenario": 50, "state": "Idaho", "plant_type": "BiCRS 2050 gasification H2", "cdr_tco2": 2492062.4, "cost_usd_per_tco2": 51.8869, "net_cost_usd": 129305355.0, "forestry_fraction": 0.3271, "feedstock_tonnes": 1813302.1, "x_albers": -1264013.2, "y_albers": 2336437.4, "x_lcc": -903703.5, "y_lcc": 125080.4 }, "geometry": { "type": "Point", "coordinates": [ -111.67752, 43.08269 ] } },
{ "type": "Feature", "properties": { "facility_id": 55884, "scenario": 50, "state": "Montana", "plant_type": "BiCRS 2050 gasification H2", "cdr_tco2": 2380828.6, "cost_usd_per_tco2": 51.1342, "net_cost_usd": 121741758.0, "forestry_fraction": 0.0055, "feedstock_tonnes": 1813302.1, "x_albers": -626765.8, "y_albers": 2711548.1, "x_lcc": -306572.7, "y_lcc": 500859.8 }, "geometry": { "type": "Point", "coordinates": [ -104.23213, 47.1509 ] } },
{ "type": "Feature", "properties": { "facility_id": 70513, "scenario": 50, "state": "Montana", "plant_type": "BiCRS 2050 gasification H2", "cdr_tco2": 2396092.9, "cost_usd_per_tco2": 43.9179, "net_cost_usd": 105231413.0, "forestry_fraction": 0.1604, "feedstock_tonnes": 1813302.1, "x_albers": -907580.5, "y_albers": 2583116.3, "x_lcc": -569782.3, "y_lcc": 368886.0 }, "geometry": { "type": "Point", "coordinates": [ -107.68221, 45.73343 ] } },
{ "type": "Feature", "properties": { "facility_id": 202283, "scenario": 50, "state": "New Mexico", "plant_type": "BiCRS 2050 gasification H2", "cdr_tco2": 2467370.8, "cost_usd_per_tco2": 73.9347, "net_cost_usd": 182424304.0, "forestry_fraction": 0.0184, "feedstock_tonnes": 1813302.1, "x_albers": -648742.2, "y_albers": 1420231.4, "x_lcc": -281574.0, "y_lcc": -725844.4 }, "geometry": { "type": "Point", "coordinates": [ -103.23177, 35.61415 ] } },
{ "type": "Feature", "properties": { "facility_id": 206672, "scenario": 50, "state": "New Mexico", "plant_type": "BiCRS 2050 gasification H2", "cdr_tco2": 2469556.2, "cost_usd_per_tco2": 81.7789, "net_cost_usd": 201957535.0, "forestry_fraction": 0.0929, "feedstock_tonnes": 1813302.1, "x_albers": -725055.2, "y_albers": 1380968.0, "x_lcc": -354178.0, "y_lcc": -765894.1 }, "geometry": { "type": "Point", "coordinates": [ -104.04165, 35.20976 ] } },
{ "type": "Feature", "properties": { "facility_id": 216918, "scenario": 50, "state": "New Mexico", "plant_type": "BiCRS 2050 gasification H2", "cdr_tco2": 2522468.3, "cost_usd_per_tco2": 77.1782, "net_cost_usd": 194679560.0, "forestry_fraction": 0.0986, "feedstock_tonnes": 1813302.1, "x_albers": -775750.7, "y_albers": 1290109.4, "x_lcc": -400172.3, "y_lcc": -854383.8 }, "geometry": { "type": "Point", "coordinates": [ -104.51098, 34.36117 ] } },
{ "type": "Feature", "properties": { "facility_id": 222764, "scenario": 50, "state": "New Mexico", "plant_type": "BiCRS 2050 FP asphalt char CO2", "cdr_tco2": 2255898.5, "cost_usd_per_tco2": 47.2774, "net_cost_usd": 106653082.0, "forestry_fraction": 0.842, "feedstock_tonnes": 1813302.2, "x_albers": -1030131.1, "y_albers": 1236824.0, "x_lcc": -645722.7, "y_lcc": -913340.7 }, "geometry": { "type": "Point", "coordinates": [ -107.21041, 33.65112 ] } },
{ "type": "Feature", "properties": { "facility_id": 235949, "scenario": 50, "state": "New Mexico", "plant_type": "BiCRS 2050 gasification H2", "cdr_tco2": 2636154.4, "cost_usd_per_tco2": 82.3721, "net_cost_usd": 217145576.0, "forestry_fraction": 0.4956, "feedstock_tonnes": 1813302.1, "x_albers": -800727.0, "y_albers": 1122252.9, "x_lcc": -418564.2, "y_lcc": -1016270.9 }, "geometry": { "type": "Point", "coordinates": [ -104.61698, 32.84435 ] } },
{ "type": "Feature", "properties": { "facility_id": 47045, "scenario": 50, "state": "Oregon", "plant_type": "BiCRS 2050 gasification H2", "cdr_tco2": 2575326.8, "cost_usd_per_tco2": 57.4354, "net_cost_usd": 147914836.0, "forestry_fraction": 0.502, "feedstock_tonnes": 1813301.9, "x_albers": -2034865.7, "y_albers": 2777440.3, "x_lcc": -1648330.1, "y_lcc": 532580.4 }, "geometry": { "type": "Point", "coordinates": [ -122.34424, 45.43028 ] } },
{ "type": "Feature", "properties": { "facility_id": 55825, "scenario": 50, "state": "Oregon", "plant_type": "BiCRS 2050 gasification H2", "cdr_tco2": 2692557.4, "cost_usd_per_tco2": 76.9663, "net_cost_usd": 207236156.0, "forestry_fraction": 0.8716, "feedstock_tonnes": 1813302.1, "x_albers": -2136210.0, "y_albers": 2699153.0, "x_lcc": -1744405.1, "y_lcc": 457235.0 }, "geometry": { "type": "Point", "coordinates": [ -123.30294, 44.50098 ] } },
{ "type": "Feature", "properties": { "facility_id": 13377, "scenario": 50, "state": "Washington", "plant_type": "BiCRS 2050 gasification H2", "cdr_tco2": 2537473.9, "cost_usd_per_tco2": 52.0292, "net_cost_usd": 132022622.0, "forestry_fraction": 0.3685, "feedstock_tonnes": 1813302.1, "x_albers": -1936895.6, "y_albers": 3070637.2, "x_lcc": -1557128.3, "y_lcc": 814748.6 }, "geometry": { "type": "Point", "coordinates": [ -122.15769, 48.21969 ] } },
{ "type": "Feature", "properties": { "facility_id": 28013, "scenario": 50, "state": "Washington", "plant_type": "BiCRS 2050 gasification H2", "cdr_tco2": 2572910.9, "cost_usd_per_tco2": 52.0833, "net_cost_usd": 134005604.0, "forestry_fraction": 0.5807, "feedstock_tonnes": 1813302.3, "x_albers": -2037168.0, "y_albers": 2943162.3, "x_lcc": -1651772.3, "y_lcc": 691005.1 }, "geometry": { "type": "Point", "coordinates": [ -122.96548, 46.85992 ] } },
{ "type": "Feature", "properties": { "facility_id": 32414, "scenario": 50, "state": "Washington", "plant_type": "BiCRS 2050 gasification H2", "cdr_tco2": 2407361.9, "cost_usd_per_tco2": 51.9418, "net_cost_usd": 125042756.0, "forestry_fraction": 0.0622, "feedstock_tonnes": 1813301.7, "x_albers": -1806345.1, "y_albers": 2907350.2, "x_lcc": -1431846.6, "y_lcc": 659510.0 }, "geometry": { "type": "Point", "coordinates": [ -119.92899, 47.09974 ] } },
{ "type": "Feature", "properties": { "facility_id": 117348, "scenario": 50, "state": "Wyoming", "plant_type": "BiCRS 2050 gasification H2", "cdr_tco2": 2732097.4, "cost_usd_per_tco2": 71.3747, "net_cost_usd": 195002611.0, "forestry_fraction": 0.7715, "feedstock_tonnes": 1813302.2, "x_albers": -1237594.0, "y_albers": 2168617.5, "x_lcc": -873980.2, "y_lcc": -33314.7 }, "geometry": { "type": "Point", "coordinates": [ -111.02907, 41.63928 ] } },
{ "type": "Feature", "properties": { "facility_id": 211027, "scenario": 75, "state": "Arizona", "plant_type": "BiCRS 2050 FP asphalt char CO2", "cdr_tco2": 2232429.4, "cost_usd_per_tco2": 55.72, "net_cost_usd": 124391017.0, "forestry_fraction": 0.4735, "feedstock_tonnes": 1813302.1, "x_albers": -1667018.8, "y_albers": 1334074.5, "x_lcc": -1267997.1, "y_lcc": -835036.9 }, "geometry": { "type": "Point", "coordinates": [ -114.20614, 33.63239 ] } },
{ "type": "Feature", "properties": { "facility_id": 222742, "scenario": 75, "state": "Arizona", "plant_type": "BiCRS 2050 FP asphalt char CO2", "cdr_tco2": 2218172.9, "cost_usd_per_tco2": 21.9267, "net_cost_usd": 48637261.0, "forestry_fraction": 0.0408, "feedstock_tonnes": 1813302.1, "x_albers": -1590035.9, "y_albers": 1231848.7, "x_lcc": -1190650.0, "y_lcc": -931859.4 }, "geometry": { "type": "Point", "coordinates": [ -113.18456, 32.86021 ] } },
{ "type": "Feature", "properties": { "facility_id": 224210, "scenario": 75, "state": "Arizona", "plant_type": "BiCRS 2050 FP asphalt char CO2", "cdr_tco2": 2291862.6, "cost_usd_per_tco2": 60.7626, "net_cost_usd": 139259551.0, "forestry_fraction": 0.9712, "feedstock_tonnes": 1813302.3, "x_albers": -1488169.2, "y_albers": 1220017.8, "x_lcc": -1091127.2, "y_lcc": -941118.9 }, "geometry": { "type": "Point", "coordinates": [ -112.08381, 32.91478 ] } },
{ "type": "Feature", "properties": { "facility_id": 92424, "scenario": 75, "state": "California", "plant_type": "BiCRS 2050 sawmill", "cdr_tco2": 2199840.9, "cost_usd_per_tco2": 74.0585, "net_cost_usd": 162916832.0, "forestry_fraction": 1.0, "feedstock_tonnes": 1813302.1, "x_albers": -2158538.1, "y_albers": 2376425.9, "x_lcc": -1762300.0, "y_lcc": 150758.6 }, "geometry": { "type": "Point", "coordinates": [ -122.45559, 41.67027 ] } },
{ "type": "Feature", "properties": { "facility_id": 101210, "scenario": 75, "state": "California", "plant_type": "BiCRS 2050 gasification H2", "cdr_tco2": 2775492.1, "cost_usd_per_tco2": 81.9732, "net_cost_usd": 227516100.0, "forestry_fraction": 0.9816, "feedstock_tonnes": 1813302.1, "x_albers": -2106795.9, "y_albers": 2299619.4, "x_lcc": -1711595.2, "y_lcc": 78263.5 }, "geometry": { "type": "Point", "coordinates": [ -121.60481, 41.1347 ] } },
{ "type": "Feature", "properties": { "facility_id": 104141, "scenario": 75, "state": "California", "plant_type": "BiCRS 2050 gasification H2", "cdr_tco2": 2763574.5, "cost_usd_per_tco2": 93.1077, "net_cost_usd": 257309951.0, "forestry_fraction": 0.9667, "feedstock_tonnes": 1813302.1, "x_albers": -2029960.5, "y_albers": 2274973.5, "x_lcc": -1637408.1, "y_lcc": 55435.1 }, "geometry": { "type": "Point", "coordinates": [ -120.6372, 41.10152 ] } },
{ "type": "Feature", "properties": { "facility_id": 108526, "scenario": 75, "state": "California", "plant_type": "BiCRS 2050 gasification H2", "cdr_tco2": 2787735.3, "cost_usd_per_tco2": 66.8827, "net_cost_usd": 186451386.0, "forestry_fraction": 0.9431, "feedstock_tonnes": 1813302.1, "x_albers": -2208453.3, "y_albers": 2233076.3, "x_lcc": -1808435.1, "y_lcc": 14694.7 }, "geometry": { "type": "Point", "coordinates": [ -122.55768, 40.31678 ] } },
{ "type": "Feature", "properties": { "facility_id": 124630, "scenario": 75, "state": "California", "plant_type": "BiCRS 2050 gasification H2", "cdr_tco2": 2787326.9, "cost_usd_per_tco2": 70.804, "net_cost_usd": 197354015.0, "forestry_fraction": 0.8808, "feedstock_tonnes": 1813302.1, "x_albers": -2207360.2, "y_albers": 2090417.1, "x_lcc": -1805453.0, "y_lcc": -120518.8 }, "geometry": { "type": "Point", "coordinates": [ -122.0862, 39.09489 ] } },
{ "type": "Feature", "properties": { "facility_id": 131954, "scenario": 75, "state": "California", "plant_type": "BiCRS 2050 gasification H2", "cdr_tco2": 2782016.5, "cost_usd_per_tco2": 68.3696, "net_cost_usd": 190205348.0, "forestry_fraction": 0.9179, "feedstock_tonnes": 1813302.1, "x_albers": -2104776.9, "y_albers": 2027314.5, "x_lcc": -1705611.2, "y_lcc": -179778.7 }, "geometry": { "type": "Point", "coordinates": [ -120.7398, 38.79373 ] } },
{ "type": "Feature", "properties": { "facility_id": 136342, "scenario": 75, "state": "California", "plant_type": "BiCRS 2050 gasification H2", "cdr_tco2": 2779978.3, "cost_usd_per_tco2": 60.3085, "net_cost_usd": 167656397.0, "forestry_fraction": 0.7352, "feedstock_tonnes": 1813302.1, "x_albers": -2206601.0, "y_albers": 1986619.2, "x_lcc": -1803242.5, "y_lcc": -218986.5 }, "geometry": { "type": "Point", "coordinates": [ -121.75341, 38.20488 ] } },
{ "type": "Feature", "properties": { "facility_id": 142201, "scenario": 75, "state": "California", "plant_type": "BiCRS 2050 gasification H2", "cdr_tco2": 2809891.4, "cost_usd_per_tco2": 68.5005, "net_cost_usd": 192478992.0, "forestry_fraction": 1.0, "feedstock_tonnes": 1813302.1, "x_albers": -2129669.8, "y_albers": 1936046.2, "x_lcc": -1728201.4, "y_lcc": -266547.0 }, "geometry": { "type": "Point", "coordinates": [ -120.74626, 37.94973 ] } },
{ "type": "Feature", "properties": { "facility_id": 152450, "scenario": 75, "state": "California", "plant_type": "BiCRS 2050 gasification H2", "cdr_tco2": 2805641.8, "cost_usd_per_tco2": 69.9368, "net_cost_usd": 196217707.0, "forestry_fraction": 0.9969, "feedstock_tonnes": 1813302.1, "x_albers": -2103533.2, "y_albers": 1845659.9, "x_lcc": -1701492.9, "y_lcc": -352228.8 }, "geometry": { "type": "Point", "coordinates": [ -120.19413, 37.2292 ] } },
{ "type": "Feature", "properties": { "facility_id": 158301, "scenario": 75, "state": "California", "plant_type": "BiCRS 2050 gasification H2", "cdr_tco2": 2686055.3, "cost_usd_per_tco2": 44.1497, "net_cost_usd": 118588489.0, "forestry_fraction": 0.0086, "feedstock_tonnes": 1813302.1, "x_albers": -2230712.9, "y_albers": 1791633.5, "x_lcc": -1823687.8, "y_lcc": -404475.0 }, "geometry": { "type": "Point", "coordinates": [ -121.42719, 36.47032 ] } },
{ "type": "Feature", "properties": { "facility_id": 159772, "scenario": 75, "state": "California", "plant_type": "BiCRS 2050 gasification H2", "cdr_tco2": 2785776.3, "cost_usd_per_tco2": 53.9716, "net_cost_usd": 150352817.0, "forestry_fraction": 0.5208, "feedstock_tonnes": 1813302.5, "x_albers": -2052082.7, "y_albers": 1781645.9, "x_lcc": -1650649.3, "y_lcc": -412684.1 }, "geometry": { "type": "Point", "coordinates": [ -119.44856, 36.78965 ] } },
{ "type": "Feature", "properties": { "facility_id": 170019, "scenario": 75, "state": "California", "plant_type": "BiCRS 2050 gasification H2", "cdr_tco2": 2781027.0, "cost_usd_per_tco2": 63.8255, "net_cost_usd": 177500311.0, "forestry_fraction": 0.7368, "feedstock_tonnes": 1813302.1, "x_albers": -2076974.3, "y_albers": 1690511.6, "x_lcc": -1673185.5, "y_lcc": -499695.6 }, "geometry": { "type": "Point", "coordinates": [ -119.46957, 35.94638 ] } },
{ "type": "Feature", "properties": { "facility_id": 180268, "scenario": 75, "state": "California", "plant_type": "BiCRS 2050 gasification H2", "cdr_tco2": 2763634.2, "cost_usd_per_tco2": 48.4896, "net_cost_usd": 134007472.0, "forestry_fraction": 0.2749, "feedstock_tonnes": 1813302.1, "x_albers": -2050862.1, "y_albers": 1600280.1, "x_lcc": -1646304.7, "y_lcc": -585554.1 }, "geometry": { "type": "Point", "coordinates": [ -118.94465, 35.22066 ] } },
{ "type": "Feature", "properties": { "facility_id": 191988, "scenario": 75, "state": "California", "plant_type": "BiCRS 2050 gasification H2", "cdr_tco2": 2549037.3, "cost_usd_per_tco2": 52.8746, "net_cost_usd": 134779394.0, "forestry_fraction": 0.0733, "feedstock_tonnes": 1813302.1, "x_albers": -1846327.0, "y_albers": 1499732.8, "x_lcc": -1445876.3, "y_lcc": -679194.3 }, "geometry": { "type": "Point", "coordinates": [ -116.49237, 34.75947 ] } },
{ "type": "Feature", "properties": { "facility_id": 219807, "scenario": 75, "state": "California", "plant_type": "BiCRS 2050 FP asphalt char CO2", "cdr_tco2": 2249979.1, "cost_usd_per_tco2": 11.3305, "net_cost_usd": 25493458.0, "forestry_fraction": 0.1295, "feedstock_tonnes": 1813302.1, "x_albers": -1768341.6, "y_albers": 1255606.0, "x_lcc": -1364898.6, "y_lcc": -912295.9 }, "geometry": { "type": "Point", "coordinates": [ -115.11365, 32.76591 ] } },
{ "type": "Feature", "properties": { "facility_id": 133471, "scenario": 75, "state": "Colorado", "plant_type": "BiCRS 2050 gasification H2", "cdr_tco2": 2499683.7, "cost_usd_per_tco2": 73.7875, "net_cost_usd": 184445451.0, "forestry_fraction": 0.0632, "feedstock_tonnes": 1813302.1, "x_albers": -752093.2, "y_albers": 2029882.6, "x_lcc": -403168.1, "y_lcc": -151349.9 }, "geometry": { "type": "Point", "coordinates": [ -105.02121, 40.95685 ] } },
{ "type": "Feature", "properties": { "facility_id": 145183, "scenario": 75, "state": "Colorado", "plant_type": "BiCRS 2050 gasification H2", "cdr_tco2": 2490635.5, "cost_usd_per_tco2": 44.7705, "net_cost_usd": 111507063.0, "forestry_fraction": 0.0573, "feedstock_tonnes": 1813302.1, "x_albers": -751820.5, "y_albers": 1926071.4, "x_lcc": -399323.6, "y_lcc": -249536.2 }, "geometry": { "type": "Point", "coordinates": [ -104.90166, 40.03442 ] } },
{ "type": "Feature", "properties": { "facility_id": 155427, "scenario": 75, "state": "Colorado", "plant_type": "BiCRS 2050 gasification H2", "cdr_tco2": 2476259.3, "cost_usd_per_tco2": 91.0003, "net_cost_usd": 225340265.0, "forestry_fraction": 0.3353, "feedstock_tonnes": 1813302.1, "x_albers": -853602.4, "y_albers": 1834497.9, "x_lcc": -494299.7, "y_lcc": -339353.3 }, "geometry": { "type": "Point", "coordinates": [ -105.98486, 39.13119 ] } },
{ "type": "Feature", "properties": { "facility_id": 165680, "scenario": 75, "state": "Colorado", "plant_type": "BiCRS 2050 gasification H2", "cdr_tco2": 2448022.5, "cost_usd_per_tco2": 70.7941, "net_cost_usd": 173305536.0, "forestry_fraction": 0.0153, "feedstock_tonnes": 1813302.1, "x_albers": -725882.9, "y_albers": 1744367.9, "x_lcc": -367947.0, "y_lcc": -420666.2 }, "geometry": { "type": "Point", "coordinates": [ -104.40642, 38.44089 ] } },
{ "type": "Feature", "properties": { "facility_id": 181784, "scenario": 75, "state": "Colorado", "plant_type": "BiCRS 2050 gasification H2", "cdr_tco2": 2463709.5, "cost_usd_per_tco2": 82.5297, "net_cost_usd": 203329275.0, "forestry_fraction": 0.1161, "feedstock_tonnes": 1813302.1, "x_albers": -725560.3, "y_albers": 1601474.1, "x_lcc": -362559.1, "y_lcc": -556128.9 }, "geometry": { "type": "Point", "coordinates": [ -104.25925, 37.17107 ] } },
{ "type": "Feature", "properties": { "facility_id": 98315, "scenario": 75, "state": "Idaho", "plant_type": "BiCRS 2050 gasification H2", "cdr_tco2": 2456262.4, "cost_usd_per_tco2": 56.1693, "net_cost_usd": 137966629.0, "forestry_fraction": 0.3864, "feedstock_tonnes": 1813302.1, "x_albers": -1264013.2, "y_albers": 2336437.4, "x_lcc": -903703.5, "y_lcc": 125080.4 }, "geometry": { "type": "Point", "coordinates": [ -111.67752, 43.08269 ] } },
{ "type": "Feature", "properties": { "facility_id": 30989, "scenario": 75, "state": "Montana", "plant_type": "BiCRS 2050 gasification H2", "cdr_tco2": 2413354.1, "cost_usd_per_tco2": 65.8858, "net_cost_usd": 159005784.0, "forestry_fraction": 0.0099, "feedstock_tonnes": 1813302.1, "x_albers": -807507.1, "y_albers": 2925261.8, "x_lcc": -484596.8, "y_lcc": 700802.2 }, "geometry": { "type": "Point", "coordinates": [ -106.90893, 48.91481 ] } },
{ "type": "Feature", "properties": { "facility_id": 64664, "scenario": 75, "state": "Montana", "plant_type": "BiCRS 2050 gasification H2", "cdr_tco2": 2434662.4, "cost_usd_per_tco2": 94.3226, "net_cost_usd": 229643705.0, "forestry_fraction": 0.002, "feedstock_tonnes": 1813302.1, "x_albers": -728773.2, "y_albers": 2634971.1, "x_lcc": -401060.1, "y_lcc": 424021.6 }, "geometry": { "type": "Point", "coordinates": [ -105.46379, 46.37674 ] } },
{ "type": "Feature", "properties": { "facility_id": 70513, "scenario": 75, "state": "Montana", "plant_type": "BiCRS 2050 gasification H2", "cdr_tco2": 2454450.9, "cost_usd_per_tco2": 74.8425, "net_cost_usd": 183697127.0, "forestry_fraction": 0.2693, "feedstock_tonnes": 1813302.1, "x_albers": -907580.5, "y_albers": 2583116.3, "x_lcc": -569782.3, "y_lcc": 368886.0 }, "geometry": { "type": "Point", "coordinates": [ -107.68221, 45.73343 ] } },
{ "type": "Feature", "properties": { "facility_id": 74889, "scenario": 75, "state": "Montana", "plant_type": "BiCRS 2050 sawmill", "cdr_tco2": 1854683.3, "cost_usd_per_tco2": 99.4319, "net_cost_usd": 184414624.0, "forestry_fraction": 1.0, "feedstock_tonnes": 1813302.0, "x_albers": -1316468.9, "y_albers": 2541837.7, "x_lcc": -958843.1, "y_lcc": 319040.9 }, "geometry": { "type": "Point", "coordinates": [ -112.76009, 44.81787 ] } },
{ "type": "Feature", "properties": { "facility_id": 98288, "scenario": 75, "state": "Nevada", "plant_type": "BiCRS 2050 sawmill", "cdr_tco2": 2173585.3, "cost_usd_per_tco2": 105.369, "net_cost_usd": 229028476.0, "forestry_fraction": 1.0, "feedstock_tonnes": 1813302.1, "x_albers": -1953729.0, "y_albers": 2327959.5, "x_lcc": -1565002.0, "y_lcc": 106264.1 }, "geometry": { "type": "Point", "coordinates": [ -119.90943, 41.73161 ] } },
{ "type": "Feature", "properties": { "facility_id": 183236, "scenario": 75, "state": "New Mexico", "plant_type": "BiCRS 2050 gasification H2", "cdr_tco2": 2585189.6, "cost_usd_per_tco2": 88.417, "net_cost_usd": 228574690.0, "forestry_fraction": 0.6256, "feedstock_tonnes": 1813302.1, "x_albers": -1031319.7, "y_albers": 1586377.2, "x_lcc": -657967.5, "y_lcc": -579745.8 }, "geometry": { "type": "Point", "coordinates": [ -107.68884, 36.75113 ] } },
{ "type": "Feature", "properties": { "facility_id": 202272, "scenario": 75, "state": "New Mexico", "plant_type": "BiCRS 2050 gasification H2", "cdr_tco2": 2687214.4, "cost_usd_per_tco2": 97.085, "net_cost_usd": 260888302.0, "forestry_fraction": 0.6406, "feedstock_tonnes": 1813302.1, "x_albers": -928892.4, "y_albers": 1418565.3, "x_lcc": -553269.1, "y_lcc": -736530.0 }, "geometry": { "type": "Point", "coordinates": [ -106.33181, 35.36836 ] } },
{ "type": "Feature", "properties": { "facility_id": 206672, "scenario": 75, "state": "New Mexico", "plant_type": "BiCRS 2050 gasification H2", "cdr_tco2": 2457526.5, "cost_usd_per_tco2": 83.8571, "net_cost_usd": 206081051.0, "forestry_fraction": 0.0614, "feedstock_tonnes": 1813302.1, "x_albers": -725055.2, "y_albers": 1380968.0, "x_lcc": -354178.0, "y_lcc": -765894.1 }, "geometry": { "type": "Point", "coordinates": [ -104.04165, 35.20976 ] } },
{ "type": "Feature", "properties": { "facility_id": 216918, "scenario": 75, "state": "New Mexico", "plant_type": "BiCRS 2050 gasification H2", "cdr_tco2": 2462812.7, "cost_usd_per_tco2": 85.2349, "net_cost_usd": 209917479.0, "forestry_fraction": 0.0202, "feedstock_tonnes": 1813302.1, "x_albers": -775750.7, "y_albers": 1290109.4, "x_lcc": -400172.3, "y_lcc": -854383.8 }, "geometry": { "type": "Point", "coordinates": [ -104.51098, 34.36117 ] } },
{ "type": "Feature", "properties": { "facility_id": 222764, "scenario": 75, "state": "New Mexico", "plant_type": "BiCRS 2050 FP asphalt char CO2", "cdr_tco2": 2300473.2, "cost_usd_per_tco2": 53.8208, "net_cost_usd": 123813406.0, "forestry_fraction": 0.9998, "feedstock_tonnes": 1813301.8, "x_albers": -1030131.1, "y_albers": 1236824.0, "x_lcc": -645722.7, "y_lcc": -913340.7 }, "geometry": { "type": "Point", "coordinates": [ -107.21041, 33.65112 ] } },
{ "type": "Feature", "properties": { "facility_id": 235949, "scenario": 75, "state": "New Mexico", "plant_type": "BiCRS 2050 gasification H2", "cdr_tco2": 2627515.9, "cost_usd_per_tco2": 83.4842, "net_cost_usd": 219355936.0, "forestry_fraction": 0.4956, "feedstock_tonnes": 1813302.1, "x_albers": -800727.0, "y_albers": 1122252.9, "x_lcc": -418564.2, "y_lcc": -1016270.9 }, "geometry": { "type": "Point", "coordinates": [ -104.61698, 32.84435 ] } },
{ "type": "Feature", "properties": { "facility_id": 47045, "scenario": 75, "state": "Oregon", "plant_type": "BiCRS 2050 gasification H2", "cdr_tco2": 2515704.4, "cost_usd_per_tco2": 52.9499, "net_cost_usd": 133206215.0, "forestry_fraction": 0.4382, "feedstock_tonnes": 1813302.1, "x_albers": -2034865.7, "y_albers": 2777440.3, "x_lcc": -1648330.1, "y_lcc": 532580.4 }, "geometry": { "type": "Point", "coordinates": [ -122.34424, 45.43028 ] } },
{ "type": "Feature", "properties": { "facility_id": 55825, "scenario": 75, "state": "Oregon", "plant_type": "BiCRS 2050 gasification H2", "cdr_tco2": 2596076.6, "cost_usd_per_tco2": 70.191, "net_cost_usd": 182221178.0, "forestry_fraction": 0.8193, "feedstock_tonnes": 1813301.8, "x_albers": -2136210.0, "y_albers": 2699153.0, "x_lcc": -1744405.1, "y_lcc": 457235.0 }, "geometry": { "type": "Point", "coordinates": [ -123.30294, 44.50098 ] } },
{ "type": "Feature", "properties": { "facility_id": 77788, "scenario": 75, "state": "Oregon", "plant_type": "BiCRS 2050 sawmill", "cdr_tco2": 2094337.1, "cost_usd_per_tco2": 84.0302, "net_cost_usd": 175987602.0, "forestry_fraction": 1.0, "feedstock_tonnes": 1813302.1, "x_albers": -2057489.2, "y_albers": 2507267.6, "x_lcc": -1667032.2, "y_lcc": 275440.9 }, "geometry": { "type": "Point", "coordinates": [ -121.70037, 43.04161 ] } },
{ "type": "Feature", "properties": { "facility_id": 80712, "scenario": 75, "state": "Oregon", "plant_type": "BiCRS 2050 sawmill", "cdr_tco2": 2169162.4, "cost_usd_per_tco2": 84.4992, "net_cost_usd": 183292552.0, "forestry_fraction": 1.0, "feedstock_tonnes": 1813302.1, "x_albers": -2159471.5, "y_albers": 2479833.0, "x_lcc": -1764431.7, "y_lcc": 248789.7 }, "geometry": { "type": "Point", "coordinates": [ -122.81478, 42.55643 ] } },
{ "type": "Feature", "properties": { "facility_id": 89500, "scenario": 75, "state": "Oregon", "plant_type": "BiCRS 2050 sawmill", "cdr_tco2": 2195346.7, "cost_usd_per_tco2": 95.1436, "net_cost_usd": 208873108.0, "forestry_fraction": 1.0, "feedstock_tonnes": 1813302.1, "x_albers": -2056558.4, "y_albers": 2403964.9, "x_lcc": -1664795.0, "y_lcc": 177475.1 }, "geometry": { "type": "Point", "coordinates": [ -121.35324, 42.15276 ] } },
{ "type": "Feature", "properties": { "facility_id": 140776, "scenario": 75, "state": "Utah", "plant_type": "BiCRS 2050 gasification H2", "cdr_tco2": 2676590.9, "cost_usd_per_tco2": 90.3654, "net_cost_usd": 241871253.0, "forestry_fraction": 0.6506, "feedstock_tonnes": 1813302.0, "x_albers": -1134615.1, "y_albers": 1962106.9, "x_lcc": -769145.8, "y_lcc": -226313.6 }, "geometry": { "type": "Point", "coordinates": [ -109.44397, 39.95306 ] } },
{ "type": "Feature", "properties": { "facility_id": 13377, "scenario": 75, "state": "Washington", "plant_type": "BiCRS 2050 gasification H2", "cdr_tco2": 2533163.7, "cost_usd_per_tco2": 57.3201, "net_cost_usd": 145201116.0, "forestry_fraction": 0.4916, "feedstock_tonnes": 1813302.1, "x_albers": -1936895.6, "y_albers": 3070637.2, "x_lcc": -1557128.3, "y_lcc": 814748.6 }, "geometry": { "type": "Point", "coordinates": [ -122.15769, 48.21969 ] } },
{ "type": "Feature", "properties": { "facility_id": 28013, "scenario": 75, "state": "Washington", "plant_type": "BiCRS 2050 gasification H2", "cdr_tco2": 2566164.7, "cost_usd_per_tco2": 55.2777, "net_cost_usd": 141851741.0, "forestry_fraction": 0.6127, "feedstock_tonnes": 1813302.1, "x_albers": -2037168.0, "y_albers": 2943162.3, "x_lcc": -1651772.3, "y_lcc": 691005.1 }, "geometry": { "type": "Point", "coordinates": [ -122.96548, 46.85992 ] } },
{ "type": "Feature", "properties": { "facility_id": 32414, "scenario": 75, "state": "Washington", "plant_type": "BiCRS 2050 gasification H2", "cdr_tco2": 2402742.1, "cost_usd_per_tco2": 53.7984, "net_cost_usd": 129263658.0, "forestry_fraction": 0.0836, "feedstock_tonnes": 1813302.1, "x_albers": -1806345.1, "y_albers": 2907350.2, "x_lcc": -1431846.6, "y_lcc": 659510.0 }, "geometry": { "type": "Point", "coordinates": [ -119.92899, 47.09974 ] } },
{ "type": "Feature", "properties": { "facility_id": 32422, "scenario": 75, "state": "Washington", "plant_type": "BiCRS 2050 sawmill", "cdr_tco2": 1861766.4, "cost_usd_per_tco2": 98.3836, "net_cost_usd": 183167354.0, "forestry_fraction": 1.0, "feedstock_tonnes": 1813302.0, "x_albers": -1601602.2, "y_albers": 2909021.5, "x_lcc": -1237210.6, "y_lcc": 664510.6 }, "geometry": { "type": "Point", "coordinates": [ -117.31707, 47.55125 ] } },
{ "type": "Feature", "properties": { "facility_id": 82228, "scenario": 75, "state": "Wyoming", "plant_type": "BiCRS 2050 gasification H2", "cdr_tco2": 2397511.7, "cost_usd_per_tco2": 49.8715, "net_cost_usd": 119567490.0, "forestry_fraction": 0.0692, "feedstock_tonnes": 1813302.1, "x_albers": -830328.7, "y_albers": 2481153.9, "x_lcc": -492998.1, "y_lcc": 274034.0 }, "geometry": { "type": "Point", "coordinates": [ -106.55137, 44.90377 ] } },
{ "type": "Feature", "properties": { "facility_id": 93940, "scenario": 75, "state": "Wyoming", "plant_type": "BiCRS 2050 gasification H2", "cdr_tco2": 2497695.4, "cost_usd_per_tco2": 94.2011, "net_cost_usd": 235285581.0, "forestry_fraction": 0.1464, "feedstock_tonnes": 1813302.0, "x_albers": -829871.9, "y_albers": 2378390.9, "x_lcc": -489319.5, "y_lcc": 176356.6 }, "geometry": { "type": "Point", "coordinates": [ -106.40323, 43.98747 ] } },
{ "type": "Feature", "properties": { "facility_id": 108581, "scenario": 75, "state": "Wyoming", "plant_type": "BiCRS 2050 gasification H2", "cdr_tco2": 2542454.5, "cost_usd_per_tco2": 90.5548, "net_cost_usd": 230231449.0, "forestry_fraction": 0.0664, "feedstock_tonnes": 1813302.1, "x_albers": -803830.6, "y_albers": 2249621.9, "x_lcc": -460223.3, "y_lcc": 55020.4 }, "geometry": { "type": "Point", "coordinates": [ -105.91149, 42.86541 ] } },
{ "type": "Feature", "properties": { "facility_id": 117348, "scenario": 75, "state": "Wyoming", "plant_type": "BiCRS 2050 gasification H2", "cdr_tco2": 2722070.4, "cost_usd_per_tco2": 82.5717, "net_cost_usd": 224766068.0, "forestry_fraction": 0.8837, "feedstock_tonnes": 1813302.3, "x_albers": -1237594.0, "y_albers": 2168617.5, "x_lcc": -873980.2, "y_lcc": -33314.7 }, "geometry": { "type": "Point", "coordinates": [ -111.02907, 41.63928 ] } },
{ "type": "Feature", "properties": { "facility_id": 127612, "scenario": 75, "state": "Wyoming", "plant_type": "BiCRS 2050 gasification H2", "cdr_tco2": 2506267.7, "cost_usd_per_tco2": 85.8735, "net_cost_usd": 215221978.0, "forestry_fraction": 0.3974, "feedstock_tonnes": 1813302.1, "x_albers": -828805.5, "y_albers": 2081258.5, "x_lcc": -478641.0, "y_lcc": -105138.5 }, "geometry": { "type": "Point", "coordinates": [ -105.99954, 41.34498 ] } },
{ "type": "Feature", "properties": { "facility_id": 211027, "scenario": 90, "state": "Arizona", "plant_type": "BiCRS 2050 FP asphalt char CO2", "cdr_tco2": 2276232.9, "cost_usd_per_tco2": 89.6264, "net_cost_usd": 204010555.0, "forestry_fraction": 0.9703, "feedstock_tonnes": 1813302.5, "x_albers": -1667018.8, "y_albers": 1334074.5, "x_lcc": -1267997.1, "y_lcc": -835036.9 }, "geometry": { "type": "Point", "coordinates": [ -114.20614, 33.63239 ] } },
{ "type": "Feature", "properties": { "facility_id": 212499, "scenario": 90, "state": "Arizona", "plant_type": "BiCRS 2050 gasification H2", "cdr_tco2": 2489047.1, "cost_usd_per_tco2": 100.013, "net_cost_usd": 248937165.0, "forestry_fraction": 0.1446, "feedstock_tonnes": 1813302.1, "x_albers": -1463272.6, "y_albers": 1323394.6, "x_lcc": -1069546.9, "y_lcc": -841250.6 }, "geometry": { "type": "Point", "coordinates": [ -112.0062, 33.86486 ] } },
{ "type": "Feature", "properties": { "facility_id": 222742, "scenario": 90, "state": "Arizona", "plant_type": "BiCRS 2050 FP asphalt char CO2", "cdr_tco2": 2261502.4, "cost_usd_per_tco2": 75.5302, "net_cost_usd": 170811790.0, "forestry_fraction": 0.7456, "feedstock_tonnes": 1813302.8, "x_albers": -1590035.9, "y_albers": 1231848.7, "x_lcc": -1190650.0, "y_lcc": -931859.4 }, "geometry": { "type": "Point", "coordinates": [ -113.18456, 32.86021 ] } },
{ "type": "Feature", "properties": { "facility_id": 224210, "scenario": 90, "state": "Arizona", "plant_type": "BiCRS 2050 FP asphalt char CO2", "cdr_tco2": 2245043.2, "cost_usd_per_tco2": 33.2652, "net_cost_usd": 74681818.0, "forestry_fraction": 0.2945, "feedstock_tonnes": 1813302.1, "x_albers": -1488169.2, "y_albers": 1220017.8, "x_lcc": -1091127.2, "y_lcc": -941118.9 }, "geometry": { "type": "Point", "coordinates": [ -112.08381, 32.91478 ] } },
{ "type": "Feature", "properties": { "facility_id": 227142, "scenario": 90, "state": "Arizona", "plant_type": "BiCRS 2050 FP asphalt char CO2", "cdr_tco2": 2294967.6, "cost_usd_per_tco2": 65.9837, "net_cost_usd": 151430454.0, "forestry_fraction": 0.979, "feedstock_tonnes": 1813302.5, "x_albers": -1386242.6, "y_albers": 1195246.2, "x_lcc": -991188.3, "y_lcc": -962660.5 }, "geometry": { "type": "Point", "coordinates": [ -110.95922, 32.84427 ] } },
{ "type": "Feature", "properties": { "facility_id": 92424, "scenario": 90, "state": "California", "plant_type": "BiCRS 2050 Electricty", "cdr_tco2": 2790357.4, "cost_usd_per_tco2": 154.0253, "net_cost_usd": 429785510.0, "forestry_fraction": 0.9993, "feedstock_tonnes": 1813302.1, "x_albers": -2158538.1, "y_albers": 2376425.9, "x_lcc": -1762300.0, "y_lcc": 150758.6 }, "geometry": { "type": "Point", "coordinates": [ -122.45559, 41.67027 ] } },
{ "type": "Feature", "properties": { "facility_id": 101210, "scenario": 90, "state": "California", "plant_type": "BiCRS 2050 gasification H2", "cdr_tco2": 2792767.9, "cost_usd_per_tco2": 83.2736, "net_cost_usd": 232563877.0, "forestry_fraction": 0.9987, "feedstock_tonnes": 1813302.1, "x_albers": -2106795.9, "y_albers": 2299619.4, "x_lcc": -1711595.2, "y_lcc": 78263.5 }, "geometry": { "type": "Point", "coordinates": [ -121.60481, 41.1347 ] } },
{ "type": "Feature", "properties": { "facility_id": 104141, "scenario": 90, "state": "California", "plant_type": "BiCRS 2050 gasification H2", "cdr_tco2": 2773581.9, "cost_usd_per_tco2": 96.7679, "net_cost_usd": 268393826.0, "forestry_fraction": 1.0, "feedstock_tonnes": 1813302.1, "x_albers": -2029960.5, "y_albers": 2274973.5, "x_lcc": -1637408.1, "y_lcc": 55435.1 }, "geometry": { "type": "Point", "coordinates": [ -120.6372, 41.10152 ] } },
{ "type": "Feature", "properties": { "facility_id": 108526, "scenario": 90, "state": "California", "plant_type": "BiCRS 2050 gasification H2", "cdr_tco2": 2791227.7, "cost_usd_per_tco2": 68.5515, "net_cost_usd": 191342784.0, "forestry_fraction": 0.9873, "feedstock_tonnes": 1813302.1, "x_albers": -2208453.3, "y_albers": 2233076.3, "x_lcc": -1808435.1, "y_lcc": 14694.7 }, "geometry": { "type": "Point", "coordinates": [ -122.55768, 40.31678 ] } },
{ "type": "Feature", "properties": { "facility_id": 114389, "scenario": 90, "state": "California", "plant_type": "BiCRS 2050 gasification H2", "cdr_tco2": 2765630.0, "cost_usd_per_tco2": 98.5113, "net_cost_usd": 272445708.0, "forestry_fraction": 0.9905, "feedstock_tonnes": 1813301.6, "x_albers": -2029283.9, "y_albers": 2184259.0, "x_lcc": -1635358.5, "y_lcc": -30495.5 }, "geometry": { "type": "Point", "coordinates": [ -120.3534, 40.31985 ] } },
{ "type": "Feature", "properties": { "facility_id": 124630, "scenario": 90, "state": "California", "plant_type": "BiCRS 2050 gasification H2", "cdr_tco2": 2791966.1, "cost_usd_per_tco2": 78.1192, "net_cost_usd": 218106154.0, "forestry_fraction": 0.9995, "feedstock_tonnes": 1813302.1, "x_albers": -2207360.2, "y_albers": 2090417.1, "x_lcc": -1805453.0, "y_lcc": -120518.8 }, "geometry": { "type": "Point", "coordinates": [ -122.0862, 39.09489 ] } },
{ "type": "Feature", "properties": { "facility_id": 131954, "scenario": 90, "state": "California", "plant_type": "BiCRS 2050 gasification H2", "cdr_tco2": 2799195.6, "cost_usd_per_tco2": 72.656, "net_cost_usd": 203378384.0, "forestry_fraction": 0.9553, "feedstock_tonnes": 1813302.5, "x_albers": -2104776.9, "y_albers": 2027314.5, "x_lcc": -1705611.2, "y_lcc": -179778.7 }, "geometry": { "type": "Point", "coordinates": [ -120.7398, 38.79373 ] } },
{ "type": "Feature", "properties": { "facility_id": 136342, "scenario": 90, "state": "California", "plant_type": "BiCRS 2050 gasification H2", "cdr_tco2": 2790218.6, "cost_usd_per_tco2": 68.8122, "net_cost_usd": 192001031.0, "forestry_fraction": 0.6561, "feedstock_tonnes": 1813301.6, "x_albers": -2206601.0, "y_albers": 1986619.2, "x_lcc": -1803242.5, "y_lcc": -218986.5 }, "geometry": { "type": "Point", "coordinates": [ -121.75341, 38.20488 ] } },
{ "type": "Feature", "properties": { "facility_id": 142201, "scenario": 90, "state": "California", "plant_type": "BiCRS 2050 gasification H2", "cdr_tco2": 2807761.1, "cost_usd_per_tco2": 69.0498, "net_cost_usd": 193875288.0, "forestry_fraction": 1.0, "feedstock_tonnes": 1813302.1, "x_albers": -2129669.8, "y_albers": 1936046.2, "x_lcc": -1728201.4, "y_lcc": -266547.0 }, "geometry": { "type": "Point", "coordinates": [ -120.74626, 37.94973 ] } },
{ "type": "Feature", "properties": { "facility_id": 152450, "scenario": 90, "state": "California", "plant_type": "BiCRS 2050 gasification H2", "cdr_tco2": 2815200.5, "cost_usd_per_tco2": 72.8666, "net_cost_usd": 205134075.0, "forestry_fraction": 1.0, "feedstock_tonnes": 1813302.2, "x_albers": -2103533.2, "y_albers": 1845659.9, "x_lcc": -1701492.9, "y_lcc": -352228.8 }, "geometry": { "type": "Point", "coordinates": [ -120.19413, 37.2292 ] } },
{ "type": "Feature", "properties": { "facility_id": 158301, "scenario": 90, "state": "California", "plant_type": "BiCRS 2050 gasification H2", "cdr_tco2": 2702260.9, "cost_usd_per_tco2": 48.7564, "net_cost_usd": 131752633.0, "forestry_fraction": 0.109, "feedstock_tonnes": 1813302.1, "x_albers": -2230712.9, "y_albers": 1791633.5, "x_lcc": -1823687.8, "y_lcc": -404475.0 }, "geometry": { "type": "Point", "coordinates": [ -121.42719, 36.47032 ] } },
{ "type": "Feature", "properties": { "facility_id": 159772, "scenario": 90, "state": "California", "plant_type": "BiCRS 2050 gasification H2", "cdr_tco2": 2787506.1, "cost_usd_per_tco2": 49.8754, "net_cost_usd": 139027855.0, "forestry_fraction": 0.5341, "feedstock_tonnes": 1813302.1, "x_albers": -2052082.7, "y_albers": 1781645.9, "x_lcc": -1650649.3, "y_lcc": -412684.1 }, "geometry": { "type": "Point", "coordinates": [ -119.44856, 36.78965 ] } },
{ "type": "Feature", "properties": { "facility_id": 170019, "scenario": 90, "state": "California", "plant_type": "BiCRS 2050 gasification H2", "cdr_tco2": 2800510.6, "cost_usd_per_tco2": 80.2911, "net_cost_usd": 224856180.0, "forestry_fraction": 0.8714, "feedstock_tonnes": 1813302.0, "x_albers": -2076974.3, "y_albers": 1690511.6, "x_lcc": -1673185.5, "y_lcc": -499695.6 }, "geometry": { "type": "Point", "coordinates": [ -119.46957, 35.94638 ] } },
{ "type": "Feature", "properties": { "facility_id": 174417, "scenario": 90, "state": "California", "plant_type": "BiCRS 2050 gasification H2", "cdr_tco2": 2745317.6, "cost_usd_per_tco2": 123.3294, "net_cost_usd": 338578351.0, "forestry_fraction": 0.9588, "feedstock_tonnes": 1813302.0, "x_albers": -1923754.6, "y_albers": 1653983.7, "x_lcc": -1524050.5, "y_lcc": -532928.5 }, "geometry": { "type": "Point", "coordinates": [ -117.70765, 35.95153 ] } },
{ "type": "Feature", "properties": { "facility_id": 180268, "scenario": 90, "state": "California", "plant_type": "BiCRS 2050 gasification H2", "cdr_tco2": 2755323.5, "cost_usd_per_tco2": 42.1667, "net_cost_usd": 116182960.0, "forestry_fraction": 0.116, "feedstock_tonnes": 1813302.3, "x_albers": -2050862.1, "y_albers": 1600280.1, "x_lcc": -1646304.7, "y_lcc": -585554.1 }, "geometry": { "type": "Point", "coordinates": [ -118.94465, 35.22066 ] } },
{ "type": "Feature", "properties": { "facility_id": 191988, "scenario": 90, "state": "California", "plant_type": "BiCRS 2050 gasification H2", "cdr_tco2": 2751089.9, "cost_usd_per_tco2": 92.0279, "net_cost_usd": 253176973.0, "forestry_fraction": 0.8081, "feedstock_tonnes": 1813302.2, "x_albers": -1846327.0, "y_albers": 1499732.8, "x_lcc": -1445876.3, "y_lcc": -679194.3 }, "geometry": { "type": "Point", "coordinates": [ -116.49237, 34.75947 ] } },
{ "type": "Feature", "properties": { "facility_id": 219807, "scenario": 90, "state": "California", "plant_type": "BiCRS 2050 FP asphalt char CO2", "cdr_tco2": 2258840.7, "cost_usd_per_tco2": 1.6303, "net_cost_usd": 3682637.0, "forestry_fraction": 0.0003, "feedstock_tonnes": 1813302.1, "x_albers": -1768341.6, "y_albers": 1255606.0, "x_lcc": -1364898.6, "y_lcc": -912295.9 }, "geometry": { "type": "Point", "coordinates": [ -115.11365, 32.76591 ] } },
{ "type": "Feature", "properties": { "facility_id": 133471, "scenario": 90, "state": "Colorado", "plant_type": "BiCRS 2050 gasification H2", "cdr_tco2": 2490579.9, "cost_usd_per_tco2": 66.8984, "net_cost_usd": 166615891.0, "forestry_fraction": 0.0632, "feedstock_tonnes": 1813302.1, "x_albers": -752093.2, "y_albers": 2029882.6, "x_lcc": -403168.1, "y_lcc": -151349.9 }, "geometry": { "type": "Point", "coordinates": [ -105.02121, 40.95685 ] } },
{ "type": "Feature", "properties": { "facility_id": 145183, "scenario": 90, "state": "Colorado", "plant_type": "BiCRS 2050 gasification H2", "cdr_tco2": 2456147.9, "cost_usd_per_tco2": 54.2136, "net_cost_usd": 133156604.0, "forestry_fraction": 0.0573, "feedstock_tonnes": 1813302.1, "x_albers": -751820.5, "y_albers": 1926071.4, "x_lcc": -399323.6, "y_lcc": -249536.2 }, "geometry": { "type": "Point", "coordinates": [ -104.90166, 40.03442 ] } },
{ "type": "Feature", "properties": { "facility_id": 155427, "scenario": 90, "state": "Colorado", "plant_type": "BiCRS 2050 gasification H2", "cdr_tco2": 2473384.8, "cost_usd_per_tco2": 92.2841, "net_cost_usd": 228254032.0, "forestry_fraction": 0.3119, "feedstock_tonnes": 1813302.1, "x_albers": -853602.4, "y_albers": 1834497.9, "x_lcc": -494299.7, "y_lcc": -339353.3 }, "geometry": { "type": "Point", "coordinates": [ -105.98486, 39.13119 ] } },
{ "type": "Feature", "properties": { "facility_id": 165680, "scenario": 90, "state": "Colorado", "plant_type": "BiCRS 2050 gasification H2", "cdr_tco2": 2444244.9, "cost_usd_per_tco2": 76.0336, "net_cost_usd": 185844812.0, "forestry_fraction": 0.0153, "feedstock_tonnes": 1813302.1, "x_albers": -725882.9, "y_albers": 1744367.9, "x_lcc": -367947.0, "y_lcc": -420666.2 }, "geometry": { "type": "Point", "coordinates": [ -104.40642, 38.44089 ] } },
{ "type": "Feature", "properties": { "facility_id": 181784, "scenario": 90, "state": "Colorado", "plant_type": "BiCRS 2050 gasification H2", "cdr_tco2": 2456289.1, "cost_usd_per_tco2": 85.101, "net_cost_usd": 209032621.0, "forestry_fraction": 0.0739, "feedstock_tonnes": 1813302.1, "x_albers": -725560.3, "y_albers": 1601474.1, "x_lcc": -362559.1, "y_lcc": -556128.9 }, "geometry": { "type": "Point", "coordinates": [ -104.25925, 37.17107 ] } },
{ "type": "Feature", "properties": { "facility_id": 70487, "scenario": 90, "state": "Idaho", "plant_type": "BiCRS 2050 FP asphalt char", "cdr_tco2": 1816392.7, "cost_usd_per_tco2": 31.7771, "net_cost_usd": 57719762.0, "forestry_fraction": 0.8549, "feedstock_tonnes": 1813302.1, "x_albers": -1572434.1, "y_albers": 2577863.3, "x_lcc": -1204088.0, "y_lcc": 348373.2 }, "geometry": { "type": "Point", "coordinates": [ -116.02631, 44.6932 ] } },
{ "type": "Feature", "properties": { "facility_id": 83676, "scenario": 90, "state": "Idaho", "plant_type": "BiCRS 2050 gasification H2", "cdr_tco2": 2482851.9, "cost_usd_per_tco2": 95.9167, "net_cost_usd": 238146988.0, "forestry_fraction": 0.885, "feedstock_tonnes": 1813302.1, "x_albers": -1239246.9, "y_albers": 2465463.9, "x_lcc": -883233.9, "y_lcc": 248124.1 }, "geometry": { "type": "Point", "coordinates": [ -111.6368, 44.25976 ] } },
{ "type": "Feature", "properties": { "facility_id": 89528, "scenario": 90, "state": "Idaho", "plant_type": "BiCRS 2050 Electricty", "cdr_tco2": 2212491.1, "cost_usd_per_tco2": 172.83, "net_cost_usd": 382384825.0, "forestry_fraction": 0.1684, "feedstock_tonnes": 1654283.8, "x_albers": -1341133.5, "y_albers": 2413062.0, "x_lcc": -979431.9, "y_lcc": 196113.2 }, "geometry": { "type": "Point", "coordinates": [ -112.78111, 43.64165 ] } },
{ "type": "Feature", "properties": { "facility_id": 98315, "scenario": 90, "state": "Idaho", "plant_type": "BiCRS 2050 gasification H2", "cdr_tco2": 2747982.3, "cost_usd_per_tco2": 96.4787, "net_cost_usd": 265121820.0, "forestry_fraction": 0.9447, "feedstock_tonnes": 1813302.1, "x_albers": -1264013.2, "y_albers": 2336437.4, "x_lcc": -903703.5, "y_lcc": 125080.4 }, "geometry": { "type": "Point", "coordinates": [ -111.67752, 43.08269 ] } },
{ "type": "Feature", "properties": { "facility_id": 105633, "scenario": 90, "state": "Idaho", "plant_type": "BiCRS 2050 Electricty", "cdr_tco2": 2701243.8, "cost_usd_per_tco2": 152.5809, "net_cost_usd": 412158146.0, "forestry_fraction": 0.0561, "feedstock_tonnes": 1813302.0, "x_albers": -1314734.7, "y_albers": 2271365.0, "x_lcc": -950686.5, "y_lcc": 62299.5 }, "geometry": { "type": "Point", "coordinates": [ -112.15878, 42.43286 ] } },
{ "type": "Feature", "properties": { "facility_id": 30989, "scenario": 90, "state": "Montana", "plant_type": "BiCRS 2050 gasification H2", "cdr_tco2": 2483307.4, "cost_usd_per_tco2": 66.1629, "net_cost_usd": 164302837.0, "forestry_fraction": 0.0099, "feedstock_tonnes": 1813302.1, "x_albers": -807507.1, "y_albers": 2925261.8, "x_lcc": -484596.8, "y_lcc": 700802.2 }, "geometry": { "type": "Point", "coordinates": [ -106.90893, 48.91481 ] } },
{ "type": "Feature", "properties": { "facility_id": 64664, "scenario": 90, "state": "Montana", "plant_type": "BiCRS 2050 gasification H2", "cdr_tco2": 2455917.7, "cost_usd_per_tco2": 96.6712, "net_cost_usd": 237416546.0, "forestry_fraction": 0.002, "feedstock_tonnes": 1813302.1, "x_albers": -728773.2, "y_albers": 2634971.1, "x_lcc": -401060.1, "y_lcc": 424021.6 }, "geometry": { "type": "Point", "coordinates": [ -105.46379, 46.37674 ] } },
{ "type": "Feature", "properties": { "facility_id": 70513, "scenario": 90, "state": "Montana", "plant_type": "BiCRS 2050 gasification H2", "cdr_tco2": 2415489.7, "cost_usd_per_tco2": 72.6347, "net_cost_usd": 175448350.0, "forestry_fraction": 0.166, "feedstock_tonnes": 1813302.2, "x_albers": -907580.5, "y_albers": 2583116.3, "x_lcc": -569782.3, "y_lcc": 368886.0 }, "geometry": { "type": "Point", "coordinates": [ -107.68221, 45.73343 ] } },
{ "type": "Feature", "properties": { "facility_id": 74901, "scenario": 90, "state": "Montana", "plant_type": "BiCRS 2050 gasification H2", "cdr_tco2": 2430647.2, "cost_usd_per_tco2": 99.0608, "net_cost_usd": 240781882.0, "forestry_fraction": 0.8941, "feedstock_tonnes": 1813302.0, "x_albers": -1009651.0, "y_albers": 2544149.2, "x_lcc": -666011.5, "y_lcc": 328809.8 }, "geometry": { "type": "Point", "coordinates": [ -108.91291, 45.26724 ] } },
{ "type": "Feature", "properties": { "facility_id": 98288, "scenario": 90, "state": "Nevada", "plant_type": "BiCRS 2050 Electricty", "cdr_tco2": 2740023.8, "cost_usd_per_tco2": 188.3092, "net_cost_usd": 515971551.0, "forestry_fraction": 0.9894, "feedstock_tonnes": 1813302.1, "x_albers": -1953729.0, "y_albers": 2327959.5, "x_lcc": -1565002.0, "y_lcc": 106264.1 }, "geometry": { "type": "Point", "coordinates": [ -119.90943, 41.73161 ] } },
{ "type": "Feature", "properties": { "facility_id": 123177, "scenario": 90, "state": "Nevada", "plant_type": "BiCRS 2050 gasification H2", "cdr_tco2": 2736011.3, "cost_usd_per_tco2": 107.6179, "net_cost_usd": 294443687.0, "forestry_fraction": 0.9466, "feedstock_tonnes": 1813302.1, "x_albers": -1926608.8, "y_albers": 2108069.0, "x_lcc": -1535258.0, "y_lcc": -101780.6 }, "geometry": { "type": "Point", "coordinates": [ -118.95365, 39.88651 ] } },
{ "type": "Feature", "properties": { "facility_id": 136352, "scenario": 90, "state": "Nevada", "plant_type": "BiCRS 2050 gasification H2", "cdr_tco2": 2752161.4, "cost_usd_per_tco2": 105.8047, "net_cost_usd": 291191644.0, "forestry_fraction": 0.9814, "feedstock_tonnes": 1813301.6, "x_albers": -1951372.4, "y_albers": 1990882.2, "x_lcc": -1557041.2, "y_lcc": -213075.3 }, "geometry": { "type": "Point", "coordinates": [ -118.90732, 38.81837 ] } },
{ "type": "Feature", "properties": { "facility_id": 183210, "scenario": 90, "state": "Nevada", "plant_type": "BiCRS 2050 gasification H2", "cdr_tco2": 2611750.4, "cost_usd_per_tco2": 92.8393, "net_cost_usd": 242473073.0, "forestry_fraction": 0.3821, "feedstock_tonnes": 1813301.6, "x_albers": -1693900.4, "y_albers": 1579410.1, "x_lcc": -1299694.7, "y_lcc": -600817.8 }, "geometry": { "type": "Point", "coordinates": [ -115.02159, 35.73726 ] } },
{ "type": "Feature", "properties": { "facility_id": 183236, "scenario": 90, "state": "New Mexico", "plant_type": "BiCRS 2050 gasification H2", "cdr_tco2": 2563725.7, "cost_usd_per_tco2": 94.5261, "net_cost_usd": 242338955.0, "forestry_fraction": 0.4854, "feedstock_tonnes": 1813302.4, "x_albers": -1031319.7, "y_albers": 1586377.2, "x_lcc": -657967.5, "y_lcc": -579745.8 }, "geometry": { "type": "Point", "coordinates": [ -107.68884, 36.75113 ] } },
{ "type": "Feature", "properties": { "facility_id": 193489, "scenario": 90, "state": "New Mexico", "plant_type": "BiCRS 2050 gasification H2", "cdr_tco2": 2510116.7, "cost_usd_per_tco2": 101.9993, "net_cost_usd": 256030199.0, "forestry_fraction": 0.3179, "feedstock_tonnes": 1813302.3, "x_albers": -903648.9, "y_albers": 1496514.0, "x_lcc": -531382.4, "y_lcc": -661511.8 }, "geometry": { "type": "Point", "coordinates": [ -106.14538, 36.08479 ] } },
{ "type": "Feature", "properties": { "facility_id": 202272, "scenario": 90, "state": "New Mexico", "plant_type": "BiCRS 2050 gasification H2", "cdr_tco2": 2589528.3, "cost_usd_per_tco2": 100.588, "net_cost_usd": 260475410.0, "forestry_fraction": 0.3835, "feedstock_tonnes": 1813302.1, "x_albers": -928892.4, "y_albers": 1418565.3, "x_lcc": -553269.1, "y_lcc": -736530.0 }, "geometry": { "type": "Point", "coordinates": [ -106.33181, 35.36836 ] } },
{ "type": "Feature", "properties": { "facility_id": 206672, "scenario": 90, "state": "New Mexico", "plant_type": "BiCRS 2050 gasification H2", "cdr_tco2": 2456516.5, "cost_usd_per_tco2": 84.9571, "net_cost_usd": 208698635.0, "forestry_fraction": 0.0699, "feedstock_tonnes": 1813302.1, "x_albers": -725055.2, "y_albers": 1380968.0, "x_lcc": -354178.0, "y_lcc": -765894.1 }, "geometry": { "type": "Point", "coordinates": [ -104.04165, 35.20976 ] } },
{ "type": "Feature", "properties": { "facility_id": 208124, "scenario": 90, "state": "New Mexico", "plant_type": "BiCRS 2050 gasification H2", "cdr_tco2": 2766910.6, "cost_usd_per_tco2": 104.5128, "net_cost_usd": 289177539.0, "forestry_fraction": 0.994, "feedstock_tonnes": 1813302.2, "x_albers": -1030589.9, "y_albers": 1366038.5, "x_lcc": -650281.4, "y_lcc": -789643.3 }, "geometry": { "type": "Point", "coordinates": [ -107.38299, 34.79836 ] } },
{ "type": "Feature", "properties": { "facility_id": 222764, "scenario": 90, "state": "New Mexico", "plant_type": "BiCRS 2050 gasification H2", "cdr_tco2": 2704673.4, "cost_usd_per_tco2": 126.7452, "net_cost_usd": 342804507.0, "forestry_fraction": 0.8527, "feedstock_tonnes": 1813302.5, "x_albers": -1030131.1, "y_albers": 1236824.0, "x_lcc": -645722.7, "y_lcc": -913340.7 }, "geometry": { "type": "Point", "coordinates": [ -107.21041, 33.65112 ] } },
{ "type": "Feature", "properties": { "facility_id": 235949, "scenario": 90, "state": "New Mexico", "plant_type": "BiCRS 2050 gasification H2", "cdr_tco2": 2622684.6, "cost_usd_per_tco2": 87.3733, "net_cost_usd": 229152630.0, "forestry_fraction": 0.4877, "feedstock_tonnes": 1813302.1, "x_albers": -800727.0, "y_albers": 1122252.9, "x_lcc": -418564.2, "y_lcc": -1016270.9 }, "geometry": { "type": "Point", "coordinates": [ -104.61698, 32.84435 ] } },
{ "type": "Feature", "properties": { "facility_id": 47045, "scenario": 90, "state": "Oregon", "plant_type": "BiCRS 2050 Electricty", "cdr_tco2": 2597868.1, "cost_usd_per_tco2": 151.1453, "net_cost_usd": 392655504.0, "forestry_fraction": 0.4168, "feedstock_tonnes": 1813302.6, "x_albers": -2034865.7, "y_albers": 2777440.3, "x_lcc": -1648330.1, "y_lcc": 532580.4 }, "geometry": { "type": "Point", "coordinates": [ -122.34424, 45.43028 ] } },
{ "type": "Feature", "properties": { "facility_id": 48516, "scenario": 90, "state": "Oregon", "plant_type": "BiCRS 2050 Electricty", "cdr_tco2": 2133478.1, "cost_usd_per_tco2": 171.3591, "net_cost_usd": 365590985.0, "forestry_fraction": 0.3711, "feedstock_tonnes": 1631971.9, "x_albers": -1855692.7, "y_albers": 2766808.7, "x_lcc": -1477310.3, "y_lcc": 524335.2 }, "geometry": { "type": "Point", "coordinates": [ -120.0931, 45.76087 ] } },
{ "type": "Feature", "properties": { "facility_id": 55825, "scenario": 90, "state": "Oregon", "plant_type": "BiCRS 2050 Electricty", "cdr_tco2": 2673066.8, "cost_usd_per_tco2": 138.4734, "net_cost_usd": 370148640.0, "forestry_fraction": 0.4669, "feedstock_tonnes": 1813302.4, "x_albers": -2136210.0, "y_albers": 2699153.0, "x_lcc": -1744405.1, "y_lcc": 457235.0 }, "geometry": { "type": "Point", "coordinates": [ -123.30294, 44.50098 ] } },
{ "type": "Feature", "properties": { "facility_id": 77788, "scenario": 90, "state": "Oregon", "plant_type": "BiCRS 2050 Electricty", "cdr_tco2": 2674167.9, "cost_usd_per_tco2": 165.125, "net_cost_usd": 441572079.0, "forestry_fraction": 0.9098, "feedstock_tonnes": 1813302.1, "x_albers": -2057489.2, "y_albers": 2507267.6, "x_lcc": -1667032.2, "y_lcc": 275440.9 }, "geometry": { "type": "Point", "coordinates": [ -121.70037, 43.04161 ] } },
{ "type": "Feature", "properties": { "facility_id": 80712, "scenario": 90, "state": "Oregon", "plant_type": "BiCRS 2050 Electricty", "cdr_tco2": 2749475.2, "cost_usd_per_tco2": 161.9729, "net_cost_usd": 445340400.0, "forestry_fraction": 0.9508, "feedstock_tonnes": 1813302.1, "x_albers": -2159471.5, "y_albers": 2479833.0, "x_lcc": -1764431.7, "y_lcc": 248789.7 }, "geometry": { "type": "Point", "coordinates": [ -122.81478, 42.55643 ] } },
{ "type": "Feature", "properties": { "facility_id": 83648, "scenario": 90, "state": "Oregon", "plant_type": "BiCRS 2050 Electricty", "cdr_tco2": 2711887.6, "cost_usd_per_tco2": 186.4146, "net_cost_usd": 505535399.0, "forestry_fraction": 0.9549, "feedstock_tonnes": 1813302.1, "x_albers": -1954797.1, "y_albers": 2457193.4, "x_lcc": -1567970.1, "y_lcc": 228767.4 }, "geometry": { "type": "Point", "coordinates": [ -120.31803, 42.84794 ] } },
{ "type": "Feature", "properties": { "facility_id": 89500, "scenario": 90, "state": "Oregon", "plant_type": "BiCRS 2050 Electricty", "cdr_tco2": 2764674.2, "cost_usd_per_tco2": 178.0701, "net_cost_usd": 492305849.0, "forestry_fraction": 0.9965, "feedstock_tonnes": 1813302.1, "x_albers": -2056558.4, "y_albers": 2403964.9, "x_lcc": -1664795.0, "y_lcc": 177475.1 }, "geometry": { "type": "Point", "coordinates": [ -121.35324, 42.15276 ] } },
{ "type": "Feature", "properties": { "facility_id": 120272, "scenario": 90, "state": "Utah", "plant_type": "BiCRS 2050 gasification H2", "cdr_tco2": 2761513.7, "cost_usd_per_tco2": 99.115, "net_cost_usd": 273707302.0, "forestry_fraction": 0.945, "feedstock_tonnes": 1813302.1, "x_albers": -1339586.3, "y_albers": 2141673.3, "x_lcc": -971268.9, "y_lcc": -61034.7 }, "geometry": { "type": "Point", "coordinates": [ -112.18942, 41.25279 ] } },
{ "type": "Feature", "properties": { "facility_id": 131983, "scenario": 90, "state": "Utah", "plant_type": "BiCRS 2050 gasification H2", "cdr_tco2": 2723641.9, "cost_usd_per_tco2": 100.543, "net_cost_usd": 273843180.0, "forestry_fraction": 0.8908, "feedstock_tonnes": 1813301.9, "x_albers": -1364604.4, "y_albers": 2037664.0, "x_lcc": -992672.2, "y_lcc": -159995.6 }, "geometry": { "type": "Point", "coordinates": [ -112.27276, 40.29961 ] } },
{ "type": "Feature", "properties": { "facility_id": 140776, "scenario": 90, "state": "Utah", "plant_type": "BiCRS 2050 gasification H2", "cdr_tco2": 2705445.0, "cost_usd_per_tco2": 91.8471, "net_cost_usd": 248487309.0, "forestry_fraction": 0.7342, "feedstock_tonnes": 1813302.2, "x_albers": -1134615.1, "y_albers": 1962106.9, "x_lcc": -769145.8, "y_lcc": -226313.6 }, "geometry": { "type": "Point", "coordinates": [ -109.44397, 39.95306 ] } },
{ "type": "Feature", "properties": { "facility_id": 3129, "scenario": 90, "state": "Washington", "plant_type": "BiCRS 2050 Electricty", "cdr_tco2": 2235177.1, "cost_usd_per_tco2": 164.9359, "net_cost_usd": 368661050.0, "forestry_fraction": 0.0377, "feedstock_tonnes": 1631971.9, "x_albers": -1938533.0, "y_albers": 3158625.3, "x_lcc": -1559002.2, "y_lcc": 899750.6 }, "geometry": { "type": "Point", "coordinates": [ -122.50166, 48.9849 ] } },
{ "type": "Feature", "properties": { "facility_id": 13377, "scenario": 90, "state": "Washington", "plant_type": "BiCRS 2050 Electricty", "cdr_tco2": 2654216.9, "cost_usd_per_tco2": 125.2653, "net_cost_usd": 332481168.0, "forestry_fraction": 0.3548, "feedstock_tonnes": 1813302.1, "x_albers": -1936895.6, "y_albers": 3070637.2, "x_lcc": -1557128.3, "y_lcc": 814748.6 }, "geometry": { "type": "Point", "coordinates": [ -122.15769, 48.21969 ] } },
{ "type": "Feature", "properties": { "facility_id": 23631, "scenario": 90, "state": "Washington", "plant_type": "BiCRS 2050 Electricty", "cdr_tco2": 1317733.7, "cost_usd_per_tco2": 185.4357, "net_cost_usd": 244354848.0, "forestry_fraction": 0.6499, "feedstock_tonnes": 979183.1, "x_albers": -1781866.6, "y_albers": 2983510.6, "x_lcc": -1409304.5, "y_lcc": 733081.4 }, "geometry": { "type": "Point", "coordinates": [ -119.86627, 47.8225 ] } },
{ "type": "Feature", "properties": { "facility_id": 28013, "scenario": 90, "state": "Washington", "plant_type": "BiCRS 2050 Electricty", "cdr_tco2": 2557418.8, "cost_usd_per_tco2": 150.2488, "net_cost_usd": 384249040.0, "forestry_fraction": 0.7049, "feedstock_tonnes": 1813302.4, "x_albers": -2037168.0, "y_albers": 2943162.3, "x_lcc": -1651772.3, "y_lcc": 691005.1 }, "geometry": { "type": "Point", "coordinates": [ -122.96548, 46.85992 ] } },
{ "type": "Feature", "properties": { "facility_id": 28027, "scenario": 90, "state": "Washington", "plant_type": "BiCRS 2050 Electricty", "cdr_tco2": 1726011.1, "cost_usd_per_tco2": 189.2809, "net_cost_usd": 326701014.0, "forestry_fraction": 0.403, "feedstock_tonnes": 1305577.5, "x_albers": -1678917.4, "y_albers": 2946384.7, "x_lcc": -1311129.5, "y_lcc": 699059.2 }, "geometry": { "type": "Point", "coordinates": [ -118.42455, 47.72098 ] } },
{ "type": "Feature", "properties": { "facility_id": 32414, "scenario": 90, "state": "Washington", "plant_type": "BiCRS 2050 Electricty", "cdr_tco2": 1771772.6, "cost_usd_per_tco2": 153.2434, "net_cost_usd": 271512493.0, "forestry_fraction": 0.1842, "feedstock_tonnes": 1305577.5, "x_albers": -1806345.1, "y_albers": 2907350.2, "x_lcc": -1431846.6, "y_lcc": 659510.0 }, "geometry": { "type": "Point", "coordinates": [ -119.92899, 47.09974 ] } },
{ "type": "Feature", "properties": { "facility_id": 32422, "scenario": 90, "state": "Washington", "plant_type": "BiCRS 2050 Electricty", "cdr_tco2": 2170669.4, "cost_usd_per_tco2": 202.12, "net_cost_usd": 438735795.0, "forestry_fraction": 0.9953, "feedstock_tonnes": 1631971.9, "x_albers": -1601602.2, "y_albers": 2909021.5, "x_lcc": -1237210.6, "y_lcc": 664510.6 }, "geometry": { "type": "Point", "coordinates": [ -117.31707, 47.55125 ] } },
{ "type": "Feature", "properties": { "facility_id": 82228, "scenario": 90, "state": "Wyoming", "plant_type": "BiCRS 2050 gasification H2", "cdr_tco2": 2379957.4, "cost_usd_per_tco2": 56.2575, "net_cost_usd": 133890498.0, "forestry_fraction": 0.0689, "feedstock_tonnes": 1813302.1, "x_albers": -830328.7, "y_albers": 2481153.9, "x_lcc": -492998.1, "y_lcc": 274034.0 }, "geometry": { "type": "Point", "coordinates": [ -106.55137, 44.90377 ] } },
{ "type": "Feature", "properties": { "facility_id": 93940, "scenario": 90, "state": "Wyoming", "plant_type": "BiCRS 2050 gasification H2", "cdr_tco2": 2490507.1, "cost_usd_per_tco2": 93.0817, "net_cost_usd": 231820714.0, "forestry_fraction": 0.1594, "feedstock_tonnes": 1813302.1, "x_albers": -829871.9, "y_albers": 2378390.9, "x_lcc": -489319.5, "y_lcc": 176356.6 }, "geometry": { "type": "Point", "coordinates": [ -106.40323, 43.98747 ] } },
{ "type": "Feature", "properties": { "facility_id": 108567, "scenario": 90, "state": "Wyoming", "plant_type": "BiCRS 2050 gasification H2", "cdr_tco2": 2775678.7, "cost_usd_per_tco2": 109.9464, "net_cost_usd": 305175940.0, "forestry_fraction": 0.9984, "feedstock_tonnes": 1813301.7, "x_albers": -1161367.1, "y_albers": 2246961.4, "x_lcc": -802939.9, "y_lcc": 42658.3 }, "geometry": { "type": "Point", "coordinates": [ -110.25921, 42.43598 ] } },
{ "type": "Feature", "properties": { "facility_id": 108581, "scenario": 90, "state": "Wyoming", "plant_type": "BiCRS 2050 gasification H2", "cdr_tco2": 2532977.4, "cost_usd_per_tco2": 91.9568, "net_cost_usd": 232924464.0, "forestry_fraction": 0.0506, "feedstock_tonnes": 1813302.1, "x_albers": -803830.6, "y_albers": 2249621.9, "x_lcc": -460223.3, "y_lcc": 55020.4 }, "geometry": { "type": "Point", "coordinates": [ -105.91149, 42.86541 ] } },
{ "type": "Feature", "properties": { "facility_id": 112968, "scenario": 90, "state": "Wyoming", "plant_type": "BiCRS 2050 gasification H2", "cdr_tco2": 2770715.7, "cost_usd_per_tco2": 107.2646, "net_cost_usd": 297199800.0, "forestry_fraction": 0.9967, "feedstock_tonnes": 1813301.8, "x_albers": -931370.7, "y_albers": 2210014.7, "x_lcc": -581245.6, "y_lcc": 13713.7 }, "geometry": { "type": "Point", "coordinates": [ -107.41161, 42.38552 ] } },
{ "type": "Feature", "properties": { "facility_id": 114426, "scenario": 90, "state": "Wyoming", "plant_type": "BiCRS 2050 gasification H2", "cdr_tco2": 2734140.8, "cost_usd_per_tco2": 103.5926, "net_cost_usd": 283236770.0, "forestry_fraction": 0.94, "feedstock_tonnes": 1813302.5, "x_albers": -1084520.8, "y_albers": 2195891.6, "x_lcc": -727770.0, "y_lcc": -3799.8 }, "geometry": { "type": "Point", "coordinates": [ -109.24157, 42.08314 ] } },
{ "type": "Feature", "properties": { "facility_id": 117348, "scenario": 90, "state": "Wyoming", "plant_type": "BiCRS 2050 gasification H2", "cdr_tco2": 2712347.3, "cost_usd_per_tco2": 95.4379, "net_cost_usd": 258860762.0, "forestry_fraction": 0.896, "feedstock_tonnes": 1813302.0, "x_albers": -1237594.0, "y_albers": 2168617.5, "x_lcc": -873980.2, "y_lcc": -33314.7 }, "geometry": { "type": "Point", "coordinates": [ -111.02907, 41.63928 ] } },
{ "type": "Feature", "properties": { "facility_id": 117363, "scenario": 90, "state": "Wyoming", "plant_type": "BiCRS 2050 gasification H2", "cdr_tco2": 2763703.6, "cost_usd_per_tco2": 108.6186, "net_cost_usd": 300189511.0, "forestry_fraction": 1.0, "feedstock_tonnes": 1813301.8, "x_albers": -854629.5, "y_albers": 2171737.3, "x_lcc": -506402.0, "y_lcc": -20289.2 }, "geometry": { "type": "Point", "coordinates": [ -106.42798, 42.12417 ] } },
{ "type": "Feature", "properties": { "facility_id": 123208, "scenario": 90, "state": "Wyoming", "plant_type": "BiCRS 2050 gasification H2", "cdr_tco2": 2776777.3, "cost_usd_per_tco2": 104.0077, "net_cost_usd": 288806137.0, "forestry_fraction": 1.0, "feedstock_tonnes": 1813302.2, "x_albers": -1135244.1, "y_albers": 2117756.9, "x_lcc": -774242.1, "y_lcc": -79037.1 }, "geometry": { "type": "Point", "coordinates": [ -109.71569, 41.32781 ] } },
{ "type": "Feature", "properties": { "facility_id": 127612, "scenario": 90, "state": "Wyoming", "plant_type": "BiCRS 2050 gasification H2", "cdr_tco2": 2492556.5, "cost_usd_per_tco2": 85.1408, "net_cost_usd": 212218316.0, "forestry_fraction": 0.4067, "feedstock_tonnes": 1813302.1, "x_albers": -828805.5, "y_albers": 2081258.5, "x_lcc": -478641.0, "y_lcc": -105138.5 }, "geometry": { "type": "Point", "coordinates": [ -105.99954, 41.34498 ] } },
{ "type": "Feature", "properties": { "facility_id": 211027, "scenario": 99, "state": "Arizona", "plant_type": "BiCRS 2050 FP asphalt char CO2", "cdr_tco2": 2278314.4, "cost_usd_per_tco2": 89.2671, "net_cost_usd": 203378578.0, "forestry_fraction": 0.9792, "feedstock_tonnes": 1813302.4, "x_albers": -1667018.8, "y_albers": 1334074.5, "x_lcc": -1267997.1, "y_lcc": -835036.9 }, "geometry": { "type": "Point", "coordinates": [ -114.20614, 33.63239 ] } },
{ "type": "Feature", "properties": { "facility_id": 212499, "scenario": 99, "state": "Arizona", "plant_type": "BiCRS 2050 gasification H2", "cdr_tco2": 2489963.0, "cost_usd_per_tco2": 100.5807, "net_cost_usd": 250442258.0, "forestry_fraction": 0.1446, "feedstock_tonnes": 1813302.1, "x_albers": -1463272.6, "y_albers": 1323394.6, "x_lcc": -1069546.9, "y_lcc": -841250.6 }, "geometry": { "type": "Point", "coordinates": [ -112.0062, 33.86486 ] } },
{ "type": "Feature", "properties": { "facility_id": 222742, "scenario": 99, "state": "Arizona", "plant_type": "BiCRS 2050 FP asphalt char CO2", "cdr_tco2": 2252103.6, "cost_usd_per_tco2": 73.6782, "net_cost_usd": 165930913.0, "forestry_fraction": 0.9239, "feedstock_tonnes": 1813302.1, "x_albers": -1590035.9, "y_albers": 1231848.7, "x_lcc": -1190650.0, "y_lcc": -931859.4 }, "geometry": { "type": "Point", "coordinates": [ -113.18456, 32.86021 ] } },
{ "type": "Feature", "properties": { "facility_id": 224210, "scenario": 99, "state": "Arizona", "plant_type": "BiCRS 2050 FP asphalt char CO2", "cdr_tco2": 2254295.9, "cost_usd_per_tco2": 53.3642, "net_cost_usd": 120298726.0, "forestry_fraction": 0.5019, "feedstock_tonnes": 1813302.1, "x_albers": -1488169.2, "y_albers": 1220017.8, "x_lcc": -1091127.2, "y_lcc": -941118.9 }, "geometry": { "type": "Point", "coordinates": [ -112.08381, 32.91478 ] } },
{ "type": "Feature", "properties": { "facility_id": 227142, "scenario": 99, "state": "Arizona", "plant_type": "BiCRS 2050 FP asphalt char CO2", "cdr_tco2": 2284398.0, "cost_usd_per_tco2": 59.1309, "net_cost_usd": 135078615.0, "forestry_fraction": 0.9268, "feedstock_tonnes": 1813302.1, "x_albers": -1386242.6, "y_albers": 1195246.2, "x_lcc": -991188.3, "y_lcc": -962660.5 }, "geometry": { "type": "Point", "coordinates": [ -110.95922, 32.84427 ] } },
{ "type": "Feature", "properties": { "facility_id": 92424, "scenario": 99, "state": "California", "plant_type": "BiCRS 2050 Electricty", "cdr_tco2": 2790357.4, "cost_usd_per_tco2": 154.0253, "net_cost_usd": 429785510.0, "forestry_fraction": 0.9993, "feedstock_tonnes": 1813302.1, "x_albers": -2158538.1, "y_albers": 2376425.9, "x_lcc": -1762300.0, "y_lcc": 150758.6 }, "geometry": { "type": "Point", "coordinates": [ -122.45559, 41.67027 ] } },
{ "type": "Feature", "properties": { "facility_id": 101210, "scenario": 99, "state": "California", "plant_type": "BiCRS 2050 gasification H2", "cdr_tco2": 2792767.9, "cost_usd_per_tco2": 83.2736, "net_cost_usd": 232563877.0, "forestry_fraction": 0.9987, "feedstock_tonnes": 1813302.1, "x_albers": -2106795.9, "y_albers": 2299619.4, "x_lcc": -1711595.2, "y_lcc": 78263.5 }, "geometry": { "type": "Point", "coordinates": [ -121.60481, 41.1347 ] } },
{ "type": "Feature", "properties": { "facility_id": 104141, "scenario": 99, "state": "California", "plant_type": "BiCRS 2050 gasification H2", "cdr_tco2": 2773581.9, "cost_usd_per_tco2": 96.7679, "net_cost_usd": 268393826.0, "forestry_fraction": 1.0, "feedstock_tonnes": 1813302.1, "x_albers": -2029960.5, "y_albers": 2274973.5, "x_lcc": -1637408.1, "y_lcc": 55435.1 }, "geometry": { "type": "Point", "coordinates": [ -120.6372, 41.10152 ] } },
{ "type": "Feature", "properties": { "facility_id": 108526, "scenario": 99, "state": "California", "plant_type": "BiCRS 2050 gasification H2", "cdr_tco2": 2801612.2, "cost_usd_per_tco2": 69.6443, "net_cost_usd": 195116388.0, "forestry_fraction": 0.9869, "feedstock_tonnes": 1813302.1, "x_albers": -2208453.3, "y_albers": 2233076.3, "x_lcc": -1808435.1, "y_lcc": 14694.7 }, "geometry": { "type": "Point", "coordinates": [ -122.55768, 40.31678 ] } },
{ "type": "Feature", "properties": { "facility_id": 114389, "scenario": 99, "state": "California", "plant_type": "BiCRS 2050 gasification H2", "cdr_tco2": 2767909.9, "cost_usd_per_tco2": 100.4808, "net_cost_usd": 278121874.0, "forestry_fraction": 0.9993, "feedstock_tonnes": 1813302.1, "x_albers": -2029283.9, "y_albers": 2184259.0, "x_lcc": -1635358.5, "y_lcc": -30495.5 }, "geometry": { "type": "Point", "coordinates": [ -120.3534, 40.31985 ] } },
{ "type": "Feature", "properties": { "facility_id": 124630, "scenario": 99, "state": "California", "plant_type": "BiCRS 2050 gasification H2", "cdr_tco2": 2797521.9, "cost_usd_per_tco2": 78.9605, "net_cost_usd": 220893775.0, "forestry_fraction": 0.9998, "feedstock_tonnes": 1813302.1, "x_albers": -2207360.2, "y_albers": 2090417.1, "x_lcc": -1805453.0, "y_lcc": -120518.8 }, "geometry": { "type": "Point", "coordinates": [ -122.0862, 39.09489 ] } },
{ "type": "Feature", "properties": { "facility_id": 131954, "scenario": 99, "state": "California", "plant_type": "BiCRS 2050 gasification H2", "cdr_tco2": 2798724.0, "cost_usd_per_tco2": 80.4942, "net_cost_usd": 225280972.0, "forestry_fraction": 0.9741, "feedstock_tonnes": 1813301.7, "x_albers": -2104776.9, "y_albers": 2027314.5, "x_lcc": -1705611.2, "y_lcc": -179778.7 }, "geometry": { "type": "Point", "coordinates": [ -120.7398, 38.79373 ] } },
{ "type": "Feature", "properties": { "facility_id": 136342, "scenario": 99, "state": "California", "plant_type": "BiCRS 2050 gasification H2", "cdr_tco2": 2744262.0, "cost_usd_per_tco2": 72.4298, "net_cost_usd": 198766331.0, "forestry_fraction": 0.7609, "feedstock_tonnes": 1813302.9, "x_albers": -2206601.0, "y_albers": 1986619.2, "x_lcc": -1803242.5, "y_lcc": -218986.5 }, "geometry": { "type": "Point", "coordinates": [ -121.75341, 38.20488 ] } },
{ "type": "Feature", "properties": { "facility_id": 142201, "scenario": 99, "state": "California", "plant_type": "BiCRS 2050 gasification H2", "cdr_tco2": 2806308.9, "cost_usd_per_tco2": 69.0512, "net_cost_usd": 193779049.0, "forestry_fraction": 0.9991, "feedstock_tonnes": 1813302.1, "x_albers": -2129669.8, "y_albers": 1936046.2, "x_lcc": -1728201.4, "y_lcc": -266547.0 }, "geometry": { "type": "Point", "coordinates": [ -120.74626, 37.94973 ] } },
{ "type": "Feature", "properties": { "facility_id": 152450, "scenario": 99, "state": "California", "plant_type": "BiCRS 2050 gasification H2", "cdr_tco2": 2815200.5, "cost_usd_per_tco2": 81.3584, "net_cost_usd": 229040114.0, "forestry_fraction": 1.0, "feedstock_tonnes": 1813302.0, "x_albers": -2103533.2, "y_albers": 1845659.9, "x_lcc": -1701492.9, "y_lcc": -352228.8 }, "geometry": { "type": "Point", "coordinates": [ -120.19413, 37.2292 ] } },
{ "type": "Feature", "properties": { "facility_id": 158301, "scenario": 99, "state": "California", "plant_type": "BiCRS 2050 gasification H2", "cdr_tco2": 2715192.8, "cost_usd_per_tco2": 70.8012, "net_cost_usd": 192238928.0, "forestry_fraction": 0.3985, "feedstock_tonnes": 1813301.7, "x_albers": -2230712.9, "y_albers": 1791633.5, "x_lcc": -1823687.8, "y_lcc": -404475.0 }, "geometry": { "type": "Point", "coordinates": [ -121.42719, 36.47032 ] } },
{ "type": "Feature", "properties": { "facility_id": 159772, "scenario": 99, "state": "California", "plant_type": "BiCRS 2050 gasification H2", "cdr_tco2": 2787138.5, "cost_usd_per_tco2": 57.3647, "net_cost_usd": 159883367.0, "forestry_fraction": 0.5323, "feedstock_tonnes": 1813302.7, "x_albers": -2052082.7, "y_albers": 1781645.9, "x_lcc": -1650649.3, "y_lcc": -412684.1 }, "geometry": { "type": "Point", "coordinates": [ -119.44856, 36.78965 ] } },
{ "type": "Feature", "properties": { "facility_id": 170019, "scenario": 99, "state": "California", "plant_type": "BiCRS 2050 gasification H2", "cdr_tco2": 2795374.3, "cost_usd_per_tco2": 71.7093, "net_cost_usd": 200454337.0, "forestry_fraction": 0.9301, "feedstock_tonnes": 1813301.8, "x_albers": -2076974.3, "y_albers": 1690511.6, "x_lcc": -1673185.5, "y_lcc": -499695.6 }, "geometry": { "type": "Point", "coordinates": [ -119.46957, 35.94638 ] } },
{ "type": "Feature", "properties": { "facility_id": 174417, "scenario": 99, "state": "California", "plant_type": "BiCRS 2050 gasification H2", "cdr_tco2": 2738519.9, "cost_usd_per_tco2": 115.5449, "net_cost_usd": 316422106.0, "forestry_fraction": 0.795, "feedstock_tonnes": 1813301.8, "x_albers": -1923754.6, "y_albers": 1653983.7, "x_lcc": -1524050.5, "y_lcc": -532928.5 }, "geometry": { "type": "Point", "coordinates": [ -117.70765, 35.95153 ] } },
{ "type": "Feature", "properties": { "facility_id": 180268, "scenario": 99, "state": "California", "plant_type": "BiCRS 2050 gasification H2", "cdr_tco2": 2760351.3, "cost_usd_per_tco2": 54.3135, "net_cost_usd": 149924383.0, "forestry_fraction": 0.3678, "feedstock_tonnes": 1813301.6, "x_albers": -2050862.1, "y_albers": 1600280.1, "x_lcc": -1646304.7, "y_lcc": -585554.1 }, "geometry": { "type": "Point", "coordinates": [ -118.94465, 35.22066 ] } },
{ "type": "Feature", "properties": { "facility_id": 191988, "scenario": 99, "state": "California", "plant_type": "BiCRS 2050 gasification H2", "cdr_tco2": 2751733.0, "cost_usd_per_tco2": 102.3107, "net_cost_usd": 281531771.0, "forestry_fraction": 0.7911, "feedstock_tonnes": 1813302.3, "x_albers": -1846327.0, "y_albers": 1499732.8, "x_lcc": -1445876.3, "y_lcc": -679194.3 }, "geometry": { "type": "Point", "coordinates": [ -116.49237, 34.75947 ] } },
{ "type": "Feature", "properties": { "facility_id": 219807, "scenario": 99, "state": "California", "plant_type": "BiCRS 2050 FP asphalt char CO2", "cdr_tco2": 2256152.2, "cost_usd_per_tco2": 1.8032, "net_cost_usd": 4068394.0, "forestry_fraction": 0.0003, "feedstock_tonnes": 1813302.1, "x_albers": -1768341.6, "y_albers": 1255606.0, "x_lcc": -1364898.6, "y_lcc": -912295.9 }, "geometry": { "type": "Point", "coordinates": [ -115.11365, 32.76591 ] } },
{ "type": "Feature", "properties": { "facility_id": 133471, "scenario": 99, "state": "Colorado", "plant_type": "BiCRS 2050 gasification H2", "cdr_tco2": 2485923.8, "cost_usd_per_tco2": 68.9241, "net_cost_usd": 171340181.0, "forestry_fraction": 0.0632, "feedstock_tonnes": 1813302.1, "x_albers": -752093.2, "y_albers": 2029882.6, "x_lcc": -403168.1, "y_lcc": -151349.9 }, "geometry": { "type": "Point", "coordinates": [ -105.02121, 40.95685 ] } },
{ "type": "Feature", "properties": { "facility_id": 145183, "scenario": 99, "state": "Colorado", "plant_type": "BiCRS 2050 gasification H2", "cdr_tco2": 2456036.4, "cost_usd_per_tco2": 54.2256, "net_cost_usd": 133180124.0, "forestry_fraction": 0.0573, "feedstock_tonnes": 1813302.1, "x_albers": -751820.5, "y_albers": 1926071.4, "x_lcc": -399323.6, "y_lcc": -249536.2 }, "geometry": { "type": "Point", "coordinates": [ -104.90166, 40.03442 ] } },
{ "type": "Feature", "properties": { "facility_id": 155427, "scenario": 99, "state": "Colorado", "plant_type": "BiCRS 2050 gasification H2", "cdr_tco2": 2469828.2, "cost_usd_per_tco2": 95.9832, "net_cost_usd": 237061899.0, "forestry_fraction": 0.3119, "feedstock_tonnes": 1813302.1, "x_albers": -853602.4, "y_albers": 1834497.9, "x_lcc": -494299.7, "y_lcc": -339353.3 }, "geometry": { "type": "Point", "coordinates": [ -105.98486, 39.13119 ] } },
{ "type": "Feature", "properties": { "facility_id": 165680, "scenario": 99, "state": "Colorado", "plant_type": "BiCRS 2050 gasification H2", "cdr_tco2": 2444746.3, "cost_usd_per_tco2": 76.0944, "net_cost_usd": 186031464.0, "forestry_fraction": 0.0153, "feedstock_tonnes": 1813302.1, "x_albers": -725882.9, "y_albers": 1744367.9, "x_lcc": -367947.0, "y_lcc": -420666.2 }, "geometry": { "type": "Point", "coordinates": [ -104.40642, 38.44089 ] } },
{ "type": "Feature", "properties": { "facility_id": 181784, "scenario": 99, "state": "Colorado", "plant_type": "BiCRS 2050 gasification H2", "cdr_tco2": 2467128.4, "cost_usd_per_tco2": 84.6388, "net_cost_usd": 208814814.0, "forestry_fraction": 0.1156, "feedstock_tonnes": 1813302.1, "x_albers": -725560.3, "y_albers": 1601474.1, "x_lcc": -362559.1, "y_lcc": -556128.9 }, "geometry": { "type": "Point", "coordinates": [ -104.25925, 37.17107 ] } },
{ "type": "Feature", "properties": { "facility_id": 17786, "scenario": 99, "state": "Idaho", "plant_type": "BiCRS 2050 Electricty", "cdr_tco2": 1292041.1, "cost_usd_per_tco2": 227.5697, "net_cost_usd": 294029418.0, "forestry_fraction": 0.9948, "feedstock_tonnes": 979182.7, "x_albers": -1500945.3, "y_albers": 3035589.5, "x_lcc": -1143356.3, "y_lcc": 788662.5 }, "geometry": { "type": "Point", "coordinates": [ -116.37435, 48.87123 ] } },
{ "type": "Feature", "properties": { "facility_id": 54384, "scenario": 99, "state": "Idaho", "plant_type": "BiCRS 2050 Electricty", "cdr_tco2": 2652340.8, "cost_usd_per_tco2": 216.3344, "net_cost_usd": 573792417.0, "forestry_fraction": 0.9157, "feedstock_tonnes": 1813301.7, "x_albers": -1548197.5, "y_albers": 2718866.2, "x_lcc": -1183477.3, "y_lcc": 483244.2 }, "geometry": { "type": "Point", "coordinates": [ -116.10097, 45.97891 ] } },
{ "type": "Feature", "properties": { "facility_id": 70487, "scenario": 99, "state": "Idaho", "plant_type": "BiCRS 2050 FP asphalt char", "cdr_tco2": 1828326.9, "cost_usd_per_tco2": 48.2916, "net_cost_usd": 88292876.0, "forestry_fraction": 1.0, "feedstock_tonnes": 1813302.5, "x_albers": -1572434.1, "y_albers": 2577863.3, "x_lcc": -1204088.0, "y_lcc": 348373.2 }, "geometry": { "type": "Point", "coordinates": [ -116.02631, 44.6932 ] } },
{ "type": "Feature", "properties": { "facility_id": 80741, "scenario": 99, "state": "Idaho", "plant_type": "BiCRS 2050 Electricty", "cdr_tco2": 2284478.0, "cost_usd_per_tco2": 204.8164, "net_cost_usd": 467898640.0, "forestry_fraction": 0.785, "feedstock_tonnes": 1631971.9, "x_albers": -1418336.5, "y_albers": 2489524.8, "x_lcc": -1055025.7, "y_lcc": 267175.7 }, "geometry": { "type": "Point", "coordinates": [ -113.90339, 44.19021 ] } },
{ "type": "Feature", "properties": { "facility_id": 83676, "scenario": 99, "state": "Idaho", "plant_type": "BiCRS 2050 gasification H2", "cdr_tco2": 2700432.0, "cost_usd_per_tco2": 126.1965, "net_cost_usd": 340785022.0, "forestry_fraction": 0.9881, "feedstock_tonnes": 1813302.0, "x_albers": -1239246.9, "y_albers": 2465463.9, "x_lcc": -883233.9, "y_lcc": 248124.1 }, "geometry": { "type": "Point", "coordinates": [ -111.6368, 44.25976 ] } },
{ "type": "Feature", "properties": { "facility_id": 89528, "scenario": 99, "state": "Idaho", "plant_type": "BiCRS 2050 Electricty", "cdr_tco2": 2592627.2, "cost_usd_per_tco2": 176.2643, "net_cost_usd": 456987535.0, "forestry_fraction": 0.5161, "feedstock_tonnes": 1813302.0, "x_albers": -1341133.5, "y_albers": 2413062.0, "x_lcc": -979431.9, "y_lcc": 196113.2 }, "geometry": { "type": "Point", "coordinates": [ -112.78111, 43.64165 ] } },
{ "type": "Feature", "properties": { "facility_id": 90986, "scenario": 99, "state": "Idaho", "plant_type": "BiCRS 2050 Electricty", "cdr_tco2": 456750.8, "cost_usd_per_tco2": 219.281, "net_cost_usd": 100156791.0, "forestry_fraction": 0.0714, "feedstock_tonnes": 326394.4, "x_albers": -1494354.2, "y_albers": 2398590.2, "x_lcc": -1125808.4, "y_lcc": 179401.9 }, "geometry": { "type": "Point", "coordinates": [ -114.61693, 43.26007 ] } },
{ "type": "Feature", "properties": { "facility_id": 98315, "scenario": 99, "state": "Idaho", "plant_type": "BiCRS 2050 gasification H2", "cdr_tco2": 2756624.3, "cost_usd_per_tco2": 121.9239, "net_cost_usd": 336098344.0, "forestry_fraction": 0.967, "feedstock_tonnes": 1813301.8, "x_albers": -1264013.2, "y_albers": 2336437.4, "x_lcc": -903703.5, "y_lcc": 125080.4 }, "geometry": { "type": "Point", "coordinates": [ -111.67752, 43.08269 ] } },
{ "type": "Feature", "properties": { "facility_id": 101234, "scenario": 99, "state": "Idaho", "plant_type": "BiCRS 2050 Electricty", "cdr_tco2": 1936960.3, "cost_usd_per_tco2": 195.4867, "net_cost_usd": 378650010.0, "forestry_fraction": 0.8078, "feedstock_tonnes": 1305577.2, "x_albers": -1493754.2, "y_albers": 2308221.8, "x_lcc": -1123259.6, "y_lcc": 93727.8 }, "geometry": { "type": "Point", "coordinates": [ -114.39447, 42.4676 ] } },
{ "type": "Feature", "properties": { "facility_id": 101238, "scenario": 99, "state": "Idaho", "plant_type": "BiCRS 2050 Electricty", "cdr_tco2": 2735855.7, "cost_usd_per_tco2": 197.3612, "net_cost_usd": 539951725.0, "forestry_fraction": 0.9513, "feedstock_tonnes": 1813301.7, "x_albers": -1391582.8, "y_albers": 2309342.6, "x_lcc": -1025308.5, "y_lcc": 96711.8 }, "geometry": { "type": "Point", "coordinates": [ -113.16692, 42.64747 ] } },
{ "type": "Feature", "properties": { "facility_id": 105633, "scenario": 99, "state": "Idaho", "plant_type": "BiCRS 2050 Electricty", "cdr_tco2": 2755312.2, "cost_usd_per_tco2": 164.7076, "net_cost_usd": 453820853.0, "forestry_fraction": 0.344, "feedstock_tonnes": 1813302.7, "x_albers": -1314734.7, "y_albers": 2271365.0, "x_lcc": -950686.5, "y_lcc": 62299.5 }, "geometry": { "type": "Point", "coordinates": [ -112.15878, 42.43286 ] } },
{ "type": "Feature", "properties": { "facility_id": 30989, "scenario": 99, "state": "Montana", "plant_type": "BiCRS 2050 gasification H2", "cdr_tco2": 2370288.9, "cost_usd_per_tco2": 60.5416, "net_cost_usd": 143500989.0, "forestry_fraction": 0.0099, "feedstock_tonnes": 1813302.1, "x_albers": -807507.1, "y_albers": 2925261.8, "x_lcc": -484596.8, "y_lcc": 700802.2 }, "geometry": { "type": "Point", "coordinates": [ -106.90893, 48.91481 ] } },
{ "type": "Feature", "properties": { "facility_id": 64664, "scenario": 99, "state": "Montana", "plant_type": "BiCRS 2050 gasification H2", "cdr_tco2": 2500197.3, "cost_usd_per_tco2": 100.8163, "net_cost_usd": 252060618.0, "forestry_fraction": 0.0019, "feedstock_tonnes": 1813302.1, "x_albers": -728773.2, "y_albers": 2634971.1, "x_lcc": -401060.1, "y_lcc": 424021.6 }, "geometry": { "type": "Point", "coordinates": [ -105.46379, 46.37674 ] } },
{ "type": "Feature", "properties": { "facility_id": 70513, "scenario": 99, "state": "Montana", "plant_type": "BiCRS 2050 gasification H2", "cdr_tco2": 2425230.6, "cost_usd_per_tco2": 89.9702, "net_cost_usd": 218198473.0, "forestry_fraction": 0.3478, "feedstock_tonnes": 1813302.3, "x_albers": -907580.5, "y_albers": 2583116.3, "x_lcc": -569782.3, "y_lcc": 368886.0 }, "geometry": { "type": "Point", "coordinates": [ -107.68221, 45.73343 ] } },
{ "type": "Feature", "properties": { "facility_id": 74889, "scenario": 99, "state": "Montana", "plant_type": "BiCRS 2050 Electricty", "cdr_tco2": 487550.5, "cost_usd_per_tco2": 205.9783, "net_cost_usd": 100424794.0, "forestry_fraction": 0.9966, "feedstock_tonnes": 362660.4, "x_albers": -1316468.9, "y_albers": 2541837.7, "x_lcc": -958843.1, "y_lcc": 319040.9 }, "geometry": { "type": "Point", "coordinates": [ -112.76009, 44.81787 ] } },
{ "type": "Feature", "properties": { "facility_id": 74901, "scenario": 99, "state": "Montana", "plant_type": "BiCRS 2050 gasification H2", "cdr_tco2": 2428692.1, "cost_usd_per_tco2": 103.9019, "net_cost_usd": 252345794.0, "forestry_fraction": 0.91, "feedstock_tonnes": 1813302.2, "x_albers": -1009651.0, "y_albers": 2544149.2, "x_lcc": -666011.5, "y_lcc": 328809.8 }, "geometry": { "type": "Point", "coordinates": [ -108.91291, 45.26724 ] } },
{ "type": "Feature", "properties": { "facility_id": 98288, "scenario": 99, "state": "Nevada", "plant_type": "BiCRS 2050 Electricty", "cdr_tco2": 2743943.2, "cost_usd_per_tco2": 188.4603, "net_cost_usd": 517124230.0, "forestry_fraction": 0.9947, "feedstock_tonnes": 1813302.1, "x_albers": -1953729.0, "y_albers": 2327959.5, "x_lcc": -1565002.0, "y_lcc": 106264.1 }, "geometry": { "type": "Point", "coordinates": [ -119.90943, 41.73161 ] } },
{ "type": "Feature", "properties": { "facility_id": 115861, "scenario": 99, "state": "Nevada", "plant_type": "BiCRS 2050 sawmill", "cdr_tco2": 2190856.1, "cost_usd_per_tco2": 121.0723, "net_cost_usd": 265252028.0, "forestry_fraction": 1.0, "feedstock_tonnes": 1813302.1, "x_albers": -1824910.6, "y_albers": 2174447.6, "x_lcc": -1438589.9, "y_lcc": -37830.3 }, "geometry": { "type": "Point", "coordinates": [ -117.96506, 40.67511 ] } },
{ "type": "Feature", "properties": { "facility_id": 123177, "scenario": 99, "state": "Nevada", "plant_type": "BiCRS 2050 gasification H2", "cdr_tco2": 2703097.1, "cost_usd_per_tco2": 112.844, "net_cost_usd": 305028359.0, "forestry_fraction": 0.9552, "feedstock_tonnes": 1813301.9, "x_albers": -1926608.8, "y_albers": 2108069.0, "x_lcc": -1535258.0, "y_lcc": -101780.6 }, "geometry": { "type": "Point", "coordinates": [ -118.95365, 39.88651 ] } },
{ "type": "Feature", "properties": { "facility_id": 126120, "scenario": 99, "state": "Nevada", "plant_type": "BiCRS 2050 gasification H2", "cdr_tco2": 2745571.2, "cost_usd_per_tco2": 135.5267, "net_cost_usd": 372098105.0, "forestry_fraction": 0.9946, "feedstock_tonnes": 1813301.9, "x_albers": -1543532.4, "y_albers": 2087467.8, "x_lcc": -1166090.6, "y_lcc": -116186.9 }, "geometry": { "type": "Point", "coordinates": [ -114.47041, 40.44645 ] } },
{ "type": "Feature", "properties": { "facility_id": 136352, "scenario": 99, "state": "Nevada", "plant_type": "BiCRS 2050 gasification H2", "cdr_tco2": 2754283.2, "cost_usd_per_tco2": 117.5301, "net_cost_usd": 323711237.0, "forestry_fraction": 0.9963, "feedstock_tonnes": 1813302.5, "x_albers": -1951372.4, "y_albers": 1990882.2, "x_lcc": -1557041.2, "y_lcc": -213075.3 }, "geometry": { "type": "Point", "coordinates": [ -118.90732, 38.81837 ] } },
{ "type": "Feature", "properties": { "facility_id": 183210, "scenario": 99, "state": "Nevada", "plant_type": "BiCRS 2050 gasification H2", "cdr_tco2": 2626130.1, "cost_usd_per_tco2": 116.3319, "net_cost_usd": 305502775.0, "forestry_fraction": 0.4736, "feedstock_tonnes": 1813302.5, "x_albers": -1693900.4, "y_albers": 1579410.1, "x_lcc": -1299694.7, "y_lcc": -600817.8 }, "geometry": { "type": "Point", "coordinates": [ -115.02159, 35.73726 ] } },
{ "type": "Feature", "properties": { "facility_id": 183236, "scenario": 99, "state": "New Mexico", "plant_type": "BiCRS 2050 gasification H2", "cdr_tco2": 2563601.0, "cost_usd_per_tco2": 94.5635, "net_cost_usd": 242423076.0, "forestry_fraction": 0.4854, "feedstock_tonnes": 1813302.4, "x_albers": -1031319.7, "y_albers": 1586377.2, "x_lcc": -657967.5, "y_lcc": -579745.8 }, "geometry": { "type": "Point", "coordinates": [ -107.68884, 36.75113 ] } },
{ "type": "Feature", "properties": { "facility_id": 193489, "scenario": 99, "state": "New Mexico", "plant_type": "BiCRS 2050 gasification H2", "cdr_tco2": 2607211.6, "cost_usd_per_tco2": 97.9998, "net_cost_usd": 255506188.0, "forestry_fraction": 0.5586, "feedstock_tonnes": 1813301.8, "x_albers": -903648.9, "y_albers": 1496514.0, "x_lcc": -531382.4, "y_lcc": -661511.8 }, "geometry": { "type": "Point", "coordinates": [ -106.14538, 36.08479 ] } },
{ "type": "Feature", "properties": { "facility_id": 202272, "scenario": 99, "state": "New Mexico", "plant_type": "BiCRS 2050 gasification H2", "cdr_tco2": 2613932.3, "cost_usd_per_tco2": 102.9028, "net_cost_usd": 268980952.0, "forestry_fraction": 0.4508, "feedstock_tonnes": 1813302.4, "x_albers": -928892.4, "y_albers": 1418565.3, "x_lcc": -553269.1, "y_lcc": -736530.0 }, "geometry": { "type": "Point", "coordinates": [ -106.33181, 35.36836 ] } },
{ "type": "Feature", "properties": { "facility_id": 206672, "scenario": 99, "state": "New Mexico", "plant_type": "BiCRS 2050 gasification H2", "cdr_tco2": 2465472.5, "cost_usd_per_tco2": 86.412, "net_cost_usd": 213046328.0, "forestry_fraction": 0.0699, "feedstock_tonnes": 1813302.1, "x_albers": -725055.2, "y_albers": 1380968.0, "x_lcc": -354178.0, "y_lcc": -765894.1 }, "geometry": { "type": "Point", "coordinates": [ -104.04165, 35.20976 ] } },
{ "type": "Feature", "properties": { "facility_id": 208124, "scenario": 99, "state": "New Mexico", "plant_type": "BiCRS 2050 gasification H2", "cdr_tco2": 2764994.1, "cost_usd_per_tco2": 114.5954, "net_cost_usd": 316855556.0, "forestry_fraction": 0.9932, "feedstock_tonnes": 1813302.4, "x_albers": -1030589.9, "y_albers": 1366038.5, "x_lcc": -650281.4, "y_lcc": -789643.3 }, "geometry": { "type": "Point", "coordinates": [ -107.38299, 34.79836 ] } },
{ "type": "Feature", "properties": { "facility_id": 216918, "scenario": 99, "state": "New Mexico", "plant_type": "BiCRS 2050 gasification H2", "cdr_tco2": 2454688.1, "cost_usd_per_tco2": 90.5637, "net_cost_usd": 222305569.0, "forestry_fraction": 0.0117, "feedstock_tonnes": 1813302.1, "x_albers": -775750.7, "y_albers": 1290109.4, "x_lcc": -400172.3, "y_lcc": -854383.8 }, "geometry": { "type": "Point", "coordinates": [ -104.51098, 34.36117 ] } },
{ "type": "Feature", "properties": { "facility_id": 222764, "scenario": 99, "state": "New Mexico", "plant_type": "BiCRS 2050 gasification H2", "cdr_tco2": 2703861.3, "cost_usd_per_tco2": 119.6754, "net_cost_usd": 323585621.0, "forestry_fraction": 0.8504, "feedstock_tonnes": 1813301.6, "x_albers": -1030131.1, "y_albers": 1236824.0, "x_lcc": -645722.7, "y_lcc": -913340.7 }, "geometry": { "type": "Point", "coordinates": [ -107.21041, 33.65112 ] } },
{ "type": "Feature", "properties": { "facility_id": 235949, "scenario": 99, "state": "New Mexico", "plant_type": "BiCRS 2050 gasification H2", "cdr_tco2": 2594220.6, "cost_usd_per_tco2": 90.5025, "net_cost_usd": 234783326.0, "forestry_fraction": 0.4127, "feedstock_tonnes": 1813302.1, "x_albers": -800727.0, "y_albers": 1122252.9, "x_lcc": -418564.2, "y_lcc": -1016270.9 }, "geometry": { "type": "Point", "coordinates": [ -104.61698, 32.84435 ] } },
{ "type": "Feature", "properties": { "facility_id": 244736, "scenario": 99, "state": "New Mexico", "plant_type": "BiCRS 2050 gasification H2", "cdr_tco2": 2502949.8, "cost_usd_per_tco2": 80.0613, "net_cost_usd": 200389346.0, "forestry_fraction": 0.1106, "feedstock_tonnes": 1813302.1, "x_albers": -724189.4, "y_albers": 1045473.3, "x_lcc": -341237.7, "y_lcc": -1087658.9 }, "geometry": { "type": "Point", "coordinates": [ -103.73011, 32.21736 ] } },
{ "type": "Feature", "properties": { "facility_id": 47045, "scenario": 99, "state": "Oregon", "plant_type": "BiCRS 2050 Electricty", "cdr_tco2": 2694330.8, "cost_usd_per_tco2": 171.8739, "net_cost_usd": 463085012.0, "forestry_fraction": 0.8794, "feedstock_tonnes": 1813303.4, "x_albers": -2034865.7, "y_albers": 2777440.3, "x_lcc": -1648330.1, "y_lcc": 532580.4 }, "geometry": { "type": "Point", "coordinates": [ -122.34424, 45.43028 ] } },
{ "type": "Feature", "properties": { "facility_id": 51447, "scenario": 99, "state": "Oregon", "plant_type": "BiCRS 2050 Electricty", "cdr_tco2": 1710723.3, "cost_usd_per_tco2": 207.1006, "net_cost_usd": 354291791.0, "forestry_fraction": 0.5096, "feedstock_tonnes": 1305577.5, "x_albers": -1778668.4, "y_albers": 2742109.0, "x_lcc": -1403550.6, "y_lcc": 501761.1 }, "geometry": { "type": "Point", "coordinates": [ -119.05648, 45.71557 ] } },
{ "type": "Feature", "properties": { "facility_id": 55825, "scenario": 99, "state": "Oregon", "plant_type": "BiCRS 2050 Electricty", "cdr_tco2": 2695329.7, "cost_usd_per_tco2": 133.6231, "net_cost_usd": 360158404.0, "forestry_fraction": 0.4669, "feedstock_tonnes": 1813302.1, "x_albers": -2136210.0, "y_albers": 2699153.0, "x_lcc": -1744405.1, "y_lcc": 457235.0 }, "geometry": { "type": "Point", "coordinates": [ -123.30294, 44.50098 ] } },
{ "type": "Feature", "properties": { "facility_id": 55833, "scenario": 99, "state": "Oregon", "plant_type": "BiCRS 2050 Electricty", "cdr_tco2": 2725806.6, "cost_usd_per_tco2": 219.7392, "net_cost_usd": 598966650.0, "forestry_fraction": 0.9771, "feedstock_tonnes": 1813302.2, "x_albers": -1931665.3, "y_albers": 2701931.9, "x_lcc": -1549046.4, "y_lcc": 461592.6 }, "geometry": { "type": "Point", "coordinates": [ -120.82067, 45.02258 ] } },
{ "type": "Feature", "properties": { "facility_id": 70473, "scenario": 99, "state": "Oregon", "plant_type": "BiCRS 2050 Electricty", "cdr_tco2": 2291767.9, "cost_usd_per_tco2": 203.5753, "net_cost_usd": 466547315.0, "forestry_fraction": 0.7854, "feedstock_tonnes": 1675223.4, "x_albers": -1930314.0, "y_albers": 2573534.8, "x_lcc": -1546146.2, "y_lcc": 339447.3 }, "geometry": { "type": "Point", "coordinates": [ -120.39002, 43.9116 ] } },
{ "type": "Feature", "properties": { "facility_id": 77788, "scenario": 99, "state": "Oregon", "plant_type": "BiCRS 2050 Electricty", "cdr_tco2": 2790622.4, "cost_usd_per_tco2": 166.7507, "net_cost_usd": 465338342.0, "forestry_fraction": 0.9098, "feedstock_tonnes": 1813302.1, "x_albers": -2057489.2, "y_albers": 2507267.6, "x_lcc": -1667032.2, "y_lcc": 275440.9 }, "geometry": { "type": "Point", "coordinates": [ -121.70037, 43.04161 ] } },
{ "type": "Feature", "properties": { "facility_id": 80712, "scenario": 99, "state": "Oregon", "plant_type": "BiCRS 2050 Electricty", "cdr_tco2": 2749482.5, "cost_usd_per_tco2": 161.9729, "net_cost_usd": 445341537.0, "forestry_fraction": 0.9509, "feedstock_tonnes": 1813302.1, "x_albers": -2159471.5, "y_albers": 2479833.0, "x_lcc": -1764431.7, "y_lcc": 248789.7 }, "geometry": { "type": "Point", "coordinates": [ -122.81478, 42.55643 ] } },
{ "type": "Feature", "properties": { "facility_id": 83648, "scenario": 99, "state": "Oregon", "plant_type": "BiCRS 2050 Electricty", "cdr_tco2": 2747031.7, "cost_usd_per_tco2": 188.5052, "net_cost_usd": 517829638.0, "forestry_fraction": 0.9982, "feedstock_tonnes": 1813302.1, "x_albers": -1954797.1, "y_albers": 2457193.4, "x_lcc": -1567970.1, "y_lcc": 228767.4 }, "geometry": { "type": "Point", "coordinates": [ -120.31803, 42.84794 ] } },
{ "type": "Feature", "properties": { "facility_id": 89500, "scenario": 99, "state": "Oregon", "plant_type": "BiCRS 2050 Electricty", "cdr_tco2": 2764674.2, "cost_usd_per_tco2": 178.0701, "net_cost_usd": 492305849.0, "forestry_fraction": 0.9965, "feedstock_tonnes": 1813302.1, "x_albers": -2056558.4, "y_albers": 2403964.9, "x_lcc": -1664795.0, "y_lcc": 177475.1 }, "geometry": { "type": "Point", "coordinates": [ -121.35324, 42.15276 ] } },
{ "type": "Feature", "properties": { "facility_id": 112949, "scenario": 99, "state": "Utah", "plant_type": "BiCRS 2050 Electricty", "cdr_tco2": 2714669.6, "cost_usd_per_tco2": 201.8607, "net_cost_usd": 547985051.0, "forestry_fraction": 0.6915, "feedstock_tonnes": 1813301.9, "x_albers": -1416523.8, "y_albers": 2205602.5, "x_lcc": -1046767.1, "y_lcc": -2048.2 }, "geometry": { "type": "Point", "coordinates": [ -113.23829, 41.69489 ] } },
{ "type": "Feature", "properties": { "facility_id": 120272, "scenario": 99, "state": "Utah", "plant_type": "BiCRS 2050 gasification H2", "cdr_tco2": 2771513.8, "cost_usd_per_tco2": 114.7313, "net_cost_usd": 317979376.0, "forestry_fraction": 1.0, "feedstock_tonnes": 1813302.0, "x_albers": -1339586.3, "y_albers": 2141673.3, "x_lcc": -971268.9, "y_lcc": -61034.7 }, "geometry": { "type": "Point", "coordinates": [ -112.18942, 41.25279 ] } },
{ "type": "Feature", "properties": { "facility_id": 131983, "scenario": 99, "state": "Utah", "plant_type": "BiCRS 2050 gasification H2", "cdr_tco2": 2761042.0, "cost_usd_per_tco2": 106.0121, "net_cost_usd": 292703977.0, "forestry_fraction": 0.9943, "feedstock_tonnes": 1813302.1, "x_albers": -1364604.4, "y_albers": 2037664.0, "x_lcc": -992672.2, "y_lcc": -159995.6 }, "geometry": { "type": "Point", "coordinates": [ -112.27276, 40.29961 ] } },
{ "type": "Feature", "properties": { "facility_id": 134916, "scenario": 99, "state": "Utah", "plant_type": "BiCRS 2050 gasification H2", "cdr_tco2": 2756350.8, "cost_usd_per_tco2": 125.9639, "net_cost_usd": 347200591.0, "forestry_fraction": 1.0, "feedstock_tonnes": 1813302.0, "x_albers": -1236889.7, "y_albers": 2013047.6, "x_lcc": -869074.3, "y_lcc": -180537.9 }, "geometry": { "type": "Point", "coordinates": [ -110.73021, 40.26793 ] } },
{ "type": "Feature", "properties": { "facility_id": 140764, "scenario": 99, "state": "Utah", "plant_type": "BiCRS 2050 gasification H2", "cdr_tco2": 2741150.0, "cost_usd_per_tco2": 141.724, "net_cost_usd": 388486643.0, "forestry_fraction": 0.9901, "feedstock_tonnes": 1813303.0, "x_albers": -1440786.8, "y_albers": 1958923.9, "x_lcc": -1064059.6, "y_lcc": -236040.7 }, "geometry": { "type": "Point", "coordinates": [ -112.99616, 39.48923 ] } },
{ "type": "Feature", "properties": { "facility_id": 140776, "scenario": 99, "state": "Utah", "plant_type": "BiCRS 2050 gasification H2", "cdr_tco2": 2699730.6, "cost_usd_per_tco2": 93.5501, "net_cost_usd": 252560132.0, "forestry_fraction": 0.7605, "feedstock_tonnes": 1813302.2, "x_albers": -1134615.1, "y_albers": 1962106.9, "x_lcc": -769145.8, "y_lcc": -226313.6 }, "geometry": { "type": "Point", "coordinates": [ -109.44397, 39.95306 ] } },
{ "type": "Feature", "properties": { "facility_id": 149549, "scenario": 99, "state": "Utah", "plant_type": "BiCRS 2050 gasification H2", "cdr_tco2": 2665560.4, "cost_usd_per_tco2": 137.1335, "net_cost_usd": 365537746.0, "forestry_fraction": 0.8396, "feedstock_tonnes": 1813302.4, "x_albers": -1414910.2, "y_albers": 1881309.7, "x_lcc": -1037143.2, "y_lcc": -309051.5 }, "geometry": { "type": "Point", "coordinates": [ -112.53942, 38.848 ] } },
{ "type": "Feature", "properties": { "facility_id": 149556, "scenario": 99, "state": "Utah", "plant_type": "BiCRS 2050 gasification H2", "cdr_tco2": 2726712.1, "cost_usd_per_tco2": 135.9677, "net_cost_usd": 370744713.0, "forestry_fraction": 0.9987, "feedstock_tonnes": 1813301.8, "x_albers": -1236351.9, "y_albers": 1883221.3, "x_lcc": -864946.8, "y_lcc": -303421.5 }, "geometry": { "type": "Point", "coordinates": [ -110.49002, 39.12378 ] } },
{ "type": "Feature", "properties": { "facility_id": 162735, "scenario": 99, "state": "Utah", "plant_type": "BiCRS 2050 gasification H2", "cdr_tco2": 2716906.4, "cost_usd_per_tco2": 126.5153, "net_cost_usd": 343730325.0, "forestry_fraction": 0.9768, "feedstock_tonnes": 1813302.1, "x_albers": -1159395.2, "y_albers": 1767062.1, "x_lcc": -787330.1, "y_lcc": -411631.2 }, "geometry": { "type": "Point", "coordinates": [ -109.40976, 38.19898 ] } },
{ "type": "Feature", "properties": { "facility_id": 3129, "scenario": 99, "state": "Washington", "plant_type": "BiCRS 2050 Electricty", "cdr_tco2": 2333644.7, "cost_usd_per_tco2": 155.3852, "net_cost_usd": 362613804.0, "forestry_fraction": 0.0484, "feedstock_tonnes": 1631972.3, "x_albers": -1938533.0, "y_albers": 3158625.3, "x_lcc": -1559002.2, "y_lcc": 899750.6 }, "geometry": { "type": "Point", "coordinates": [ -122.50166, 48.9849 ] } },
{ "type": "Feature", "properties": { "facility_id": 13377, "scenario": 99, "state": "Washington", "plant_type": "BiCRS 2050 Electricty", "cdr_tco2": 2644706.5, "cost_usd_per_tco2": 127.2005, "net_cost_usd": 336407972.0, "forestry_fraction": 0.3452, "feedstock_tonnes": 1813301.7, "x_albers": -1936895.6, "y_albers": 3070637.2, "x_lcc": -1557128.3, "y_lcc": 814748.6 }, "geometry": { "type": "Point", "coordinates": [ -122.15769, 48.21969 ] } },
{ "type": "Feature", "properties": { "facility_id": 23631, "scenario": 99, "state": "Washington", "plant_type": "BiCRS 2050 Electricty", "cdr_tco2": 1341141.7, "cost_usd_per_tco2": 176.9272, "net_cost_usd": 237284453.0, "forestry_fraction": 0.5131, "feedstock_tonnes": 979182.8, "x_albers": -1781866.6, "y_albers": 2983510.6, "x_lcc": -1409304.5, "y_lcc": 733081.4 }, "geometry": { "type": "Point", "coordinates": [ -119.86627, 47.8225 ] } },
{ "type": "Feature", "properties": { "facility_id": 28013, "scenario": 99, "state": "Washington", "plant_type": "BiCRS 2050 Electricty", "cdr_tco2": 2590158.5, "cost_usd_per_tco2": 161.8118, "net_cost_usd": 419118236.0, "forestry_fraction": 0.9797, "feedstock_tonnes": 1813302.5, "x_albers": -2037168.0, "y_albers": 2943162.3, "x_lcc": -1651772.3, "y_lcc": 691005.1 }, "geometry": { "type": "Point", "coordinates": [ -122.96548, 46.85992 ] } },
{ "type": "Feature", "properties": { "facility_id": 28027, "scenario": 99, "state": "Washington", "plant_type": "BiCRS 2050 Electricty", "cdr_tco2": 1715333.3, "cost_usd_per_tco2": 187.4489, "net_cost_usd": 321537392.0, "forestry_fraction": 0.5009, "feedstock_tonnes": 1305577.9, "x_albers": -1678917.4, "y_albers": 2946384.7, "x_lcc": -1311129.5, "y_lcc": 699059.2 }, "geometry": { "type": "Point", "coordinates": [ -118.42455, 47.72098 ] } },
{ "type": "Feature", "properties": { "facility_id": 32414, "scenario": 99, "state": "Washington", "plant_type": "BiCRS 2050 Electricty", "cdr_tco2": 1771392.1, "cost_usd_per_tco2": 152.3244, "net_cost_usd": 269826316.0, "forestry_fraction": 0.1842, "feedstock_tonnes": 1305577.5, "x_albers": -1806345.1, "y_albers": 2907350.2, "x_lcc": -1431846.6, "y_lcc": 659510.0 }, "geometry": { "type": "Point", "coordinates": [ -119.92899, 47.09974 ] } },
{ "type": "Feature", "properties": { "facility_id": 32422, "scenario": 99, "state": "Washington", "plant_type": "BiCRS 2050 Electricty", "cdr_tco2": 2167123.5, "cost_usd_per_tco2": 184.5329, "net_cost_usd": 399905475.0, "forestry_fraction": 0.6461, "feedstock_tonnes": 1631972.3, "x_albers": -1601602.2, "y_albers": 2909021.5, "x_lcc": -1237210.6, "y_lcc": 664510.6 }, "geometry": { "type": "Point", "coordinates": [ -117.31707, 47.55125 ] } },
{ "type": "Feature", "properties": { "facility_id": 44121, "scenario": 99, "state": "Washington", "plant_type": "BiCRS 2050 Electricty", "cdr_tco2": 2737952.1, "cost_usd_per_tco2": 201.524, "net_cost_usd": 551763183.0, "forestry_fraction": 0.9615, "feedstock_tonnes": 1813302.0, "x_albers": -1932892.9, "y_albers": 2804236.9, "x_lcc": -1551325.7, "y_lcc": 559174.5 }, "geometry": { "type": "Point", "coordinates": [ -121.17602, 45.90847 ] } },
{ "type": "Feature", "properties": { "facility_id": 45597, "scenario": 99, "state": "Washington", "plant_type": "BiCRS 2050 Electricty", "cdr_tco2": 2522963.7, "cost_usd_per_tco2": 227.955, "net_cost_usd": 575122200.0, "forestry_fraction": 0.9916, "feedstock_tonnes": 1694123.8, "x_albers": -1625777.3, "y_albers": 2794622.8, "x_lcc": -1258593.5, "y_lcc": 554326.2 }, "geometry": { "type": "Point", "coordinates": [ -117.29269, 46.49466 ] } },
{ "type": "Feature", "properties": { "facility_id": 82228, "scenario": 99, "state": "Wyoming", "plant_type": "BiCRS 2050 gasification H2", "cdr_tco2": 2434429.5, "cost_usd_per_tco2": 81.2498, "net_cost_usd": 197796923.0, "forestry_fraction": 0.0689, "feedstock_tonnes": 1813302.1, "x_albers": -830328.7, "y_albers": 2481153.9, "x_lcc": -492998.1, "y_lcc": 274034.0 }, "geometry": { "type": "Point", "coordinates": [ -106.55137, 44.90377 ] } },
{ "type": "Feature", "properties": { "facility_id": 88076, "scenario": 99, "state": "Wyoming", "plant_type": "BiCRS 2050 gasification H2", "cdr_tco2": 2409750.5, "cost_usd_per_tco2": 86.6524, "net_cost_usd": 208810774.0, "forestry_fraction": 0.4679, "feedstock_tonnes": 1813301.8, "x_albers": -1034556.5, "y_albers": 2428508.3, "x_lcc": -686555.9, "y_lcc": 218097.7 }, "geometry": { "type": "Point", "coordinates": [ -109.02602, 44.20786 ] } },
{ "type": "Feature", "properties": { "facility_id": 93940, "scenario": 99, "state": "Wyoming", "plant_type": "BiCRS 2050 gasification H2", "cdr_tco2": 2513049.6, "cost_usd_per_tco2": 95.0935, "net_cost_usd": 238974599.0, "forestry_fraction": 0.1517, "feedstock_tonnes": 1813302.1, "x_albers": -829871.9, "y_albers": 2378390.9, "x_lcc": -489319.5, "y_lcc": 176356.6 }, "geometry": { "type": "Point", "coordinates": [ -106.40323, 43.98747 ] } },
{ "type": "Feature", "properties": { "facility_id": 108567, "scenario": 99, "state": "Wyoming", "plant_type": "BiCRS 2050 gasification H2", "cdr_tco2": 2774451.4, "cost_usd_per_tco2": 113.9678, "net_cost_usd": 316198039.0, "forestry_fraction": 0.9461, "feedstock_tonnes": 1813302.2, "x_albers": -1161367.1, "y_albers": 2246961.4, "x_lcc": -802939.9, "y_lcc": 42658.3 }, "geometry": { "type": "Point", "coordinates": [ -110.25921, 42.43598 ] } },
{ "type": "Feature", "properties": { "facility_id": 108581, "scenario": 99, "state": "Wyoming", "plant_type": "BiCRS 2050 gasification H2", "cdr_tco2": 2535094.0, "cost_usd_per_tco2": 90.4415, "net_cost_usd": 229277645.0, "forestry_fraction": 0.0506, "feedstock_tonnes": 1813302.1, "x_albers": -803830.6, "y_albers": 2249621.9, "x_lcc": -460223.3, "y_lcc": 55020.4 }, "geometry": { "type": "Point", "coordinates": [ -105.91149, 42.86541 ] } },
{ "type": "Feature", "properties": { "facility_id": 112968, "scenario": 99, "state": "Wyoming", "plant_type": "BiCRS 2050 gasification H2", "cdr_tco2": 2768935.1, "cost_usd_per_tco2": 104.6961, "net_cost_usd": 289896801.0, "forestry_fraction": 1.0, "feedstock_tonnes": 1813302.1, "x_albers": -931370.7, "y_albers": 2210014.7, "x_lcc": -581245.6, "y_lcc": 13713.7 }, "geometry": { "type": "Point", "coordinates": [ -107.41161, 42.38552 ] } },
{ "type": "Feature", "properties": { "facility_id": 114426, "scenario": 99, "state": "Wyoming", "plant_type": "BiCRS 2050 gasification H2", "cdr_tco2": 2729990.7, "cost_usd_per_tco2": 128.8879, "net_cost_usd": 351862686.0, "forestry_fraction": 0.9438, "feedstock_tonnes": 1813301.8, "x_albers": -1084520.8, "y_albers": 2195891.6, "x_lcc": -727770.0, "y_lcc": -3799.8 }, "geometry": { "type": "Point", "coordinates": [ -109.24157, 42.08314 ] } },
{ "type": "Feature", "properties": { "facility_id": 117348, "scenario": 99, "state": "Wyoming", "plant_type": "BiCRS 2050 gasification H2", "cdr_tco2": 2739464.2, "cost_usd_per_tco2": 96.3666, "net_cost_usd": 263992959.0, "forestry_fraction": 0.9982, "feedstock_tonnes": 1813302.1, "x_albers": -1237594.0, "y_albers": 2168617.5, "x_lcc": -873980.2, "y_lcc": -33314.7 }, "geometry": { "type": "Point", "coordinates": [ -111.02907, 41.63928 ] } },
{ "type": "Feature", "properties": { "facility_id": 117363, "scenario": 99, "state": "Wyoming", "plant_type": "BiCRS 2050 gasification H2", "cdr_tco2": 2762393.5, "cost_usd_per_tco2": 105.893, "net_cost_usd": 292518073.0, "forestry_fraction": 1.0, "feedstock_tonnes": 1813302.1, "x_albers": -854629.5, "y_albers": 2171737.3, "x_lcc": -506402.0, "y_lcc": -20289.2 }, "geometry": { "type": "Point", "coordinates": [ -106.42798, 42.12417 ] } },
{ "type": "Feature", "properties": { "facility_id": 123208, "scenario": 99, "state": "Wyoming", "plant_type": "BiCRS 2050 gasification H2", "cdr_tco2": 2771708.0, "cost_usd_per_tco2": 116.1955, "net_cost_usd": 322060126.0, "forestry_fraction": 1.0, "feedstock_tonnes": 1813302.0, "x_albers": -1135244.1, "y_albers": 2117756.9, "x_lcc": -774242.1, "y_lcc": -79037.1 }, "geometry": { "type": "Point", "coordinates": [ -109.71569, 41.32781 ] } },
{ "type": "Feature", "properties": { "facility_id": 127612, "scenario": 99, "state": "Wyoming", "plant_type": "BiCRS 2050 gasification H2", "cdr_tco2": 2510000.2, "cost_usd_per_tco2": 80.5826, "net_cost_usd": 202262441.0, "forestry_fraction": 0.4067, "feedstock_tonnes": 1813302.1, "x_albers": -828805.5, "y_albers": 2081258.5, "x_lcc": -478641.0, "y_lcc": -105138.5 }, "geometry": { "type": "Point", "coordinates": [ -105.99954, 41.34498 ] } }
]
}
