{
"type": "FeatureCollection",
"name": "states_west",
"crs": { "type": "name", "properties": { "name": "urn:ogc:def:crs:OGC:1.3:CRS84" } },
"xy_coordinate_resolution": 1e-05,
"features": [
{ "type": "Feature", "properties": { "STATEFP": "04", "GEOID": "04", "STUSPS": "AZ", "NAME": "Arizona" }, "geometry": { "type": "Polygon", "coordinates": [ [ [ -114.79968, 32.59362 ], [ -114.80939, 32.61712 ], [ -114.79757, 32.62458 ], [ -114.78224, 32.63021 ], [ -114.76741, 32.64667 ], [ -114.76495, 32.64939 ], [ -114.73045, 32.69884 ], [ -114.73004, 32.69967 ], [ -114.73009, 32.7043 ], [ -114.72275, 32.71307 ], [ -114.71963, 32.71876 ], [ -114.71766, 32.72165 ], [ -114.71579, 32.72776 ], [ -114.71452, 32.73039 ], [ -114.7083, 32.73829 ], [ -114.70572, 32.74158 ], [ -114.70192, 32.74555 ], [ -114.70074, 32.74562 ], [ -114.69879, 32.74485 ], [ -114.68878, 32.73768 ], [ -114.68428, 32.73754 ], [ -114.67863, 32.73661 ], [ -114.67709, 32.73622 ], [ -114.66749, 32.73423 ], [ -114.66549, 32.73413 ], [ -114.65884, 32.73383 ], [ -114.65826, 32.7338 ], [ -114.64933, 32.73277 ], [ -114.63269, 32.73085 ], [ -114.6245, 32.72936 ], [ -114.61837, 32.72825 ], [ -114.61567, 32.72844 ], [ -114.61558, 32.72845 ], [ -114.61573, 32.72943 ], [ -114.61477, 32.73409 ], [ -114.53909, 32.75695 ], [ -114.52686, 32.75709 ], [ -114.52737, 32.7604 ], [ -114.52844, 32.76728 ], [ -114.53183, 32.77426 ], [ -114.53243, 32.77692 ], [ -114.53175, 32.7825 ], [ -114.53167, 32.79118 ], [ -114.53075, 32.79348 ], [ -114.52885, 32.79631 ], [ -114.52203, 32.80168 ], [ -114.52039, 32.80358 ], [ -114.51976, 32.80568 ], [ -114.51539, 32.81144 ], [ -114.51022, 32.81642 ], [ -114.49683, 32.82212 ], [ -114.49628, 32.82233 ], [ -114.49412, 32.82329 ], [ -114.47589, 32.83869 ], [ -114.46897, 32.84515 ], [ -114.46555, 32.87481 ], [ -114.46572, 32.87919 ], [ -114.46572, 32.87942 ], [ -114.46529, 32.88308 ], [ -114.46313, 32.90188 ], [ -114.46293, 32.90794 ], [ -114.46365, 32.91168 ], [ -114.46445, 32.91313 ], [ -114.47371, 32.92059 ], [ -114.47664, 32.92363 ], [ -114.47901, 32.92829 ], [ -114.48092, 32.93525 ], [ -114.48074, 32.93703 ], [ -114.47846, 32.94056 ], [ -114.47404, 32.94515 ], [ -114.47083, 32.94933 ], [ -114.46911, 32.95267 ], [ -114.46773, 32.95632 ], [ -114.46727, 32.96068 ], [ -114.46766, 32.96686 ], [ -114.46904, 32.9723 ], [ -114.47099, 32.97406 ], [ -114.47616, 32.97517 ], [ -114.48042, 32.97366 ], [ -114.48131, 32.97206 ], [ -114.48862, 32.96995 ], [ -114.49013, 32.96988 ], [ -114.49294, 32.97178 ], [ -114.49421, 32.97426 ], [ -114.49571, 32.98008 ], [ -114.49732, 32.99147 ], [ -114.4998, 33.00391 ], [ -114.50287, 33.01115 ], [ -114.50613, 33.01701 ], [ -114.51134, 33.02345 ], [ -114.5149, 33.02652 ], [ -114.51688, 33.02783 ], [ -114.52013, 33.02998 ], [ -114.52358, 33.03096 ], [ -114.53846, 33.03342 ], [ -114.55319, 33.03397 ], [ -114.57165, 33.03662 ], [ -114.57516, 33.03654 ], [ -114.57829, 33.03538 ], [ -114.5814, 33.03254 ], [ -114.58477, 33.02823 ], [ -114.58698, 33.02694 ], [ -114.58978, 33.02623 ], [ -114.60101, 33.02541 ], [ -114.61879, 33.0272 ], [ -114.62579, 33.02944 ], [ -114.62829, 33.03105 ], [ -114.63419, 33.03903 ], [ -114.63955, 33.04529 ], [ -114.64162, 33.0469 ], [ -114.64598, 33.0489 ], [ -114.649, 33.04676 ], [ -114.65504, 33.03711 ], [ -114.65783, 33.03383 ], [ -114.65983, 33.03267 ], [ -114.66232, 33.03267 ], [ -114.66506, 33.03391 ], [ -114.6708, 33.03798 ], [ -114.67366, 33.0419 ], [ -114.6751, 33.04753 ], [ -114.6743, 33.05717 ], [ -114.68699, 33.07097 ], [ -114.68912, 33.07612 ], [ -114.68931, 33.07918 ], [ -114.6886, 33.08287 ], [ -114.68902, 33.08404 ], [ -114.69255, 33.08579 ], [ -114.69463, 33.08623 ], [ -114.70117, 33.08637 ], [ -114.70473, 33.08705 ], [ -114.70649, 33.08816 ], [ -114.70782, 33.0911 ], [ -114.7079, 33.09743 ], [ -114.70618, 33.10533 ], [ -114.70368, 33.11377 ], [ -114.69683, 33.13121 ], [ -114.68999, 33.13788 ], [ -114.68707, 33.1422 ], [ -114.68449, 33.14812 ], [ -114.68225, 33.15521 ], [ -114.67936, 33.15952 ], [ -114.67873, 33.16295 ], [ -114.68025, 33.16972 ], [ -114.67903, 33.17474 ], [ -114.67583, 33.18152 ], [ -114.67536, 33.18549 ], [ -114.67519, 33.18818 ], [ -114.67818, 33.19958 ], [ -114.67875, 33.20345 ], [ -114.67607, 33.21084 ], [ -114.67372, 33.21925 ], [ -114.67363, 33.22312 ], [ -114.67448, 33.2255 ], [ -114.6781, 33.2303 ], [ -114.68273, 33.23492 ], [ -114.68942, 33.24525 ], [ -114.68954, 33.24643 ], [ -114.6882, 33.24797 ], [ -114.67449, 33.2556 ], [ -114.67209, 33.2585 ], [ -114.6724, 33.26047 ], [ -114.67703, 33.27017 ], [ -114.68051, 33.27358 ], [ -114.68436, 33.27602 ], [ -114.69445, 33.27979 ], [ -114.70287, 33.28192 ], [ -114.7112, 33.28334 ], [ -114.71788, 33.28516 ], [ -114.72167, 33.28698 ], [ -114.72326, 33.28808 ], [ -114.73122, 33.30243 ], [ -114.73122, 33.30404 ], [ -114.7299, 33.30575 ], [ -114.72362, 33.31211 ], [ -114.71079, 33.32061 ], [ -114.70796, 33.32342 ], [ -114.70524, 33.32777 ], [ -114.70094, 33.33701 ], [ -114.69804, 33.35244 ], [ -114.69817, 33.35657 ], [ -114.69905, 33.36115 ], [ -114.70735, 33.37663 ], [ -114.70701, 33.38063 ], [ -114.70731, 33.38254 ], [ -114.70841, 33.38415 ], [ -114.7136, 33.38826 ], [ -114.72287, 33.39878 ], [ -114.72529, 33.40234 ], [ -114.72553, 33.40406 ], [ -114.72528, 33.40505 ], [ -114.72383, 33.40653 ], [ -114.72007, 33.40789 ], [ -114.71088, 33.40725 ], [ -114.70173, 33.40839 ], [ -114.69771, 33.41094 ], [ -114.6968, 33.41209 ], [ -114.6965, 33.41406 ], [ -114.69566, 33.41513 ], [ -114.68795, 33.41794 ], [ -114.6739, 33.4183 ], [ -114.65838, 33.41304 ], [ -114.65283, 33.41292 ], [ -114.64954, 33.41363 ], [ -114.6433, 33.41674 ], [ -114.63518, 33.42273 ], [ -114.62964, 33.42814 ], [ -114.62713, 33.43355 ], [ -114.62228, 33.44756 ], [ -114.6234, 33.45449 ], [ -114.62292, 33.45656 ], [ -114.61247, 33.47077 ], [ -114.60784, 33.47483 ], [ -114.6017, 33.48139 ], [ -114.59971, 33.48432 ], [ -114.59876, 33.4868 ], [ -114.59728, 33.49065 ], [ -114.59155, 33.49944 ], [ -114.58824, 33.50245 ], [ -114.58047, 33.50646 ], [ -114.57376, 33.50754 ], [ -114.56953, 33.50922 ], [ -114.56096, 33.51674 ], [ -114.56055, 33.51827 ], [ -114.56083, 33.52433 ], [ -114.55951, 33.53072 ], [ -114.5589, 33.53182 ], [ -114.54201, 33.54248 ], [ -114.5246, 33.55223 ], [ -114.52439, 33.55368 ], [ -114.52683, 33.55747 ], [ -114.53566, 33.56879 ], [ -114.53597, 33.56915 ], [ -114.5403, 33.58062 ], [ -114.54062, 33.59141 ], [ -114.52919, 33.60665 ], [ -114.52678, 33.60883 ], [ -114.52481, 33.61135 ], [ -114.52462, 33.61426 ], [ -114.52578, 33.61659 ], [ -114.52794, 33.61884 ], [ -114.52966, 33.62279 ], [ -114.52986, 33.62745 ], [ -114.5285, 33.63016 ], [ -114.52695, 33.63307 ], [ -114.52695, 33.63753 ], [ -114.52709, 33.63812 ], [ -114.52792, 33.64141 ], [ -114.52908, 33.64413 ], [ -114.53005, 33.64762 ], [ -114.53024, 33.65014 ], [ -114.5283, 33.65305 ], [ -114.52695, 33.65557 ], [ -114.52578, 33.65712 ], [ -114.5252, 33.65809 ], [ -114.52501, 33.65964 ], [ -114.5252, 33.66158 ], [ -114.52598, 33.66294 ], [ -114.52695, 33.6643 ], [ -114.5283, 33.66604 ], [ -114.52971, 33.66803 ], [ -114.531, 33.6711 ], [ -114.53152, 33.67511 ], [ -114.53035, 33.67925 ], [ -114.52778, 33.68268 ], [ -114.52396, 33.68588 ], [ -114.51911, 33.68847 ], [ -114.51241, 33.69128 ], [ -114.50499, 33.69302 ], [ -114.49649, 33.6969 ], [ -114.49572, 33.69845 ], [ -114.4942, 33.70792 ], [ -114.4949, 33.71443 ], [ -114.49657, 33.71916 ], [ -114.50079, 33.7222 ], [ -114.50266, 33.72458 ], [ -114.50418, 33.72805 ], [ -114.5068, 33.73052 ], [ -114.51027, 33.73215 ], [ -114.51235, 33.73421 ], [ -114.51191, 33.73499 ], [ -114.50821, 33.74159 ], [ -114.506, 33.74634 ], [ -114.50448, 33.751 ], [ -114.50434, 33.75638 ], [ -114.50483, 33.76021 ], [ -114.50486, 33.76047 ], [ -114.50709, 33.76793 ], [ -114.51673, 33.78834 ], [ -114.52009, 33.79947 ], [ -114.52805, 33.81496 ], [ -114.52716, 33.81619 ], [ -114.52271, 33.81898 ], [ -114.52073, 33.82203 ], [ -114.51997, 33.82538 ], [ -114.52047, 33.82778 ], [ -114.52341, 33.83532 ], [ -114.52554, 33.83861 ], [ -114.5296, 33.84806 ], [ -114.52939, 33.85175 ], [ -114.52845, 33.85493 ], [ -114.52677, 33.85736 ], [ -114.52453, 33.85848 ], [ -114.51681, 33.85812 ], [ -114.51467, 33.85864 ], [ -114.50564, 33.86428 ], [ -114.50389, 33.86575 ], [ -114.50302, 33.868 ], [ -114.50339, 33.87502 ], [ -114.50434, 33.87688 ], [ -114.51247, 33.88288 ], [ -114.5165, 33.88593 ], [ -114.51781, 33.88817 ], [ -114.51856, 33.88985 ], [ -114.51893, 33.89171 ], [ -114.51874, 33.89321 ], [ -114.51781, 33.89489 ], [ -114.51631, 33.8962 ], [ -114.51372, 33.89796 ], [ -114.51094, 33.8991 ], [ -114.50871, 33.90064 ], [ -114.50799, 33.90181 ], [ -114.50792, 33.90381 ], [ -114.50856, 33.9061 ], [ -114.51151, 33.91109 ], [ -114.51843, 33.91752 ], [ -114.52536, 33.92227 ], [ -114.52839, 33.92367 ], [ -114.53368, 33.92607 ], [ -114.53499, 33.9285 ], [ -114.53548, 33.93465 ], [ -114.52868, 33.94782 ], [ -114.522, 33.95562 ], [ -114.51586, 33.95811 ], [ -114.51123, 33.95704 ], [ -114.50957, 33.95726 ], [ -114.49988, 33.96179 ], [ -114.49505, 33.96684 ], [ -114.48478, 33.97552 ], [ -114.4831, 33.97774 ], [ -114.48233, 33.98018 ], [ -114.48145, 33.98126 ], [ -114.47591, 33.98442 ], [ -114.47114, 33.98804 ], [ -114.46793, 33.99288 ], [ -114.46619, 33.99347 ], [ -114.46238, 33.99378 ], [ -114.46117, 33.99469 ], [ -114.46026, 33.99665 ], [ -114.46041, 33.99921 ], [ -114.46283, 34.0045 ], [ -114.46313, 34.00661 ], [ -114.46283, 34.00842 ], [ -114.46117, 34.01008 ], [ -114.45891, 34.01084 ], [ -114.45481, 34.01097 ], [ -114.45021, 34.01257 ], [ -114.44382, 34.01618 ], [ -114.44054, 34.01933 ], [ -114.43827, 34.02261 ], [ -114.43617, 34.02808 ], [ -114.43495, 34.03778 ], [ -114.4355, 34.04261 ], [ -114.4386, 34.0502 ], [ -114.43941, 34.05381 ], [ -114.43934, 34.05789 ], [ -114.43768, 34.07194 ], [ -114.43543, 34.07973 ], [ -114.43418, 34.08738 ], [ -114.43338, 34.08841 ], [ -114.42803, 34.09279 ], [ -114.42617, 34.09704 ], [ -114.4205, 34.10347 ], [ -114.41591, 34.10764 ], [ -114.41168, 34.11003 ], [ -114.40594, 34.11154 ], [ -114.40135, 34.11165 ], [ -114.39056, 34.11008 ], [ -114.37923, 34.11599 ], [ -114.3693, 34.11752 ], [ -114.36652, 34.11857 ], [ -114.3604, 34.12358 ], [ -114.35637, 34.13043 ], [ -114.35303, 34.13312 ], [ -114.34805, 34.13446 ], [ -114.33611, 34.13403 ], [ -114.32458, 34.13676 ], [ -114.32078, 34.13864 ], [ -114.31221, 34.14478 ], [ -114.30219, 34.15611 ], [ -114.29902, 34.15969 ], [ -114.29281, 34.16672 ], [ -114.28729, 34.17053 ], [ -114.27527, 34.17215 ], [ -114.26827, 34.17021 ], [ -114.25414, 34.17383 ], [ -114.24419, 34.17963 ], [ -114.24071, 34.18323 ], [ -114.22971, 34.18693 ], [ -114.22902, 34.18743 ], [ -114.22703, 34.18887 ], [ -114.22494, 34.1939 ], [ -114.22586, 34.20177 ], [ -114.22519, 34.20364 ], [ -114.22338, 34.20514 ], [ -114.21545, 34.20896 ], [ -114.21176, 34.21154 ], [ -114.20825, 34.21551 ], [ -114.19088, 34.23086 ], [ -114.17805, 34.23997 ], [ -114.1764, 34.24151 ], [ -114.17595, 34.24269 ], [ -114.17432, 34.24547 ], [ -114.17312, 34.24723 ], [ -114.16654, 34.24965 ], [ -114.16448, 34.25167 ], [ -114.16387, 34.25335 ], [ -114.16312, 34.25519 ], [ -114.16183, 34.25704 ], [ -114.1597, 34.25824 ], [ -114.15685, 34.25841 ], [ -114.15335, 34.25829 ], [ -114.14716, 34.25956 ], [ -114.14478, 34.25962 ], [ -114.13905, 34.25954 ], [ -114.13618, 34.2613 ], [ -114.13461, 34.26352 ], [ -114.13443, 34.26639 ], [ -114.13477, 34.26897 ], [ -114.13667, 34.27438 ], [ -114.13705, 34.27702 ], [ -114.13605, 34.28083 ], [ -114.13836, 34.28856 ], [ -114.13953, 34.29584 ], [ -114.13817, 34.30094 ], [ -114.13828, 34.30323 ], [ -114.14093, 34.30592 ], [ -114.15721, 34.31786 ], [ -114.16881, 34.33951 ], [ -114.17284, 34.34498 ], [ -114.17691, 34.34931 ], [ -114.18115, 34.35219 ], [ -114.18556, 34.35439 ], [ -114.19109, 34.35612 ], [ -114.19948, 34.36137 ], [ -114.21377, 34.36246 ], [ -114.22611, 34.36592 ], [ -114.22969, 34.36891 ], [ -114.23427, 34.37666 ], [ -114.24526, 34.38566 ], [ -114.24865, 34.38811 ], [ -114.25274, 34.3901 ], [ -114.26432, 34.40133 ], [ -114.26752, 34.40249 ], [ -114.28011, 34.40315 ], [ -114.2868, 34.40534 ], [ -114.28866, 34.40662 ], [ -114.29022, 34.40829 ], [ -114.29175, 34.4111 ], [ -114.29223, 34.41761 ], [ -114.29484, 34.42139 ], [ -114.30102, 34.42681 ], [ -114.30224, 34.42745 ], [ -114.31225, 34.43273 ], [ -114.31574, 34.43432 ], [ -114.31905, 34.43583 ], [ -114.32613, 34.43725 ], [ -114.32649, 34.43788 ], [ -114.33067, 34.4453 ], [ -114.33299, 34.44808 ], [ -114.33537, 34.45004 ], [ -114.33963, 34.45143 ], [ -114.34261, 34.45144 ], [ -114.35603, 34.44974 ], [ -114.3634, 34.44777 ], [ -114.37372, 34.44694 ], [ -114.37579, 34.4478 ], [ -114.37885, 34.45038 ], [ -114.3867, 34.45791 ], [ -114.38741, 34.46049 ], [ -114.38719, 34.46202 ], [ -114.38353, 34.4704 ], [ -114.3817, 34.47604 ], [ -114.38168, 34.47625 ], [ -114.38156, 34.47788 ], [ -114.38304, 34.4889 ], [ -114.38236, 34.49576 ], [ -114.3814, 34.49924 ], [ -114.3797, 34.50343 ], [ -114.37812, 34.50729 ], [ -114.37822, 34.51652 ], [ -114.38033, 34.52715 ], [ -114.38084, 34.52972 ], [ -114.3896, 34.54298 ], [ -114.40523, 34.56964 ], [ -114.42238, 34.58071 ], [ -114.42975, 34.59173 ], [ -114.42975, 34.59585 ], [ -114.43009, 34.59687 ], [ -114.4275, 34.59923 ], [ -114.42534, 34.60084 ], [ -114.42433, 34.60234 ], [ -114.4242, 34.61045 ], [ -114.42865, 34.61464 ], [ -114.43874, 34.62145 ], [ -114.4414, 34.63017 ], [ -114.44152, 34.63153 ], [ -114.44029, 34.63824 ], [ -114.44146, 34.64253 ], [ -114.44428, 34.64654 ], [ -114.44955, 34.65142 ], [ -114.45175, 34.65432 ], [ -114.45197, 34.65717 ], [ -114.45263, 34.65957 ], [ -114.45179, 34.66389 ], [ -114.45175, 34.66504 ], [ -114.45197, 34.6668 ], [ -114.45263, 34.66855 ], [ -114.45431, 34.67123 ], [ -114.45491, 34.67309 ], [ -114.45547, 34.67577 ], [ -114.45657, 34.67796 ], [ -114.46218, 34.6858 ], [ -114.46525, 34.6912 ], [ -114.46809, 34.70179 ], [ -114.46862, 34.70757 ], [ -114.47048, 34.71137 ], [ -114.47162, 34.71297 ], [ -114.47368, 34.71396 ], [ -114.4773, 34.71451 ], [ -114.48195, 34.71604 ], [ -114.48419, 34.71746 ], [ -114.48677, 34.7191 ], [ -114.49097, 34.72485 ], [ -114.49202, 34.7257 ], [ -114.49586, 34.72796 ], [ -114.50336, 34.73125 ], [ -114.51029, 34.73358 ], [ -114.51662, 34.73674 ], [ -114.52105, 34.74117 ], [ -114.52262, 34.74373 ], [ -114.52561, 34.74701 ], [ -114.52962, 34.75082 ], [ -114.54031, 34.75711 ], [ -114.54688, 34.7618 ], [ -114.55268, 34.76687 ], [ -114.55865, 34.77385 ], [ -114.56592, 34.78588 ], [ -114.57101, 34.79429 ], [ -114.57457, 34.80575 ], [ -114.57645, 34.8153 ], [ -114.58113, 34.82612 ], [ -114.58684, 34.83567 ], [ -114.59234, 34.84115 ], [ -114.60065, 34.84736 ], [ -114.60425, 34.84957 ], [ -114.61988, 34.85687 ], [ -114.62394, 34.85974 ], [ -114.63031, 34.86599 ], [ -114.63068, 34.86635 ], [ -114.63438, 34.87289 ], [ -114.63518, 34.875 ], [ -114.63677, 34.88571 ], [ -114.63672, 34.88911 ], [ -114.63542, 34.89519 ], [ -114.63088, 34.90726 ], [ -114.63063, 34.91082 ], [ -114.63055, 34.91185 ], [ -114.63324, 34.92123 ], [ -114.63325, 34.92461 ], [ -114.6322, 34.93063 ], [ -114.62975, 34.93868 ], [ -114.62977, 34.94304 ], [ -114.62981, 34.94481 ], [ -114.63168, 34.95131 ], [ -114.63495, 34.95892 ], [ -114.63524, 34.96515 ], [ -114.63461, 34.96906 ], [ -114.62991, 34.98079 ], [ -114.62901, 34.98615 ], [ -114.62919, 34.99189 ], [ -114.62993, 34.99474 ], [ -114.63349, 35.00186 ], [ -114.63667, 35.00881 ], [ -114.63802, 35.02056 ], [ -114.63689, 35.02837 ], [ -114.63243, 35.03759 ], [ -114.62712, 35.04472 ], [ -114.61725, 35.05159 ], [ -114.60669, 35.05894 ], [ -114.60362, 35.06423 ], [ -114.60291, 35.06859 ], [ -114.60474, 35.07483 ], [ -114.61313, 35.0831 ], [ -114.62252, 35.0887 ], [ -114.63556, 35.09371 ], [ -114.64283, 35.0965 ], [ -114.64361, 35.09757 ], [ -114.64676, 35.10187 ], [ -114.64435, 35.1059 ], [ -114.6349, 35.11401 ], [ -114.62993, 35.11827 ], [ -114.62206, 35.12091 ], [ -114.61991, 35.12163 ], [ -114.61298, 35.12144 ], [ -114.59912, 35.12105 ], [ -114.58774, 35.12373 ], [ -114.58213, 35.12679 ], [ -114.57852, 35.12875 ], [ -114.57275, 35.13873 ], [ -114.56957, 35.16305 ], [ -114.56942, 35.1722 ], [ -114.56924, 35.18348 ], [ -114.57193, 35.19948 ], [ -114.57194, 35.19953 ], [ -114.57212, 35.20059 ], [ -114.57483, 35.2059 ], [ -114.57996, 35.20964 ], [ -114.58356, 35.22993 ], [ -114.58311, 35.23809 ], [ -114.58713, 35.26238 ], [ -114.5975, 35.29695 ], [ -114.59593, 35.32523 ], [ -114.60431, 35.35358 ], [ -114.61144, 35.36906 ], [ -114.62714, 35.4095 ], [ -114.65201, 35.42916 ], [ -114.66213, 35.44424 ], [ -114.6645, 35.4495 ], [ -114.66638, 35.46686 ], [ -114.6729, 35.48171 ], [ -114.67764, 35.48974 ], [ -114.6792, 35.49999 ], [ -114.67895, 35.50174 ], [ -114.67721, 35.51349 ], [ -114.67381, 35.51789 ], [ -114.66311, 35.52449 ], [ -114.65801, 35.53049 ], [ -114.6569, 35.53439 ], [ -114.6574, 35.53639 ], [ -114.66021, 35.53929 ], [ -114.662, 35.54549 ], [ -114.663, 35.56369 ], [ -114.66618, 35.57758 ], [ -114.66565, 35.58043 ], [ -114.65961, 35.58749 ], [ -114.65917, 35.58832 ], [ -114.65431, 35.59759 ], [ -114.65341, 35.61079 ], [ -114.65821, 35.61909 ], [ -114.67711, 35.64149 ], [ -114.68941, 35.65141 ], [ -114.69001, 35.66469 ], [ -114.68221, 35.67819 ], [ -114.68061, 35.68549 ], [ -114.68321, 35.68939 ], [ -114.69411, 35.69519 ], [ -114.70121, 35.70119 ], [ -114.70541, 35.70829 ], [ -114.70531, 35.71159 ], [ -114.69731, 35.73369 ], [ -114.69571, 35.75599 ], [ -114.70141, 35.76909 ], [ -114.69891, 35.79019 ], [ -114.71211, 35.80618 ], [ -114.70991, 35.81018 ], [ -114.70371, 35.81459 ], [ -114.69571, 35.8306 ], [ -114.69641, 35.83378 ], [ -114.69985, 35.84328 ], [ -114.69985, 35.84837 ], [ -114.69777, 35.85484 ], [ -114.68201, 35.86328 ], [ -114.66969, 35.86508 ], [ -114.66719, 35.87479 ], [ -114.70027, 35.90177 ], [ -114.70852, 35.91231 ], [ -114.70753, 35.92806 ], [ -114.71569, 35.93471 ], [ -114.72936, 35.94141 ], [ -114.73116, 35.94392 ], [ -114.72832, 35.95629 ], [ -114.72994, 35.96218 ], [ -114.74059, 35.97566 ], [ -114.74376, 35.9851 ], [ -114.74324, 36.00653 ], [ -114.74278, 36.00996 ], [ -114.74052, 36.01334 ], [ -114.73735, 36.01623 ], [ -114.73116, 36.02186 ], [ -114.72971, 36.02817 ], [ -114.73043, 36.03132 ], [ -114.73431, 36.03568 ], [ -114.73941, 36.03786 ], [ -114.74062, 36.04102 ], [ -114.74038, 36.04368 ], [ -114.74038, 36.04926 ], [ -114.73674, 36.05435 ], [ -114.73625, 36.05847 ], [ -114.74055, 36.06579 ], [ -114.74334, 36.07053 ], [ -114.7541, 36.07944 ], [ -114.75549, 36.0816 ], [ -114.75562, 36.08717 ], [ -114.75364, 36.0907 ], [ -114.74708, 36.09701 ], [ -114.73616, 36.10437 ], [ -114.71729, 36.10769 ], [ -114.70977, 36.10774 ], [ -114.66654, 36.11734 ], [ -114.66289, 36.11993 ], [ -114.65995, 36.12414 ], [ -114.63172, 36.14231 ], [ -114.62785, 36.14101 ], [ -114.62188, 36.13213 ], [ -114.61669, 36.1301 ], [ -114.60826, 36.13395 ], [ -114.59721, 36.1421 ], [ -114.57203, 36.15161 ], [ -114.54579, 36.15225 ], [ -114.51172, 36.15096 ], [ -114.50671, 36.14828 ], [ -114.50463, 36.14563 ], [ -114.50482, 36.14241 ], [ -114.50539, 36.1375 ], [ -114.50614, 36.13466 ], [ -114.50577, 36.13144 ], [ -114.50444, 36.12974 ], [ -114.50217, 36.1288 ], [ -114.49612, 36.12785 ], [ -114.48703, 36.1294 ], [ -114.47015, 36.1388 ], [ -114.46364, 36.1397 ], [ -114.45837, 36.13859 ], [ -114.45333, 36.13073 ], [ -114.44865, 36.12641 ], [ -114.44661, 36.12597 ], [ -114.42717, 36.13631 ], [ -114.41695, 36.14576 ], [ -114.41237, 36.14725 ], [ -114.40547, 36.14737 ], [ -114.37536, 36.14353 ], [ -114.37211, 36.14311 ], [ -114.36311, 36.13025 ], [ -114.33727, 36.10802 ], [ -114.32878, 36.1055 ], [ -114.30843, 36.08244 ], [ -114.30574, 36.07488 ], [ -114.30788, 36.07129 ], [ -114.31421, 36.06662 ], [ -114.31611, 36.06311 ], [ -114.31556, 36.05949 ], [ -114.31403, 36.05817 ], [ -114.2802, 36.04636 ], [ -114.27065, 36.03572 ], [ -114.26672, 36.02924 ], [ -114.26315, 36.02594 ], [ -114.25265, 36.02019 ], [ -114.2388, 36.01456 ], [ -114.23329, 36.01429 ], [ -114.21369, 36.01561 ], [ -114.19238, 36.02099 ], [ -114.17682, 36.02765 ], [ -114.16647, 36.02774 ], [ -114.15413, 36.02386 ], [ -114.15172, 36.02456 ], [ -114.14819, 36.02801 ], [ -114.1382, 36.04128 ], [ -114.13719, 36.04678 ], [ -114.1382, 36.05316 ], [ -114.1369, 36.05947 ], [ -114.11453, 36.09522 ], [ -114.11416, 36.09698 ], [ -114.11746, 36.10089 ], [ -114.12322, 36.10475 ], [ -114.12398, 36.10652 ], [ -114.12314, 36.11158 ], [ -114.12086, 36.1146 ], [ -114.11101, 36.11988 ], [ -114.10322, 36.12018 ], [ -114.09987, 36.12165 ], [ -114.08895, 36.14438 ], [ -114.06803, 36.18066 ], [ -114.0603, 36.18936 ], [ -114.04684, 36.19407 ], [ -114.04674, 36.24525 ], [ -114.04711, 36.25059 ], [ -114.04823, 36.26887 ], [ -114.04851, 36.2896 ], [ -114.04694, 36.31545 ], [ -114.04758, 36.32557 ], [ -114.04581, 36.39107 ], [ -114.04583, 36.44297 ], [ -114.04649, 36.47345 ], [ -114.04848, 36.49998 ], [ -114.04966, 36.62111 ], [ -114.05017, 36.62498 ], [ -114.05056, 36.65626 ], [ -114.05061, 36.81778 ], [ -114.05062, 36.84313 ], [ -114.05062, 36.84314 ], [ -114.04999, 36.95777 ], [ -114.0506, 37.0004 ], [ -113.96591, 37.00003 ], [ -113.96591, 36.99998 ], [ -113.62429, 37.00006 ], [ -113.45776, 37.0001 ], [ -113.40958, 37.00011 ], [ -113.30641, 37.00014 ], [ -113.27454, 37.00014 ], [ -113.0799, 37.00019 ], [ -112.99883, 37.00021 ], [ -112.96647, 37.00022 ], [ -112.95961, 37.00023 ], [ -112.89919, 37.00032 ], [ -112.86145, 37.00038 ], [ -112.8295, 37.00042 ], [ -112.60979, 37.00075 ], [ -112.55897, 37.00069 ], [ -112.54509, 37.00073 ], [ -112.54037, 37.00067 ], [ -112.53858, 37.00067 ], [ -112.37834, 37.0011 ], [ -112.36895, 37.00113 ], [ -112.35769, 37.00102 ], [ -111.41301, 37.00148 ], [ -111.41168, 37.00148 ], [ -111.40587, 37.00148 ], [ -111.40552, 37.0015 ], [ -111.34147, 37.00098 ], [ -111.27829, 37.00046 ], [ -111.25485, 37.00108 ], [ -111.13372, 37.00078 ], [ -111.0665, 37.00239 ], [ -110.75069, 37.0032 ], [ -110.62569, 37.00372 ], [ -110.6256, 37.00342 ], [ -110.59951, 37.00345 ], [ -110.50069, 37.00426 ], [ -110.49091, 37.00357 ], [ -110.47019, 36.998 ], [ -110.46731, 36.998 ], [ -110.02178, 36.9986 ], [ -110.00088, 36.9985 ], [ -110.00068, 36.99798 ], [ -110.00068, 36.99797 ], [ -109.87567, 36.9985 ], [ -109.70977, 36.99837 ], [ -109.69923, 36.99837 ], [ -109.62567, 36.99831 ], [ -109.49534, 36.99911 ], [ -109.38123, 36.99915 ], [ -109.37804, 36.99914 ], [ -109.2701, 36.99927 ], [ -109.26821, 36.99924 ], [ -109.26339, 36.99926 ], [ -109.24692, 36.99935 ], [ -109.23385, 36.99927 ], [ -109.1812, 36.99927 ], [ -109.04522, 36.99908 ], [ -109.04524, 36.96949 ], [ -109.04527, 36.96887 ], [ -109.04541, 36.875 ], [ -109.04543, 36.87459 ], [ -109.04543, 36.76912 ], [ -109.04543, 36.5 ], [ -109.046, 36.25713 ], [ -109.04618, 36.18175 ], [ -109.0459, 36.14159 ], [ -109.0459, 36.14099 ], [ -109.04573, 36.11703 ], [ -109.04597, 36.0027 ], [ -109.04597, 36.00234 ], [ -109.04601, 35.9259 ], [ -109.04605, 35.92586 ], [ -109.04605, 35.90932 ], [ -109.04605, 35.88872 ], [ -109.04602, 35.8798 ], [ -109.04608, 35.82873 ], [ -109.04621, 35.69519 ], [ -109.04625, 35.6607 ], [ -109.04625, 35.65958 ], [ -109.0463, 35.61652 ], [ -109.0463, 35.61425 ], [ -109.04651, 35.54644 ], [ -109.04648, 35.54633 ], [ -109.0468, 35.36361 ], [ -109.04679, 35.36258 ], [ -109.04659, 35.33048 ], [ -109.04608, 35.25003 ], [ -109.04606, 35.21436 ], [ -109.04602, 35.17551 ], [ -109.04585, 34.95982 ], [ -109.04585, 34.95972 ], [ -109.04594, 34.90416 ], [ -109.046, 34.87058 ], [ -109.04607, 34.82857 ], [ -109.04562, 34.81423 ], [ -109.0461, 34.79998 ], [ -109.04536, 34.78541 ], [ -109.04609, 34.77102 ], [ -109.04616, 34.57929 ], [ -109.04618, 34.52255 ], [ -109.04618, 34.52239 ], [ -109.04625, 34.47829 ], [ -109.04674, 34.16694 ], [ -109.04701, 34.00005 ], [ -109.04681, 33.95676 ], [ -109.04643, 33.87505 ], [ -109.04695, 33.77741 ], [ -109.04715, 33.74001 ], [ -109.04666, 33.62506 ], [ -109.0473, 33.40978 ], [ -109.04656, 33.37506 ], [ -109.04687, 33.37265 ], [ -109.04704, 33.36928 ], [ -109.04691, 33.36557 ], [ -109.04683, 33.36527 ], [ -109.04747, 33.25006 ], [ -109.04724, 33.20896 ], [ -109.04724, 33.20889 ], [ -109.04712, 33.13799 ], [ -109.04712, 33.13756 ], [ -109.04705, 33.10739 ], [ -109.04701, 33.09292 ], [ -109.0469, 33.09193 ], [ -109.04745, 33.06943 ], [ -109.04748, 33.06842 ], [ -109.04712, 32.77779 ], [ -109.04712, 32.77757 ], [ -109.04764, 32.69344 ], [ -109.04765, 32.68999 ], [ -109.04765, 32.68633 ], [ -109.04765, 32.68138 ], [ -109.04761, 32.42638 ], [ -109.04829, 32.08911 ], [ -109.0483, 32.08409 ], [ -109.04873, 32.02817 ], [ -109.0486, 32.01365 ], [ -109.0486, 32.01364 ], [ -109.04859, 31.87079 ], [ -109.04877, 31.86138 ], [ -109.04911, 31.84371 ], [ -109.04876, 31.81078 ], [ -109.04919, 31.79655 ], [ -109.04911, 31.6366 ], [ -109.04981, 31.49953 ], [ -109.04984, 31.49951 ], [ -109.05017, 31.48 ], [ -109.05004, 31.3325 ], [ -109.27849, 31.33396 ], [ -109.30039, 31.33396 ], [ -109.49449, 31.334 ], [ -109.52822, 31.33401 ], [ -109.54114, 31.33401 ], [ -109.56065, 31.33401 ], [ -109.79275, 31.33406 ], [ -109.82969, 31.33407 ], [ -109.95721, 31.33338 ], [ -110.00061, 31.33314 ], [ -110.14051, 31.33396 ], [ -110.45975, 31.33283 ], [ -110.46017, 31.33283 ], [ -110.62221, 31.33322 ], [ -110.79547, 31.33363 ], [ -110.85033, 31.33324 ], [ -110.91321, 31.3328 ], [ -110.94218, 31.33259 ], [ -110.94512, 31.33257 ], [ -110.9653, 31.33243 ], [ -110.97682, 31.33235 ], [ -111.00064, 31.33218 ], [ -111.07483, 31.33224 ], [ -111.12565, 31.34898 ], [ -111.36637, 31.42607 ], [ -111.56019, 31.48814 ], [ -111.62311, 31.50803 ], [ -111.97942, 31.62068 ], [ -112.2461, 31.70419 ], [ -112.36504, 31.74113 ], [ -112.37576, 31.74399 ], [ -112.38812, 31.74805 ], [ -112.39942, 31.75176 ], [ -112.60776, 31.81579 ], [ -112.86707, 31.89549 ], [ -113.12596, 31.97278 ], [ -113.21731, 32.00211 ], [ -113.33381, 32.03878 ], [ -113.4932, 32.08894 ], [ -113.75076, 32.169 ], [ -113.78168, 32.17903 ], [ -113.96153, 32.23458 ], [ -114.25078, 32.32391 ], [ -114.50078, 32.40006 ], [ -114.56381, 32.41904 ], [ -114.64954, 32.44486 ], [ -114.71818, 32.46553 ], [ -114.76103, 32.47844 ], [ -114.76954, 32.481 ], [ -114.78256, 32.48492 ], [ -114.81361, 32.49428 ], [ -114.81399, 32.49723 ], [ -114.81232, 32.50005 ], [ -114.81154, 32.52283 ], [ -114.79564, 32.55096 ], [ -114.81418, 32.56479 ], [ -114.79968, 32.59362 ] ] ] } },
{ "type": "Feature", "properties": { "STATEFP": "06", "GEOID": "06", "STUSPS": "CA", "NAME": "California" }, "geometry": { "type": "MultiPolygon", "coordinates": [ [ [ [ -118.60331, 33.47732 ], [ -118.59564, 33.47973 ], [ -118.54453, 33.47412 ], [ -118.5307, 33.46807 ], [ -118.49967, 33.44788 ], [ -118.48557, 33.44621 ], [ -118.47765, 33.44839 ], [ -118.44581, 33.42891 ], [ -118.42358, 33.42726 ], [ -118.38204, 33.40988 ], [ -118.37032, 33.40928 ], [ -118.3683, 33.40711 ], [ -118.36509, 33.38837 ], [ -118.3323, 33.35642 ], [ -118.32446, 33.34878 ], [ -118.31608, 33.34293 ], [ -118.31535, 33.34203 ], [ -118.31021, 33.33579 ], [ -118.30317, 33.32026 ], [ -118.30508, 33.31032 ], [ -118.31679, 33.30114 ], [ -118.32524, 33.29908 ], [ -118.34325, 33.30523 ], [ -118.36033, 33.31533 ], [ -118.37477, 33.32006 ], [ -118.40294, 33.3209 ], [ -118.44005, 33.31864 ], [ -118.45631, 33.32182 ], [ -118.46537, 33.32606 ], [ -118.48189, 33.34412 ], [ -118.48877, 33.35665 ], [ -118.48261, 33.36991 ], [ -118.47846, 33.38632 ], [ -118.48495, 33.41213 ], [ -118.48875, 33.41983 ], [ -118.50395, 33.42423 ], [ -118.51627, 33.42507 ], [ -118.52323, 33.43073 ], [ -118.53738, 33.43461 ], [ -118.55872, 33.43342 ], [ -118.56344, 33.43438 ], [ -118.57093, 33.43935 ], [ -118.5759, 33.44826 ], [ -118.60279, 33.46967 ], [ -118.60331, 33.47732 ] ] ], [ [ [ -118.60553, 33.031 ], [ -118.59403, 33.03595 ], [ -118.57516, 33.03396 ], [ -118.56901, 33.02915 ], [ -118.56445, 33.02491 ], [ -118.56453, 33.01864 ], [ -118.55917, 33.00629 ], [ -118.54007, 32.98093 ], [ -118.52923, 32.97092 ], [ -118.49681, 32.93385 ], [ -118.48529, 32.92354 ], [ -118.47904, 32.92036 ], [ -118.46062, 32.90951 ], [ -118.44677, 32.89542 ], [ -118.36998, 32.83927 ], [ -118.3535, 32.82196 ], [ -118.35654, 32.81731 ], [ -118.36053, 32.81992 ], [ -118.37997, 32.82455 ], [ -118.38738, 32.82533 ], [ -118.39457, 32.82398 ], [ -118.40127, 32.82034 ], [ -118.42563, 32.8006 ], [ -118.42943, 32.80543 ], [ -118.42837, 32.80687 ], [ -118.44492, 32.82059 ], [ -118.47607, 32.84175 ], [ -118.48791, 32.84459 ], [ -118.4963, 32.85157 ], [ -118.5069, 32.8685 ], [ -118.50809, 32.87132 ], [ -118.50719, 32.87626 ], [ -118.52464, 32.89317 ], [ -118.52453, 32.89549 ], [ -118.53582, 32.90628 ], [ -118.55113, 32.94515 ], [ -118.56089, 32.95789 ], [ -118.57352, 32.96918 ], [ -118.58693, 33.00828 ], [ -118.59604, 33.01536 ], [ -118.60656, 33.01469 ], [ -118.60553, 33.031 ] ] ], [ [ [ -119.04521, 33.48206 ], [ -119.03186, 33.48554 ], [ -119.02662, 33.47896 ], [ -119.02975, 33.46784 ], [ -119.03705, 33.46552 ], [ -119.04419, 33.46834 ], [ -119.04521, 33.48206 ] ] ], [ [ [ -119.44109, 34.01557 ], [ -119.43647, 34.02109 ], [ -119.39748, 34.01426 ], [ -119.36733, 34.0236 ], [ -119.35917, 34.01793 ], [ -119.35746, 34.01674 ], [ -119.3587, 34.01382 ], [ -119.36202, 34.00595 ], [ -119.39481, 33.99846 ], [ -119.4388, 34.00454 ], [ -119.44098, 34.0092 ], [ -119.44293, 34.01336 ], [ -119.44109, 34.01557 ] ] ], [ [ [ -119.57894, 33.27863 ], [ -119.56204, 33.27113 ], [ -119.55524, 33.27343 ], [ -119.54764, 33.28033 ], [ -119.54384, 33.28033 ], [ -119.53294, 33.28473 ], [ -119.52814, 33.28493 ], [ -119.50504, 33.27283 ], [ -119.49555, 33.26905 ], [ -119.48278, 33.26397 ], [ -119.46572, 33.25924 ], [ -119.45847, 33.25466 ], [ -119.42956, 33.22817 ], [ -119.44427, 33.21919 ], [ -119.46473, 33.21543 ], [ -119.47603, 33.21552 ], [ -119.50068, 33.22057 ], [ -119.51166, 33.22303 ], [ -119.51751, 33.22674 ], [ -119.54587, 33.23341 ], [ -119.56497, 33.24744 ], [ -119.56564, 33.25003 ], [ -119.56601, 33.25264 ], [ -119.57064, 33.25773 ], [ -119.57894, 33.27863 ] ] ], [ [ [ -119.91916, 34.07728 ], [ -119.91286, 34.07751 ], [ -119.89113, 34.07286 ], [ -119.8573, 34.0713 ], [ -119.82586, 34.05979 ], [ -119.81874, 34.053 ], [ -119.80782, 34.05213 ], [ -119.7898, 34.05726 ], [ -119.77073, 34.05505 ], [ -119.76608, 34.05537 ], [ -119.76369, 34.05716 ], [ -119.75552, 34.05672 ], [ -119.73947, 34.0493 ], [ -119.72644, 34.04791 ], [ -119.71258, 34.04326 ], [ -119.70463, 34.03768 ], [ -119.68651, 34.0198 ], [ -119.63774, 34.01318 ], [ -119.61934, 34.01647 ], [ -119.61223, 34.02126 ], [ -119.60429, 34.03156 ], [ -119.6088, 34.03525 ], [ -119.60924, 34.03735 ], [ -119.59324, 34.04962 ], [ -119.57341, 34.05011 ], [ -119.5667, 34.05345 ], [ -119.5296, 34.04116 ], [ -119.52064, 34.03426 ], [ -119.52177, 34.03225 ], [ -119.53241, 34.02495 ], [ -119.53885, 34.02399 ], [ -119.54245, 34.02108 ], [ -119.54828, 34.00982 ], [ -119.54707, 34.00547 ], [ -119.55447, 33.99782 ], [ -119.56046, 33.99553 ], [ -119.57564, 33.99601 ], [ -119.5902, 33.98971 ], [ -119.59688, 33.98861 ], [ -119.61908, 33.98723 ], [ -119.62112, 33.98899 ], [ -119.64771, 33.98779 ], [ -119.66282, 33.98589 ], [ -119.69011, 33.97223 ], [ -119.70695, 33.96918 ], [ -119.71236, 33.96542 ], [ -119.7147, 33.96144 ], [ -119.72121, 33.95958 ], [ -119.74297, 33.96388 ], [ -119.75044, 33.96376 ], [ -119.75814, 33.95921 ], [ -119.79594, 33.96293 ], [ -119.84275, 33.97034 ], [ -119.87336, 33.98038 ], [ -119.87706, 33.98576 ], [ -119.88303, 34.0008 ], [ -119.8849, 34.00881 ], [ -119.88253, 34.01167 ], [ -119.87692, 34.02353 ], [ -119.87633, 34.03209 ], [ -119.89282, 34.04553 ], [ -119.91622, 34.05835 ], [ -119.92334, 34.06936 ], [ -119.91916, 34.07728 ] ] ], [ [ [ -120.24739, 34.00191 ], [ -120.23866, 34.00759 ], [ -120.23, 34.01014 ], [ -120.22129, 34.01037 ], [ -120.20848, 34.00565 ], [ -120.19578, 34.00428 ], [ -120.16731, 34.00822 ], [ -120.15166, 34.01813 ], [ -120.14765, 34.02483 ], [ -120.14036, 34.02597 ], [ -120.13585, 34.02609 ], [ -120.11506, 34.01987 ], [ -120.09018, 34.01981 ], [ -120.07361, 34.02448 ], [ -120.06278, 34.03116 ], [ -120.06195, 34.03398 ], [ -120.05764, 34.03734 ], [ -120.05511, 34.03773 ], [ -120.04326, 34.03581 ], [ -120.044, 34.02482 ], [ -120.0478, 34.02123 ], [ -120.05038, 34.01333 ], [ -120.04893, 34.0099 ], [ -120.04658, 34.0 ], [ -120.04131, 33.99451 ], [ -120.02565, 33.98555 ], [ -120.01112, 33.97989 ], [ -120.00382, 33.97955 ], [ -119.98432, 33.98395 ], [ -119.97888, 33.98308 ], [ -119.97991, 33.96962 ], [ -119.97686, 33.95669 ], [ -119.97114, 33.9504 ], [ -119.97026, 33.94436 ], [ -119.97369, 33.94248 ], [ -120.00096, 33.94155 ], [ -120.01771, 33.93637 ], [ -120.04688, 33.9196 ], [ -120.04832, 33.91763 ], [ -120.04861, 33.91577 ], [ -120.04968, 33.91456 ], [ -120.07779, 33.90889 ], [ -120.0986, 33.90785 ], [ -120.10549, 33.90428 ], [ -120.10914, 33.89913 ], [ -120.12182, 33.89571 ], [ -120.16897, 33.91909 ], [ -120.17905, 33.92799 ], [ -120.18984, 33.9477 ], [ -120.19234, 33.95027 ], [ -120.1986, 33.95221 ], [ -120.20009, 33.9569 ], [ -120.20937, 33.97238 ], [ -120.22446, 33.98906 ], [ -120.24848, 33.99933 ], [ -120.24739, 34.00191 ] ] ], [ [ [ -120.44911, 34.03735 ], [ -120.43501, 34.04187 ], [ -120.41877, 34.05209 ], [ -120.41529, 34.05496 ], [ -120.41131, 34.05287 ], [ -120.40361, 34.05044 ], [ -120.39619, 34.05019 ], [ -120.39091, 34.05199 ], [ -120.37421, 34.06266 ], [ -120.36881, 34.06778 ], [ -120.36858, 34.07121 ], [ -120.37018, 34.07491 ], [ -120.36828, 34.07646 ], [ -120.36225, 34.07306 ], [ -120.35498, 34.05926 ], [ -120.36029, 34.05582 ], [ -120.35861, 34.05024 ], [ -120.34695, 34.04658 ], [ -120.33116, 34.0491 ], [ -120.31903, 34.04198 ], [ -120.31318, 34.03658 ], [ -120.30212, 34.02357 ], [ -120.30454, 34.02117 ], [ -120.31705, 34.01884 ], [ -120.34771, 34.02011 ], [ -120.35532, 34.01791 ], [ -120.35793, 34.01503 ], [ -120.37514, 34.01877 ], [ -120.40937, 34.0322 ], [ -120.41523, 34.03225 ], [ -120.41902, 34.02895 ], [ -120.42741, 34.02542 ], [ -120.45413, 34.02808 ], [ -120.44911, 34.03735 ] ] ], [ [ [ -122.37788, 37.83065 ], [ -122.36994, 37.83214 ], [ -122.36324, 37.82395 ], [ -122.35878, 37.81428 ], [ -122.36266, 37.80758 ], [ -122.37242, 37.8113 ], [ -122.37267, 37.81651 ], [ -122.3785, 37.8265 ], [ -122.37788, 37.83065 ] ] ], [ [ [ -122.44476, 37.86128 ], [ -122.43856, 37.86837 ], [ -122.43079, 37.87106 ], [ -122.42198, 37.86796 ], [ -122.42093, 37.85712 ], [ -122.42979, 37.85308 ], [ -122.44174, 37.85568 ], [ -122.44476, 37.86128 ] ] ], [ [ [ -124.4086, 40.4432 ], [ -124.39664, 40.46212 ], [ -124.38494, 40.48982 ], [ -124.38322, 40.49985 ], [ -124.38702, 40.50495 ], [ -124.38282, 40.519 ], [ -124.3791, 40.52287 ], [ -124.36355, 40.5487 ], [ -124.3294, 40.61643 ], [ -124.31514, 40.63953 ], [ -124.31256, 40.64133 ], [ -124.31221, 40.6419 ], [ -124.28912, 40.67963 ], [ -124.24841, 40.73517 ], [ -124.23357, 40.76036 ], [ -124.22824, 40.76939 ], [ -124.20192, 40.80511 ], [ -124.17672, 40.84362 ], [ -124.15832, 40.87607 ], [ -124.13707, 40.92573 ], [ -124.13674, 40.92681 ], [ -124.12806, 40.95598 ], [ -124.12594, 40.96308 ], [ -124.11815, 40.98926 ], [ -124.11264, 41.02511 ], [ -124.11217, 41.02817 ], [ -124.12545, 41.0485 ], [ -124.13295, 41.05248 ], [ -124.13822, 41.05434 ], [ -124.14287, 41.05403 ], [ -124.14722, 41.05288 ], [ -124.14894, 41.05147 ], [ -124.15127, 41.0511 ], [ -124.15362, 41.05355 ], [ -124.15403, 41.05992 ], [ -124.15451, 41.08716 ], [ -124.16056, 41.09901 ], [ -124.15906, 41.12196 ], [ -124.16541, 41.12982 ], [ -124.16399, 41.13867 ], [ -124.15854, 41.14302 ], [ -124.14967, 41.14084 ], [ -124.1438, 41.14469 ], [ -124.12268, 41.18973 ], [ -124.10699, 41.22968 ], [ -124.10639, 41.24068 ], [ -124.09228, 41.28769 ], [ -124.07901, 41.34714 ], [ -124.07229, 41.37484 ], [ -124.06308, 41.43958 ], [ -124.06552, 41.46474 ], [ -124.06606, 41.47026 ], [ -124.07592, 41.50176 ], [ -124.08143, 41.51123 ], [ -124.08199, 41.54776 ], [ -124.0924, 41.55362 ], [ -124.10112, 41.56919 ], [ -124.1014, 41.57852 ], [ -124.09739, 41.58525 ], [ -124.10096, 41.6025 ], [ -124.11441, 41.61677 ], [ -124.11604, 41.62885 ], [ -124.12023, 41.64035 ], [ -124.13555, 41.65731 ], [ -124.13935, 41.67165 ], [ -124.13837, 41.67888 ], [ -124.14348, 41.70928 ], [ -124.14741, 41.71796 ], [ -124.15417, 41.72868 ], [ -124.15425, 41.7288 ], [ -124.16472, 41.74013 ], [ -124.17739, 41.74576 ], [ -124.18536, 41.73935 ], [ -124.19104, 41.73608 ], [ -124.19329, 41.73648 ], [ -124.19495, 41.73678 ], [ -124.20384, 41.74703 ], [ -124.21506, 41.75447 ], [ -124.23972, 41.7708 ], [ -124.24229, 41.77203 ], [ -124.24344, 41.77193 ], [ -124.2487, 41.77146 ], [ -124.25599, 41.78301 ], [ -124.24503, 41.7923 ], [ -124.23068, 41.81868 ], [ -124.22701, 41.82786 ], [ -124.21959, 41.84643 ], [ -124.20844, 41.88819 ], [ -124.20381, 41.93664 ], [ -124.2034, 41.94096 ], [ -124.20495, 41.98344 ], [ -124.21161, 41.99846 ], [ -124.12619, 41.99699 ], [ -124.10092, 41.99696 ], [ -124.10022, 41.99684 ], [ -124.08783, 41.99689 ], [ -124.08666, 41.99687 ], [ -124.00119, 41.99615 ], [ -123.83421, 41.99612 ], [ -123.82204, 41.9955 ], [ -123.82147, 41.99547 ], [ -123.81399, 41.9951 ], [ -123.78929, 41.99611 ], [ -123.72816, 41.99701 ], [ -123.657, 41.99514 ], [ -123.63161, 41.99881 ], [ -123.62455, 41.99984 ], [ -123.55256, 42.00025 ], [ -123.52524, 42.00105 ], [ -123.51791, 42.00088 ], [ -123.502, 42.00053 ], [ -123.4989, 42.00047 ], [ -123.49883, 42.00053 ], [ -123.43477, 42.00164 ], [ -123.38178, 41.99927 ], [ -123.34756, 41.99911 ], [ -123.23111, 42.00383 ], [ -123.23076, 42.00384 ], [ -123.19236, 42.00545 ], [ -123.15491, 42.00804 ], [ -123.14596, 42.00925 ], [ -123.08396, 42.00545 ], [ -123.06566, 42.00495 ], [ -123.04525, 42.00305 ], [ -122.96166, 42.00308 ], [ -122.9416, 42.00308 ], [ -122.89396, 42.00261 ], [ -122.87615, 42.00325 ], [ -122.80008, 42.00407 ], [ -122.71294, 42.00416 ], [ -122.63474, 42.00486 ], [ -122.61534, 42.00538 ], [ -122.50114, 42.00846 ], [ -122.39798, 42.00876 ], [ -122.37819, 42.00952 ], [ -122.36806, 42.00932 ], [ -122.28975, 42.00777 ], [ -122.28953, 42.00776 ], [ -122.26113, 42.00736 ], [ -122.18627, 42.00757 ], [ -122.16133, 42.00764 ], [ -122.16044, 42.00764 ], [ -122.15667, 42.00738 ], [ -122.15541, 42.00743 ], [ -122.10192, 42.00577 ], [ -122.00032, 42.00397 ], [ -121.84671, 42.00307 ], [ -121.82507, 42.00272 ], [ -121.7082, 42.00082 ], [ -121.70504, 42.00077 ], [ -121.68916, 42.00058 ], [ -121.67535, 42.00035 ], [ -121.59919, 41.99899 ], [ -121.58087, 41.99867 ], [ -121.52025, 41.99798 ], [ -121.51945, 41.99797 ], [ -121.44754, 41.99717 ], [ -121.43961, 41.99708 ], [ -121.43498, 41.99702 ], [ -121.3761, 41.99703 ], [ -121.36025, 41.99668 ], [ -121.34052, 41.99622 ], [ -121.33573, 41.99652 ], [ -121.33438, 41.99665 ], [ -121.31649, 41.99736 ], [ -121.30998, 41.99761 ], [ -121.2511, 41.99757 ], [ -121.25032, 41.99745 ], [ -121.24762, 41.99705 ], [ -121.12609, 41.99601 ], [ -121.09493, 41.99466 ], [ -121.0352, 41.99332 ], [ -120.87992, 41.99378 ], [ -120.87948, 41.99378 ], [ -120.81228, 41.99418 ], [ -120.69394, 41.99368 ], [ -120.69222, 41.99368 ], [ -120.64717, 41.99308 ], [ -120.50107, 41.99379 ], [ -120.326, 41.99312 ], [ -120.28642, 41.99306 ], [ -120.18156, 41.99459 ], [ -120.15941, 41.99466 ], [ -120.15874, 41.99466 ], [ -120.00106, 41.99514 ], [ -119.99917, 41.99454 ], [ -119.99928, 41.87489 ], [ -119.99829, 41.74989 ], [ -119.99886, 41.62489 ], [ -119.99828, 41.61877 ], [ -119.99947, 41.49989 ], [ -119.99987, 41.18397 ], [ -119.99936, 40.8731 ], [ -119.99923, 40.86745 ], [ -119.99923, 40.8659 ], [ -119.99848, 40.7499 ], [ -119.99753, 40.72099 ], [ -119.99593, 40.4999 ], [ -119.99605, 40.40233 ], [ -119.99616, 40.32184 ], [ -119.99616, 40.32125 ], [ -119.99618, 40.26353 ], [ -119.99618, 40.26246 ], [ -119.99712, 40.12636 ], [ -119.99723, 40.09159 ], [ -119.99717, 40.07724 ], [ -119.99729, 40.0718 ], [ -119.99763, 39.9565 ], [ -119.99973, 39.85141 ], [ -120.00061, 39.78078 ], [ -120.0005, 39.77996 ], [ -120.00115, 39.73419 ], [ -120.00132, 39.72242 ], [ -120.00143, 39.67364 ], [ -120.00158, 39.60683 ], [ -120.00172, 39.54873 ], [ -120.00174, 39.53885 ], [ -120.00285, 39.4633 ], [ -120.00312, 39.44511 ], [ -120.00312, 39.44504 ], [ -120.00443, 39.37491 ], [ -120.00471, 39.33049 ], [ -120.00532, 39.31645 ], [ -120.00532, 39.31635 ], [ -120.00541, 39.31385 ], [ -120.00541, 39.31334 ], [ -120.00514, 39.29126 ], [ -120.00524, 39.28082 ], [ -120.00532, 39.27288 ], [ -120.00538, 39.26617 ], [ -120.00555, 39.24875 ], [ -120.00574, 39.22866 ], [ -120.00575, 39.22521 ], [ -120.00569, 39.22261 ], [ -120.00567, 39.22178 ], [ -120.0045, 39.1656 ], [ -120.0034, 39.11269 ], [ -120.00246, 39.06749 ], [ -120.00101, 38.99957 ], [ -119.95137, 38.96556 ], [ -119.95129, 38.96551 ], [ -119.94207, 38.95919 ], [ -119.93876, 38.95692 ], [ -119.91462, 38.94039 ], [ -119.90431, 38.93332 ], [ -119.9006, 38.93076 ], [ -119.77916, 38.84693 ], [ -119.58768, 38.71473 ], [ -119.58707, 38.71435 ], [ -119.58544, 38.71321 ], [ -119.54853, 38.68759 ], [ -119.49418, 38.64985 ], [ -119.49402, 38.64973 ], [ -119.45061, 38.61996 ], [ -119.45062, 38.61997 ], [ -119.37599, 38.56679 ], [ -119.37012, 38.56328 ], [ -119.33342, 38.53833 ], [ -119.33006, 38.53595 ], [ -119.27926, 38.49991 ], [ -119.25099, 38.48078 ], [ -119.23497, 38.469 ], [ -119.15557, 38.41376 ], [ -119.12598, 38.39317 ], [ -119.09716, 38.37285 ], [ -119.08236, 38.36127 ], [ -119.03008, 38.32518 ], [ -119.00097, 38.30367 ], [ -118.94967, 38.26894 ], [ -118.92252, 38.24992 ], [ -118.85909, 38.20481 ], [ -118.79771, 38.16052 ], [ -118.77187, 38.14187 ], [ -118.7466, 38.12493 ], [ -118.71431, 38.10218 ], [ -118.62159, 38.03439 ], [ -118.57196, 37.99993 ], [ -118.50096, 37.94902 ], [ -118.4278, 37.89623 ], [ -118.25095, 37.76862 ], [ -118.05219, 37.62493 ], [ -118.0398, 37.61527 ], [ -118.03985, 37.61525 ], [ -117.97578, 37.56929 ], [ -117.90462, 37.51584 ], [ -117.87593, 37.49727 ], [ -117.83273, 37.46493 ], [ -117.71236, 37.37493 ], [ -117.68061, 37.3534 ], [ -117.58142, 37.27894 ], [ -117.54089, 37.24993 ], [ -117.50091, 37.22028 ], [ -117.50012, 37.22038 ], [ -117.37591, 37.12684 ], [ -117.28605, 37.05983 ], [ -117.26605, 37.04491 ], [ -117.24492, 37.03024 ], [ -117.166, 36.97122 ], [ -117.13197, 36.94578 ], [ -117.06673, 36.89635 ], [ -117.00089, 36.84769 ], [ -116.54198, 36.49995 ], [ -116.50088, 36.46822 ], [ -116.48823, 36.4591 ], [ -116.38034, 36.37495 ], [ -116.37587, 36.37256 ], [ -116.25087, 36.27698 ], [ -116.14076, 36.19196 ], [ -116.12208, 36.17754 ], [ -116.10856, 36.1671 ], [ -116.09722, 36.15835 ], [ -116.0936, 36.15581 ], [ -115.96251, 36.05394 ], [ -115.91286, 36.01536 ], [ -115.89298, 35.99997 ], [ -115.85291, 35.96966 ], [ -115.84598, 35.96421 ], [ -115.75084, 35.88929 ], [ -115.6893, 35.842 ], [ -115.669, 35.82652 ], [ -115.64802, 35.80963 ], [ -115.64768, 35.80936 ], [ -115.6472, 35.809 ], [ -115.62739, 35.79385 ], [ -115.62584, 35.79201 ], [ -115.50083, 35.69338 ], [ -115.41291, 35.62498 ], [ -115.40608, 35.61861 ], [ -115.40454, 35.6176 ], [ -115.394, 35.60934 ], [ -115.39154, 35.60727 ], [ -115.39152, 35.60726 ], [ -115.30374, 35.53821 ], [ -115.27134, 35.51266 ], [ -115.1606, 35.42431 ], [ -115.16007, 35.42413 ], [ -115.14679, 35.41366 ], [ -115.14581, 35.41318 ], [ -115.12582, 35.39694 ], [ -115.10288, 35.37937 ], [ -115.09802, 35.37499 ], [ -115.04381, 35.33201 ], [ -114.94818, 35.25481 ], [ -114.94222, 35.24999 ], [ -114.92548, 35.23705 ], [ -114.92538, 35.23704 ], [ -114.8493, 35.17587 ], [ -114.84928, 35.17586 ], [ -114.80503, 35.14028 ], [ -114.80425, 35.13969 ], [ -114.63349, 35.00186 ], [ -114.62993, 34.99474 ], [ -114.62919, 34.99189 ], [ -114.62901, 34.98615 ], [ -114.62991, 34.98079 ], [ -114.63461, 34.96906 ], [ -114.63524, 34.96515 ], [ -114.63495, 34.95892 ], [ -114.63168, 34.95131 ], [ -114.62981, 34.94481 ], [ -114.62977, 34.94304 ], [ -114.62975, 34.93868 ], [ -114.6322, 34.93063 ], [ -114.63325, 34.92461 ], [ -114.63324, 34.92123 ], [ -114.63055, 34.91185 ], [ -114.63063, 34.91082 ], [ -114.63088, 34.90726 ], [ -114.63542, 34.89519 ], [ -114.63672, 34.88911 ], [ -114.63677, 34.88571 ], [ -114.63518, 34.875 ], [ -114.63438, 34.87289 ], [ -114.63068, 34.86635 ], [ -114.63031, 34.86599 ], [ -114.62394, 34.85974 ], [ -114.61988, 34.85687 ], [ -114.60425, 34.84957 ], [ -114.60065, 34.84736 ], [ -114.59234, 34.84115 ], [ -114.58684, 34.83567 ], [ -114.58113, 34.82612 ], [ -114.57645, 34.8153 ], [ -114.57457, 34.80575 ], [ -114.57101, 34.79429 ], [ -114.56592, 34.78588 ], [ -114.55865, 34.77385 ], [ -114.55268, 34.76687 ], [ -114.54688, 34.7618 ], [ -114.54031, 34.75711 ], [ -114.52962, 34.75082 ], [ -114.52561, 34.74701 ], [ -114.52262, 34.74373 ], [ -114.52105, 34.74117 ], [ -114.51662, 34.73674 ], [ -114.51029, 34.73358 ], [ -114.50336, 34.73125 ], [ -114.49586, 34.72796 ], [ -114.49202, 34.7257 ], [ -114.49097, 34.72485 ], [ -114.48677, 34.7191 ], [ -114.48419, 34.71746 ], [ -114.48195, 34.71604 ], [ -114.4773, 34.71451 ], [ -114.47368, 34.71396 ], [ -114.47162, 34.71297 ], [ -114.47048, 34.71137 ], [ -114.46862, 34.70757 ], [ -114.46809, 34.70179 ], [ -114.46525, 34.6912 ], [ -114.46218, 34.6858 ], [ -114.45657, 34.67796 ], [ -114.45547, 34.67577 ], [ -114.45491, 34.67309 ], [ -114.45431, 34.67123 ], [ -114.45263, 34.66855 ], [ -114.45197, 34.6668 ], [ -114.45175, 34.66504 ], [ -114.45179, 34.66389 ], [ -114.45263, 34.65957 ], [ -114.45197, 34.65717 ], [ -114.45175, 34.65432 ], [ -114.44955, 34.65142 ], [ -114.44428, 34.64654 ], [ -114.44146, 34.64253 ], [ -114.44029, 34.63824 ], [ -114.44152, 34.63153 ], [ -114.4414, 34.63017 ], [ -114.43874, 34.62145 ], [ -114.42865, 34.61464 ], [ -114.4242, 34.61045 ], [ -114.42433, 34.60234 ], [ -114.42534, 34.60084 ], [ -114.4275, 34.59923 ], [ -114.43009, 34.59687 ], [ -114.42975, 34.59585 ], [ -114.42975, 34.59173 ], [ -114.42238, 34.58071 ], [ -114.40523, 34.56964 ], [ -114.3896, 34.54298 ], [ -114.38084, 34.52972 ], [ -114.38033, 34.52715 ], [ -114.37822, 34.51652 ], [ -114.37812, 34.50729 ], [ -114.3797, 34.50343 ], [ -114.3814, 34.49924 ], [ -114.38236, 34.49576 ], [ -114.38304, 34.4889 ], [ -114.38156, 34.47788 ], [ -114.38168, 34.47625 ], [ -114.3817, 34.47604 ], [ -114.38353, 34.4704 ], [ -114.38719, 34.46202 ], [ -114.38741, 34.46049 ], [ -114.3867, 34.45791 ], [ -114.37885, 34.45038 ], [ -114.37579, 34.4478 ], [ -114.37372, 34.44694 ], [ -114.3634, 34.44777 ], [ -114.35603, 34.44974 ], [ -114.34261, 34.45144 ], [ -114.33963, 34.45143 ], [ -114.33537, 34.45004 ], [ -114.33299, 34.44808 ], [ -114.33067, 34.4453 ], [ -114.32649, 34.43788 ], [ -114.32613, 34.43725 ], [ -114.31905, 34.43583 ], [ -114.31574, 34.43432 ], [ -114.31225, 34.43273 ], [ -114.30224, 34.42745 ], [ -114.30102, 34.42681 ], [ -114.29484, 34.42139 ], [ -114.29223, 34.41761 ], [ -114.29175, 34.4111 ], [ -114.29022, 34.40829 ], [ -114.28866, 34.40662 ], [ -114.2868, 34.40534 ], [ -114.28011, 34.40315 ], [ -114.26752, 34.40249 ], [ -114.26432, 34.40133 ], [ -114.25274, 34.3901 ], [ -114.24865, 34.38811 ], [ -114.24526, 34.38566 ], [ -114.23427, 34.37666 ], [ -114.22969, 34.36891 ], [ -114.22611, 34.36592 ], [ -114.21377, 34.36246 ], [ -114.19948, 34.36137 ], [ -114.19109, 34.35612 ], [ -114.18556, 34.35439 ], [ -114.18115, 34.35219 ], [ -114.17691, 34.34931 ], [ -114.17284, 34.34498 ], [ -114.16881, 34.33951 ], [ -114.15721, 34.31786 ], [ -114.14093, 34.30592 ], [ -114.13828, 34.30323 ], [ -114.13817, 34.30094 ], [ -114.13953, 34.29584 ], [ -114.13836, 34.28856 ], [ -114.13605, 34.28083 ], [ -114.13705, 34.27702 ], [ -114.13667, 34.27438 ], [ -114.13477, 34.26897 ], [ -114.13443, 34.26639 ], [ -114.13461, 34.26352 ], [ -114.13618, 34.2613 ], [ -114.13905, 34.25954 ], [ -114.14478, 34.25962 ], [ -114.14716, 34.25956 ], [ -114.15335, 34.25829 ], [ -114.15685, 34.25841 ], [ -114.1597, 34.25824 ], [ -114.16183, 34.25704 ], [ -114.16312, 34.25519 ], [ -114.16387, 34.25335 ], [ -114.16448, 34.25167 ], [ -114.16654, 34.24965 ], [ -114.17312, 34.24723 ], [ -114.17432, 34.24547 ], [ -114.17595, 34.24269 ], [ -114.1764, 34.24151 ], [ -114.17805, 34.23997 ], [ -114.19088, 34.23086 ], [ -114.20825, 34.21551 ], [ -114.21176, 34.21154 ], [ -114.21545, 34.20896 ], [ -114.22338, 34.20514 ], [ -114.22519, 34.20364 ], [ -114.22586, 34.20177 ], [ -114.22494, 34.1939 ], [ -114.22703, 34.18887 ], [ -114.22902, 34.18743 ], [ -114.22971, 34.18693 ], [ -114.24071, 34.18323 ], [ -114.24419, 34.17963 ], [ -114.25414, 34.17383 ], [ -114.26827, 34.17021 ], [ -114.27527, 34.17215 ], [ -114.28729, 34.17053 ], [ -114.29281, 34.16672 ], [ -114.29902, 34.15969 ], [ -114.30219, 34.15611 ], [ -114.31221, 34.14478 ], [ -114.32078, 34.13864 ], [ -114.32458, 34.13676 ], [ -114.33611, 34.13403 ], [ -114.34805, 34.13446 ], [ -114.35303, 34.13312 ], [ -114.35637, 34.13043 ], [ -114.3604, 34.12358 ], [ -114.36652, 34.11857 ], [ -114.3693, 34.11752 ], [ -114.37923, 34.11599 ], [ -114.39056, 34.11008 ], [ -114.40135, 34.11165 ], [ -114.40594, 34.11154 ], [ -114.41168, 34.11003 ], [ -114.41591, 34.10764 ], [ -114.4205, 34.10347 ], [ -114.42617, 34.09704 ], [ -114.42803, 34.09279 ], [ -114.43338, 34.08841 ], [ -114.43418, 34.08738 ], [ -114.43543, 34.07973 ], [ -114.43768, 34.07194 ], [ -114.43934, 34.05789 ], [ -114.43941, 34.05381 ], [ -114.4386, 34.0502 ], [ -114.4355, 34.04261 ], [ -114.43495, 34.03778 ], [ -114.43617, 34.02808 ], [ -114.43827, 34.02261 ], [ -114.44054, 34.01933 ], [ -114.44382, 34.01618 ], [ -114.45021, 34.01257 ], [ -114.45481, 34.01097 ], [ -114.45891, 34.01084 ], [ -114.46117, 34.01008 ], [ -114.46283, 34.00842 ], [ -114.46313, 34.00661 ], [ -114.46283, 34.0045 ], [ -114.46041, 33.99921 ], [ -114.46026, 33.99665 ], [ -114.46117, 33.99469 ], [ -114.46238, 33.99378 ], [ -114.46619, 33.99347 ], [ -114.46793, 33.99288 ], [ -114.47114, 33.98804 ], [ -114.47591, 33.98442 ], [ -114.48145, 33.98126 ], [ -114.48233, 33.98018 ], [ -114.4831, 33.97774 ], [ -114.48478, 33.97552 ], [ -114.49505, 33.96684 ], [ -114.49988, 33.96179 ], [ -114.50957, 33.95726 ], [ -114.51123, 33.95704 ], [ -114.51586, 33.95811 ], [ -114.522, 33.95562 ], [ -114.52868, 33.94782 ], [ -114.53548, 33.93465 ], [ -114.53499, 33.9285 ], [ -114.53368, 33.92607 ], [ -114.52839, 33.92367 ], [ -114.52536, 33.92227 ], [ -114.51843, 33.91752 ], [ -114.51151, 33.91109 ], [ -114.50856, 33.9061 ], [ -114.50792, 33.90381 ], [ -114.50799, 33.90181 ], [ -114.50871, 33.90064 ], [ -114.51094, 33.8991 ], [ -114.51372, 33.89796 ], [ -114.51631, 33.8962 ], [ -114.51781, 33.89489 ], [ -114.51874, 33.89321 ], [ -114.51893, 33.89171 ], [ -114.51856, 33.88985 ], [ -114.51781, 33.88817 ], [ -114.5165, 33.88593 ], [ -114.51247, 33.88288 ], [ -114.50434, 33.87688 ], [ -114.50339, 33.87502 ], [ -114.50302, 33.868 ], [ -114.50389, 33.86575 ], [ -114.50564, 33.86428 ], [ -114.51467, 33.85864 ], [ -114.51681, 33.85812 ], [ -114.52453, 33.85848 ], [ -114.52677, 33.85736 ], [ -114.52845, 33.85493 ], [ -114.52939, 33.85175 ], [ -114.5296, 33.84806 ], [ -114.52554, 33.83861 ], [ -114.52341, 33.83532 ], [ -114.52047, 33.82778 ], [ -114.51997, 33.82538 ], [ -114.52073, 33.82203 ], [ -114.52271, 33.81898 ], [ -114.52716, 33.81619 ], [ -114.52805, 33.81496 ], [ -114.52009, 33.79947 ], [ -114.51673, 33.78834 ], [ -114.50709, 33.76793 ], [ -114.50486, 33.76047 ], [ -114.50483, 33.76021 ], [ -114.50434, 33.75638 ], [ -114.50448, 33.751 ], [ -114.506, 33.74634 ], [ -114.50821, 33.74159 ], [ -114.51191, 33.73499 ], [ -114.51235, 33.73421 ], [ -114.51027, 33.73215 ], [ -114.5068, 33.73052 ], [ -114.50418, 33.72805 ], [ -114.50266, 33.72458 ], [ -114.50079, 33.7222 ], [ -114.49657, 33.71916 ], [ -114.4949, 33.71443 ], [ -114.4942, 33.70792 ], [ -114.49572, 33.69845 ], [ -114.49649, 33.6969 ], [ -114.50499, 33.69302 ], [ -114.51241, 33.69128 ], [ -114.51911, 33.68847 ], [ -114.52396, 33.68588 ], [ -114.52778, 33.68268 ], [ -114.53035, 33.67925 ], [ -114.53152, 33.67511 ], [ -114.531, 33.6711 ], [ -114.52971, 33.66803 ], [ -114.5283, 33.66604 ], [ -114.52695, 33.6643 ], [ -114.52598, 33.66294 ], [ -114.5252, 33.66158 ], [ -114.52501, 33.65964 ], [ -114.5252, 33.65809 ], [ -114.52578, 33.65712 ], [ -114.52695, 33.65557 ], [ -114.5283, 33.65305 ], [ -114.53024, 33.65014 ], [ -114.53005, 33.64762 ], [ -114.52908, 33.64413 ], [ -114.52792, 33.64141 ], [ -114.52709, 33.63812 ], [ -114.52695, 33.63753 ], [ -114.52695, 33.63307 ], [ -114.5285, 33.63016 ], [ -114.52986, 33.62745 ], [ -114.52966, 33.62279 ], [ -114.52794, 33.61884 ], [ -114.52578, 33.61659 ], [ -114.52462, 33.61426 ], [ -114.52481, 33.61135 ], [ -114.52678, 33.60883 ], [ -114.52919, 33.60665 ], [ -114.54062, 33.59141 ], [ -114.5403, 33.58062 ], [ -114.53597, 33.56915 ], [ -114.53566, 33.56879 ], [ -114.52683, 33.55747 ], [ -114.52439, 33.55368 ], [ -114.5246, 33.55223 ], [ -114.54201, 33.54248 ], [ -114.5589, 33.53182 ], [ -114.55951, 33.53072 ], [ -114.56083, 33.52433 ], [ -114.56055, 33.51827 ], [ -114.56096, 33.51674 ], [ -114.56953, 33.50922 ], [ -114.57376, 33.50754 ], [ -114.58047, 33.50646 ], [ -114.58824, 33.50245 ], [ -114.59155, 33.49944 ], [ -114.59728, 33.49065 ], [ -114.59876, 33.4868 ], [ -114.59971, 33.48432 ], [ -114.6017, 33.48139 ], [ -114.60784, 33.47483 ], [ -114.61247, 33.47077 ], [ -114.62292, 33.45656 ], [ -114.6234, 33.45449 ], [ -114.62228, 33.44756 ], [ -114.62713, 33.43355 ], [ -114.62964, 33.42814 ], [ -114.63518, 33.42273 ], [ -114.6433, 33.41674 ], [ -114.64954, 33.41363 ], [ -114.65283, 33.41292 ], [ -114.65838, 33.41304 ], [ -114.6739, 33.4183 ], [ -114.68795, 33.41794 ], [ -114.69566, 33.41513 ], [ -114.6965, 33.41406 ], [ -114.6968, 33.41209 ], [ -114.69771, 33.41094 ], [ -114.70173, 33.40839 ], [ -114.71088, 33.40725 ], [ -114.72007, 33.40789 ], [ -114.72383, 33.40653 ], [ -114.72528, 33.40505 ], [ -114.72553, 33.40406 ], [ -114.72529, 33.40234 ], [ -114.72287, 33.39878 ], [ -114.7136, 33.38826 ], [ -114.70841, 33.38415 ], [ -114.70731, 33.38254 ], [ -114.70701, 33.38063 ], [ -114.70735, 33.37663 ], [ -114.69905, 33.36115 ], [ -114.69817, 33.35657 ], [ -114.69804, 33.35244 ], [ -114.70094, 33.33701 ], [ -114.70524, 33.32777 ], [ -114.70796, 33.32342 ], [ -114.71079, 33.32061 ], [ -114.72362, 33.31211 ], [ -114.7299, 33.30575 ], [ -114.73122, 33.30404 ], [ -114.73122, 33.30243 ], [ -114.72326, 33.28808 ], [ -114.72167, 33.28698 ], [ -114.71788, 33.28516 ], [ -114.7112, 33.28334 ], [ -114.70287, 33.28192 ], [ -114.69445, 33.27979 ], [ -114.68436, 33.27602 ], [ -114.68051, 33.27358 ], [ -114.67703, 33.27017 ], [ -114.6724, 33.26047 ], [ -114.67209, 33.2585 ], [ -114.67449, 33.2556 ], [ -114.6882, 33.24797 ], [ -114.68954, 33.24643 ], [ -114.68942, 33.24525 ], [ -114.68273, 33.23492 ], [ -114.6781, 33.2303 ], [ -114.67448, 33.2255 ], [ -114.67363, 33.22312 ], [ -114.67372, 33.21925 ], [ -114.67607, 33.21084 ], [ -114.67875, 33.20345 ], [ -114.67818, 33.19958 ], [ -114.67519, 33.18818 ], [ -114.67536, 33.18549 ], [ -114.67583, 33.18152 ], [ -114.67903, 33.17474 ], [ -114.68025, 33.16972 ], [ -114.67873, 33.16295 ], [ -114.67936, 33.15952 ], [ -114.68225, 33.15521 ], [ -114.68449, 33.14812 ], [ -114.68707, 33.1422 ], [ -114.68999, 33.13788 ], [ -114.69683, 33.13121 ], [ -114.70368, 33.11377 ], [ -114.70618, 33.10533 ], [ -114.7079, 33.09743 ], [ -114.70782, 33.0911 ], [ -114.70649, 33.08816 ], [ -114.70473, 33.08705 ], [ -114.70117, 33.08637 ], [ -114.69463, 33.08623 ], [ -114.69255, 33.08579 ], [ -114.68902, 33.08404 ], [ -114.6886, 33.08287 ], [ -114.68931, 33.07918 ], [ -114.68912, 33.07612 ], [ -114.68699, 33.07097 ], [ -114.6743, 33.05717 ], [ -114.6751, 33.04753 ], [ -114.67366, 33.0419 ], [ -114.6708, 33.03798 ], [ -114.66506, 33.03391 ], [ -114.66232, 33.03267 ], [ -114.65983, 33.03267 ], [ -114.65783, 33.03383 ], [ -114.65504, 33.03711 ], [ -114.649, 33.04676 ], [ -114.64598, 33.0489 ], [ -114.64162, 33.0469 ], [ -114.63955, 33.04529 ], [ -114.63419, 33.03903 ], [ -114.62829, 33.03105 ], [ -114.62579, 33.02944 ], [ -114.61879, 33.0272 ], [ -114.60101, 33.02541 ], [ -114.58978, 33.02623 ], [ -114.58698, 33.02694 ], [ -114.58477, 33.02823 ], [ -114.5814, 33.03254 ], [ -114.57829, 33.03538 ], [ -114.57516, 33.03654 ], [ -114.57165, 33.03662 ], [ -114.55319, 33.03397 ], [ -114.53846, 33.03342 ], [ -114.52358, 33.03096 ], [ -114.52013, 33.02998 ], [ -114.51688, 33.02783 ], [ -114.5149, 33.02652 ], [ -114.51134, 33.02345 ], [ -114.50613, 33.01701 ], [ -114.50287, 33.01115 ], [ -114.4998, 33.00391 ], [ -114.49732, 32.99147 ], [ -114.49571, 32.98008 ], [ -114.49421, 32.97426 ], [ -114.49294, 32.97178 ], [ -114.49013, 32.96988 ], [ -114.48862, 32.96995 ], [ -114.48131, 32.97206 ], [ -114.48042, 32.97366 ], [ -114.47616, 32.97517 ], [ -114.47099, 32.97406 ], [ -114.46904, 32.9723 ], [ -114.46766, 32.96686 ], [ -114.46727, 32.96068 ], [ -114.46773, 32.95632 ], [ -114.46911, 32.95267 ], [ -114.47083, 32.94933 ], [ -114.47404, 32.94515 ], [ -114.47846, 32.94056 ], [ -114.48074, 32.93703 ], [ -114.48092, 32.93525 ], [ -114.47901, 32.92829 ], [ -114.47664, 32.92363 ], [ -114.47371, 32.92059 ], [ -114.46445, 32.91313 ], [ -114.46365, 32.91168 ], [ -114.46293, 32.90794 ], [ -114.46313, 32.90188 ], [ -114.46529, 32.88308 ], [ -114.46572, 32.87942 ], [ -114.46572, 32.87919 ], [ -114.46555, 32.87481 ], [ -114.46897, 32.84515 ], [ -114.47589, 32.83869 ], [ -114.49412, 32.82329 ], [ -114.49628, 32.82233 ], [ -114.49683, 32.82212 ], [ -114.51022, 32.81642 ], [ -114.51539, 32.81144 ], [ -114.51976, 32.80568 ], [ -114.52039, 32.80358 ], [ -114.52203, 32.80168 ], [ -114.52885, 32.79631 ], [ -114.53075, 32.79348 ], [ -114.53167, 32.79118 ], [ -114.53175, 32.7825 ], [ -114.53243, 32.77692 ], [ -114.53183, 32.77426 ], [ -114.52844, 32.76728 ], [ -114.52737, 32.7604 ], [ -114.52686, 32.75709 ], [ -114.53909, 32.75695 ], [ -114.61477, 32.73409 ], [ -114.61573, 32.72943 ], [ -114.61558, 32.72845 ], [ -114.61567, 32.72844 ], [ -114.61837, 32.72825 ], [ -114.6245, 32.72936 ], [ -114.63269, 32.73085 ], [ -114.64933, 32.73277 ], [ -114.65826, 32.7338 ], [ -114.65884, 32.73383 ], [ -114.66549, 32.73413 ], [ -114.66749, 32.73423 ], [ -114.67709, 32.73622 ], [ -114.67863, 32.73661 ], [ -114.68428, 32.73754 ], [ -114.68878, 32.73768 ], [ -114.69879, 32.74485 ], [ -114.70074, 32.74562 ], [ -114.70192, 32.74555 ], [ -114.70572, 32.74158 ], [ -114.7083, 32.73829 ], [ -114.71452, 32.73039 ], [ -114.71579, 32.72776 ], [ -114.71766, 32.72165 ], [ -114.71963, 32.71876 ], [ -114.72651, 32.7183 ], [ -115.0008, 32.69968 ], [ -115.33555, 32.67619 ], [ -115.46516, 32.6671 ], [ -115.4654, 32.66708 ], [ -115.48256, 32.66579 ], [ -115.49045, 32.6652 ], [ -115.49676, 32.66472 ], [ -115.49914, 32.66454 ], [ -115.53348, 32.66196 ], [ -115.66221, 32.65227 ], [ -116.04662, 32.62335 ], [ -116.10618, 32.61864 ], [ -116.11543, 32.61791 ], [ -116.12585, 32.61667 ], [ -116.21103, 32.61033 ], [ -116.35083, 32.59905 ], [ -116.38978, 32.59591 ], [ -116.54064, 32.58375 ], [ -116.62705, 32.57626 ], [ -116.75734, 32.56562 ], [ -116.85316, 32.55779 ], [ -116.85715, 32.55746 ], [ -116.92806, 32.55076 ], [ -116.94596, 32.55006 ], [ -117.02636, 32.54246 ], [ -117.02989, 32.5422 ], [ -117.06263, 32.53987 ], [ -117.06276, 32.53986 ], [ -117.11887, 32.53471 ], [ -117.12471, 32.53417 ], [ -117.12486, 32.53416 ], [ -117.12909, 32.5548 ], [ -117.12935, 32.55604 ], [ -117.13336, 32.57563 ], [ -117.13321, 32.58402 ], [ -117.13318, 32.58563 ], [ -117.13296, 32.59705 ], [ -117.13666, 32.61875 ], [ -117.13946, 32.62705 ], [ -117.14545, 32.63691 ], [ -117.15986, 32.66065 ], [ -117.16887, 32.67195 ], [ -117.17664, 32.67851 ], [ -117.18037, 32.68165 ], [ -117.19297, 32.68775 ], [ -117.19298, 32.68775 ], [ -117.19677, 32.68885 ], [ -117.21307, 32.68775 ], [ -117.22387, 32.68305 ], [ -117.23622, 32.67137 ], [ -117.23624, 32.67135 ], [ -117.24607, 32.66935 ], [ -117.25517, 32.70005 ], [ -117.25639, 32.71324 ], [ -117.25757, 32.72605 ], [ -117.2563, 32.73729 ], [ -117.25537, 32.74545 ], [ -117.25466, 32.74736 ], [ -117.25257, 32.75295 ], [ -117.25265, 32.75413 ], [ -117.25301, 32.75911 ], [ -117.2532, 32.76184 ], [ -117.25497, 32.78695 ], [ -117.25626, 32.79037 ], [ -117.26016, 32.80073 ], [ -117.26107, 32.80315 ], [ -117.27168, 32.81333 ], [ -117.28097, 32.82225 ], [ -117.28124, 32.82619 ], [ -117.28197, 32.83666 ], [ -117.28217, 32.83955 ], [ -117.28117, 32.84305 ], [ -117.27387, 32.85145 ], [ -117.26828, 32.84988 ], [ -117.26497, 32.84895 ], [ -117.26067, 32.85265 ], [ -117.25617, 32.85945 ], [ -117.25167, 32.87435 ], [ -117.25447, 32.90015 ], [ -117.26047, 32.93124 ], [ -117.26255, 32.93954 ], [ -117.2728, 32.98052 ], [ -117.27536, 32.99073 ], [ -117.28077, 33.01234 ], [ -117.28258, 33.01555 ], [ -117.29147, 33.03128 ], [ -117.29337, 33.03464 ], [ -117.2989, 33.04811 ], [ -117.30567, 33.06456 ], [ -117.30977, 33.07454 ], [ -117.31342, 33.0871 ], [ -117.31528, 33.0935 ], [ -117.32836, 33.12184 ], [ -117.34517, 33.14474 ], [ -117.3595, 33.16425 ], [ -117.36257, 33.16844 ], [ -117.36941, 33.17656 ], [ -117.39148, 33.20276 ], [ -117.39797, 33.20949 ], [ -117.40193, 33.2136 ], [ -117.44558, 33.26852 ], [ -117.46979, 33.29642 ], [ -117.50565, 33.33406 ], [ -117.54769, 33.36549 ], [ -117.57172, 33.37899 ], [ -117.59588, 33.38663 ], [ -117.59616, 33.38709 ], [ -117.60693, 33.40472 ], [ -117.60791, 33.40632 ], [ -117.62052, 33.41916 ], [ -117.63168, 33.43053 ], [ -117.63174, 33.43057 ], [ -117.64101, 33.43737 ], [ -117.64558, 33.44073 ], [ -117.64559, 33.44073 ], [ -117.67532, 33.45689 ], [ -117.68434, 33.4618 ], [ -117.68458, 33.46193 ], [ -117.68928, 33.46016 ], [ -117.69198, 33.45663 ], [ -117.69138, 33.45403 ], [ -117.71337, 33.46002 ], [ -117.71535, 33.46056 ], [ -117.72555, 33.48151 ], [ -117.72575, 33.48192 ], [ -117.72649, 33.48343 ], [ -117.73488, 33.49134 ], [ -117.74268, 33.49869 ], [ -117.75483, 33.51014 ], [ -117.76139, 33.51633 ], [ -117.76349, 33.51858 ], [ -117.77368, 33.52951 ], [ -117.77922, 33.53544 ], [ -117.78489, 33.54153 ], [ -117.79294, 33.54388 ], [ -117.80129, 33.54632 ], [ -117.81419, 33.55222 ], [ -117.82893, 33.56426 ], [ -117.84029, 33.57352 ], [ -117.8664, 33.58697 ], [ -117.87679, 33.59232 ], [ -117.87887, 33.59298 ], [ -117.89979, 33.59962 ], [ -117.92707, 33.60552 ], [ -117.92709, 33.60552 ], [ -117.94059, 33.62002 ], [ -117.95755, 33.62971 ], [ -117.96505, 33.634 ], [ -117.97088, 33.63733 ], [ -117.9879, 33.64706 ], [ -118.00059, 33.65432 ], [ -118.00081, 33.65448 ], [ -118.0101, 33.66154 ], [ -118.01878, 33.66813 ], [ -118.02969, 33.67642 ], [ -118.03223, 33.67891 ], [ -118.05529, 33.70158 ], [ -118.0649, 33.71102 ], [ -118.06542, 33.71143 ], [ -118.0889, 33.72982 ], [ -118.09004, 33.73022 ], [ -118.09614, 33.73237 ], [ -118.1011, 33.73412 ], [ -118.11566, 33.74292 ], [ -118.1326, 33.75316 ], [ -118.1327, 33.75322 ], [ -118.14661, 33.7573 ], [ -118.1569, 33.76032 ], [ -118.16672, 33.76206 ], [ -118.1755, 33.76362 ], [ -118.17624, 33.76354 ], [ -118.18083, 33.76307 ], [ -118.18185, 33.7618 ], [ -118.18936, 33.75249 ], [ -118.19126, 33.75013 ], [ -118.18755, 33.73603 ], [ -118.19271, 33.73167 ], [ -118.22483, 33.73213 ], [ -118.23567, 33.72421 ], [ -118.24748, 33.71557 ], [ -118.28155, 33.70949 ], [ -118.28362, 33.7087 ], [ -118.29285, 33.70516 ], [ -118.29316, 33.70504 ], [ -118.31249, 33.71129 ], [ -118.31721, 33.71282 ], [ -118.32281, 33.71573 ], [ -118.3333, 33.72118 ], [ -118.3547, 33.73232 ], [ -118.36051, 33.73682 ], [ -118.37212, 33.739 ], [ -118.38501, 33.74142 ], [ -118.39661, 33.73592 ], [ -118.40358, 33.73881 ], [ -118.41121, 33.74198 ], [ -118.41422, 33.74771 ], [ -118.42153, 33.76162 ], [ -118.42841, 33.77472 ], [ -118.42341, 33.78202 ], [ -118.42024, 33.78515 ], [ -118.41289, 33.79242 ], [ -118.41159, 33.7937 ], [ -118.41153, 33.79376 ], [ -118.40501, 33.80022 ], [ -118.39445, 33.80426 ], [ -118.39431, 33.80432 ], [ -118.39156, 33.81521 ], [ -118.39151, 33.81542 ], [ -118.39182, 33.82882 ], [ -118.39205, 33.83857 ], [ -118.39211, 33.84092 ], [ -118.39763, 33.85244 ], [ -118.40213, 33.86183 ], [ -118.40941, 33.87703 ], [ -118.41269, 33.88388 ], [ -118.41271, 33.88391 ], [ -118.42202, 33.90159 ], [ -118.42367, 33.90474 ], [ -118.42978, 33.91632 ], [ -118.43207, 33.92069 ], [ -118.43691, 33.92986 ], [ -118.44241, 33.94031 ], [ -118.44867, 33.95021 ], [ -118.45635, 33.96237 ], [ -118.46061, 33.96911 ], [ -118.46819, 33.9783 ], [ -118.47263, 33.98368 ], [ -118.47607, 33.98784 ], [ -118.48273, 33.99591 ], [ -118.48421, 33.99771 ], [ -118.48688, 34.00026 ], [ -118.4927, 34.00583 ], [ -118.50281, 34.01551 ], [ -118.50283, 34.01552 ], [ -118.50962, 34.0204 ], [ -118.51688, 34.02561 ], [ -118.51951, 34.02751 ], [ -118.51973, 34.02761 ], [ -118.53611, 34.03525 ], [ -118.54312, 34.03851 ], [ -118.5543, 34.03985 ], [ -118.56714, 34.04139 ], [ -118.56924, 34.04164 ], [ -118.60357, 34.03905 ], [ -118.60965, 34.03642 ], [ -118.63644, 34.03755 ], [ -118.66836, 34.03889 ], [ -118.67543, 34.03748 ], [ -118.67937, 34.03325 ], [ -118.70622, 34.02938 ], [ -118.71431, 34.03042 ], [ -118.73239, 34.03274 ], [ -118.74495, 34.0321 ], [ -118.74989, 34.03075 ], [ -118.78343, 34.02154 ], [ -118.78709, 34.01955 ], [ -118.80511, 34.00124 ], [ -118.82156, 34.01394 ], [ -118.82158, 34.01396 ], [ -118.84038, 34.02753 ], [ -118.84282, 34.02867 ], [ -118.85465, 34.03422 ], [ -118.89616, 34.03921 ], [ -118.92805, 34.04585 ], [ -118.93808, 34.04338 ], [ -118.94489, 34.04534 ], [ -118.95472, 34.04817 ], [ -118.97775, 34.05982 ], [ -118.99698, 34.06594 ], [ -119.00464, 34.06623 ], [ -119.03749, 34.08311 ], [ -119.06381, 34.08908 ], [ -119.06996, 34.09047 ], [ -119.08854, 34.09831 ], [ -119.09822, 34.09933 ], [ -119.10978, 34.09457 ], [ -119.13017, 34.1001 ], [ -119.13747, 34.10496 ], [ -119.15962, 34.1197 ], [ -119.18864, 34.139 ], [ -119.18925, 34.13924 ], [ -119.20314, 34.14451 ], [ -119.21124, 34.14491 ], [ -119.21644, 34.1461 ], [ -119.22527, 34.15831 ], [ -119.22774, 34.16173 ], [ -119.23714, 34.1758 ], [ -119.24861, 34.19742 ], [ -119.25704, 34.2133 ], [ -119.26593, 34.23461 ], [ -119.26595, 34.23469 ], [ -119.26626, 34.23605 ], [ -119.27014, 34.2529 ], [ -119.27864, 34.2669 ], [ -119.28556, 34.2714 ], [ -119.29094, 34.2749 ], [ -119.30213, 34.27276 ], [ -119.30765, 34.27424 ], [ -119.31303, 34.27569 ], [ -119.33747, 34.29058 ], [ -119.34919, 34.30438 ], [ -119.37036, 34.31949 ], [ -119.37578, 34.32112 ], [ -119.38825, 34.3174 ], [ -119.39045, 34.3182 ], [ -119.42777, 34.35302 ], [ -119.43107, 34.3553 ], [ -119.43589, 34.35584 ], [ -119.46104, 34.37406 ], [ -119.47268, 34.37563 ], [ -119.47827, 34.3772 ], [ -119.48339, 34.37864 ], [ -119.50422, 34.38449 ], [ -119.51065, 34.38629 ], [ -119.53683, 34.39545 ], [ -119.53696, 34.39549 ], [ -119.55946, 34.4134 ], [ -119.61359, 34.42056 ], [ -119.61686, 34.42099 ], [ -119.63038, 34.41774 ], [ -119.63886, 34.4157 ], [ -119.64866, 34.4174 ], [ -119.65912, 34.41681 ], [ -119.67187, 34.4161 ], [ -119.68817, 34.4125 ], [ -119.68624, 34.41019 ], [ -119.68467, 34.4083 ], [ -119.69175, 34.40315 ], [ -119.69451, 34.40192 ], [ -119.70907, 34.3954 ], [ -119.72774, 34.39586 ], [ -119.72937, 34.3959 ], [ -119.74305, 34.40184 ], [ -119.74547, 34.4029 ], [ -119.75578, 34.40624 ], [ -119.78587, 34.416 ], [ -119.79477, 34.4176 ], [ -119.8106, 34.4169 ], [ -119.82694, 34.41618 ], [ -119.83577, 34.4158 ], [ -119.8386, 34.41457 ], [ -119.85347, 34.40813 ], [ -119.85377, 34.408 ], [ -119.8539, 34.408 ], [ -119.86951, 34.40862 ], [ -119.87397, 34.40879 ], [ -119.88483, 34.41412 ], [ -119.91155, 34.42722 ], [ -119.92523, 34.43393 ], [ -119.95643, 34.43529 ], [ -119.97195, 34.44464 ], [ -120.00808, 34.46045 ], [ -120.03883, 34.46343 ], [ -120.05068, 34.46165 ], [ -120.08859, 34.46021 ], [ -120.09721, 34.46181 ], [ -120.11841, 34.46993 ], [ -120.14117, 34.4734 ], [ -120.1835, 34.47037 ], [ -120.2255, 34.47059 ], [ -120.238, 34.4681 ], [ -120.25777, 34.46745 ], [ -120.283, 34.46835 ], [ -120.29505, 34.47062 ], [ -120.29917, 34.46973 ], [ -120.30182, 34.46708 ], [ -120.34137, 34.45879 ], [ -120.44197, 34.45151 ], [ -120.45143, 34.44709 ], [ -120.47138, 34.44785 ], [ -120.47661, 34.47513 ], [ -120.48037, 34.48106 ], [ -120.49052, 34.49007 ], [ -120.50023, 34.50535 ], [ -120.51142, 34.52295 ], [ -120.52478, 34.53129 ], [ -120.58129, 34.55696 ], [ -120.60836, 34.55666 ], [ -120.612, 34.55356 ], [ -120.62257, 34.55402 ], [ -120.63781, 34.56622 ], [ -120.64574, 34.58103 ], [ -120.64024, 34.60441 ], [ -120.62513, 34.63449 ], [ -120.60197, 34.6921 ], [ -120.60045, 34.70464 ], [ -120.60167, 34.70972 ], [ -120.61485, 34.73071 ], [ -120.62632, 34.73807 ], [ -120.63742, 34.7559 ], [ -120.6291, 34.77743 ], [ -120.62297, 34.7933 ], [ -120.6163, 34.81631 ], [ -120.6099, 34.84275 ], [ -120.61027, 34.85818 ], [ -120.61633, 34.86674 ], [ -120.63928, 34.88041 ], [ -120.64139, 34.89027 ], [ -120.64221, 34.89415 ], [ -120.64733, 34.90113 ], [ -120.66289, 34.90118 ], [ -120.67083, 34.90411 ], [ -120.64891, 34.97439 ], [ -120.63999, 35.00296 ], [ -120.63357, 35.03308 ], [ -120.62993, 35.06151 ], [ -120.62958, 35.07836 ], [ -120.63091, 35.10116 ], [ -120.63096, 35.10194 ], [ -120.63546, 35.12233 ], [ -120.63579, 35.1238 ], [ -120.63858, 35.12898 ], [ -120.64431, 35.13962 ], [ -120.65113, 35.14777 ], [ -120.66248, 35.15336 ], [ -120.66799, 35.15203 ], [ -120.67507, 35.15306 ], [ -120.68697, 35.16071 ], [ -120.69891, 35.17119 ], [ -120.7042, 35.17321 ], [ -120.71419, 35.176 ], [ -120.71884, 35.17657 ], [ -120.73423, 35.17847 ], [ -120.74887, 35.1778 ], [ -120.75482, 35.1747 ], [ -120.75686, 35.16921 ], [ -120.75609, 35.16046 ], [ -120.76049, 35.15971 ], [ -120.779, 35.1689 ], [ -120.78608, 35.17767 ], [ -120.80526, 35.18497 ], [ -120.84667, 35.20443 ], [ -120.85605, 35.20649 ], [ -120.87305, 35.22569 ], [ -120.89679, 35.24788 ], [ -120.89688, 35.25399 ], [ -120.89527, 35.25907 ], [ -120.88935, 35.27782 ], [ -120.87957, 35.29418 ], [ -120.87498, 35.30642 ], [ -120.8672, 35.32715 ], [ -120.86268, 35.34678 ], [ -120.86213, 35.36076 ], [ -120.86313, 35.3689 ], [ -120.86405, 35.37633 ], [ -120.86413, 35.37699 ], [ -120.8661, 35.39305 ], [ -120.86719, 35.39662 ], [ -120.86921, 35.40328 ], [ -120.8746, 35.4126 ], [ -120.88476, 35.4302 ], [ -120.89686, 35.44224 ], [ -120.90794, 35.44907 ], [ -120.92724, 35.44789 ], [ -120.94655, 35.44671 ], [ -120.95074, 35.44802 ], [ -120.95586, 35.45374 ], [ -120.95696, 35.45426 ], [ -120.96944, 35.4602 ], [ -120.97612, 35.45903 ], [ -120.98423, 35.45953 ], [ -121.00336, 35.46071 ], [ -121.02562, 35.4846 ], [ -121.05235, 35.50692 ], [ -121.05308, 35.50753 ], [ -121.05991, 35.50967 ], [ -121.1016, 35.54881 ], [ -121.11256, 35.56867 ], [ -121.123, 35.58758 ], [ -121.12603, 35.59306 ], [ -121.13356, 35.60045 ], [ -121.14356, 35.60605 ], [ -121.16671, 35.6354 ], [ -121.1889, 35.64314 ], [ -121.19529, 35.64073 ], [ -121.25103, 35.65664 ], [ -121.27232, 35.66671 ], [ -121.28497, 35.67411 ], [ -121.28979, 35.68943 ], [ -121.29647, 35.69682 ], [ -121.30458, 35.70179 ], [ -121.31463, 35.71331 ], [ -121.31579, 35.75252 ], [ -121.32492, 35.76935 ], [ -121.33245, 35.78311 ], [ -121.34636, 35.79518 ], [ -121.35674, 35.80419 ], [ -121.38805, 35.82348 ], [ -121.40682, 35.84462 ], [ -121.41315, 35.85532 ], [ -121.42696, 35.8601 ], [ -121.43958, 35.86695 ], [ -121.46226, 35.88562 ], [ -121.46123, 35.89691 ], [ -121.46345, 35.90442 ], [ -121.47244, 35.91989 ], [ -121.47337, 35.92332 ], [ -121.47467, 35.92809 ], [ -121.4862, 35.97035 ], [ -121.50311, 36.0003 ], [ -121.51159, 36.0066 ], [ -121.52581, 36.01205 ], [ -121.53188, 36.01437 ], [ -121.55372, 36.0198 ], [ -121.56961, 36.02154 ], [ -121.5746, 36.02516 ], [ -121.5904, 36.05036 ], [ -121.58918, 36.05378 ], [ -121.59285, 36.06506 ], [ -121.60685, 36.07207 ], [ -121.61867, 36.08777 ], [ -121.62201, 36.09969 ], [ -121.62963, 36.11445 ], [ -121.68014, 36.16582 ], [ -121.71718, 36.19515 ], [ -121.77985, 36.22741 ], [ -121.79706, 36.23421 ], [ -121.80698, 36.23291 ], [ -121.81373, 36.23423 ], [ -121.82643, 36.24186 ], [ -121.83579, 36.25075 ], [ -121.83935, 36.26048 ], [ -121.85197, 36.27783 ], [ -121.8748, 36.28906 ], [ -121.88849, 36.30281 ], [ -121.89471, 36.31781 ], [ -121.89292, 36.34043 ], [ -121.90545, 36.35827 ], [ -121.90267, 36.3639 ], [ -121.90181, 36.38188 ], [ -121.90319, 36.3936 ], [ -121.90566, 36.39821 ], [ -121.91438, 36.40434 ], [ -121.91746, 36.41481 ], [ -121.91474, 36.42589 ], [ -121.9255, 36.45392 ], [ -121.93721, 36.47249 ], [ -121.94004, 36.48094 ], [ -121.9416, 36.4856 ], [ -121.93922, 36.4969 ], [ -121.93876, 36.50642 ], [ -121.94368, 36.5118 ], [ -121.94467, 36.52186 ], [ -121.92877, 36.52315 ], [ -121.92594, 36.52517 ], [ -121.92639, 36.52759 ], [ -121.92973, 36.54522 ], [ -121.93205, 36.5575 ], [ -121.93251, 36.55994 ], [ -121.94253, 36.56643 ], [ -121.94966, 36.5676 ], [ -121.95146, 36.56401 ], [ -121.95734, 36.56448 ], [ -121.97259, 36.57337 ], [ -121.97859, 36.58049 ], [ -121.97148, 36.58246 ], [ -121.97043, 36.58275 ], [ -121.94167, 36.61806 ], [ -121.93855, 36.63391 ], [ -121.93643, 36.63675 ], [ -121.92967, 36.63696 ], [ -121.92387, 36.63456 ], [ -121.91883, 36.63078 ], [ -121.90233, 36.61839 ], [ -121.89016, 36.60926 ], [ -121.89005, 36.60852 ], [ -121.88906, 36.60176 ], [ -121.88676, 36.60146 ], [ -121.87161, 36.60451 ], [ -121.87136, 36.60456 ], [ -121.8606, 36.61114 ], [ -121.85918, 36.6126 ], [ -121.84226, 36.63006 ], [ -121.832, 36.64486 ], [ -121.82505, 36.65721 ], [ -121.81508, 36.68137 ], [ -121.81446, 36.68286 ], [ -121.80978, 36.69603 ], [ -121.80706, 36.71416 ], [ -121.80564, 36.75024 ], [ -121.80506, 36.75205 ], [ -121.79244, 36.79111 ], [ -121.78828, 36.80399 ], [ -121.79154, 36.81519 ], [ -121.80271, 36.83615 ], [ -121.80936, 36.84865 ], [ -121.81055, 36.85065 ], [ -121.82766, 36.87935 ], [ -121.86227, 36.93155 ], [ -121.86705, 36.93653 ], [ -121.88017, 36.95015 ], [ -121.89467, 36.96185 ], [ -121.89992, 36.96501 ], [ -121.90647, 36.96895 ], [ -121.93007, 36.97815 ], [ -121.93947, 36.97805 ], [ -121.95167, 36.97145 ], [ -121.95197, 36.9712 ], [ -121.96489, 36.96062 ], [ -121.97277, 36.95415 ], [ -121.97587, 36.95405 ], [ -121.9839, 36.95873 ], [ -121.98584, 36.95912 ], [ -122.0005, 36.96212 ], [ -122.01237, 36.96455 ], [ -122.01258, 36.96451 ], [ -122.02337, 36.96215 ], [ -122.02434, 36.95936 ], [ -122.02717, 36.95115 ], [ -122.04199, 36.94945 ], [ -122.05012, 36.94852 ], [ -122.06642, 36.94827 ], [ -122.07936, 36.95078 ], [ -122.10598, 36.95595 ], [ -122.14058, 36.97495 ], [ -122.15508, 36.98085 ], [ -122.18688, 37.00345 ], [ -122.20618, 37.01395 ], [ -122.25218, 37.05945 ], [ -122.26048, 37.07255 ], [ -122.28488, 37.10175 ], [ -122.29297, 37.10732 ], [ -122.30614, 37.11638 ], [ -122.31391, 37.11816 ], [ -122.32297, 37.11546 ], [ -122.33046, 37.11534 ], [ -122.33707, 37.11738 ], [ -122.33886, 37.12085 ], [ -122.33709, 37.13079 ], [ -122.33783, 37.13594 ], [ -122.34403, 37.1441 ], [ -122.35979, 37.15557 ], [ -122.36179, 37.16359 ], [ -122.36709, 37.17282 ], [ -122.37927, 37.18113 ], [ -122.3906, 37.18299 ], [ -122.39706, 37.18725 ], [ -122.40507, 37.19579 ], [ -122.40718, 37.21946 ], [ -122.40898, 37.22526 ], [ -122.41582, 37.23284 ], [ -122.41911, 37.24147 ], [ -122.41845, 37.24852 ], [ -122.41169, 37.26584 ], [ -122.40132, 37.33701 ], [ -122.40085, 37.35923 ], [ -122.40926, 37.37481 ], [ -122.41006, 37.37582 ], [ -122.42329, 37.39254 ], [ -122.4406, 37.42937 ], [ -122.44369, 37.43594 ], [ -122.44599, 37.46154 ], [ -122.44719, 37.46529 ], [ -122.45207, 37.48048 ], [ -122.45209, 37.48054 ], [ -122.46789, 37.49814 ], [ -122.47239, 37.50054 ], [ -122.48565, 37.49474 ], [ -122.48589, 37.49464 ], [ -122.49379, 37.49234 ], [ -122.49929, 37.49534 ], [ -122.51669, 37.52134 ], [ -122.51953, 37.5373 ], [ -122.51659, 37.54494 ], [ -122.51479, 37.54614 ], [ -122.51369, 37.55224 ], [ -122.51809, 37.57614 ], [ -122.51743, 37.5868 ], [ -122.51719, 37.59064 ], [ -122.50139, 37.59964 ], [ -122.49797, 37.60891 ], [ -122.49679, 37.61214 ], [ -122.49529, 37.62986 ], [ -122.49408, 37.64404 ], [ -122.49543, 37.66518 ], [ -122.49678, 37.68643 ], [ -122.50053, 37.70084 ], [ -122.50243, 37.70813 ], [ -122.50648, 37.72373 ], [ -122.50784, 37.73546 ], [ -122.5094, 37.74884 ], [ -122.51114, 37.76389 ], [ -122.51198, 37.77109 ], [ -122.51198, 37.77113 ], [ -122.51448, 37.78083 ], [ -122.50984, 37.78461 ], [ -122.50531, 37.78831 ], [ -122.49376, 37.78796 ], [ -122.49288, 37.78793 ], [ -122.48578, 37.79063 ], [ -122.48576, 37.79068 ], [ -122.47808, 37.81083 ], [ -122.47034, 37.80867 ], [ -122.46379, 37.80465 ], [ -122.44824, 37.80725 ], [ -122.43952, 37.80871 ], [ -122.42594, 37.81098 ], [ -122.42504, 37.811 ], [ -122.42061, 37.81111 ], [ -122.40745, 37.81144 ], [ -122.39964, 37.80657 ], [ -122.39814, 37.80563 ], [ -122.38971, 37.79582 ], [ -122.38532, 37.79072 ], [ -122.38476, 37.78739 ], [ -122.384, 37.78296 ], [ -122.38136, 37.76739 ], [ -122.379, 37.75349 ], [ -122.37676, 37.74034 ], [ -122.37585, 37.73498 ], [ -122.37009, 37.73233 ], [ -122.36989, 37.73255 ], [ -122.3677, 37.73494 ], [ -122.36548, 37.73462 ], [ -122.35678, 37.72951 ], [ -122.36175, 37.71501 ], [ -122.37041, 37.71757 ], [ -122.37498, 37.71556 ], [ -122.39138, 37.70833 ], [ -122.39319, 37.70753 ], [ -122.38763, 37.67906 ], [ -122.38186, 37.67177 ], [ -122.37429, 37.66221 ], [ -122.3756, 37.65239 ], [ -122.37789, 37.65042 ], [ -122.38738, 37.64846 ], [ -122.38607, 37.63766 ], [ -122.382, 37.6354 ], [ -122.36545, 37.62621 ], [ -122.35531, 37.61574 ], [ -122.35858, 37.61115 ], [ -122.37036, 37.61443 ], [ -122.37331, 37.61377 ], [ -122.37784, 37.60669 ], [ -122.37855, 37.60559 ], [ -122.37517, 37.60318 ], [ -122.36022, 37.5925 ], [ -122.35962, 37.59248 ], [ -122.33321, 37.59146 ], [ -122.31768, 37.59087 ], [ -122.31539, 37.58727 ], [ -122.31571, 37.58367 ], [ -122.3059, 37.57548 ], [ -122.30441, 37.57539 ], [ -122.28845, 37.57443 ], [ -122.2633, 37.5729 ], [ -122.2627, 37.57287 ], [ -122.2519, 37.56632 ], [ -122.25069, 37.56386 ], [ -122.24572, 37.55373 ], [ -122.24432, 37.55339 ], [ -122.22944, 37.54981 ], [ -122.22343, 37.54534 ], [ -122.21426, 37.53851 ], [ -122.19659, 37.5372 ], [ -122.19496, 37.52247 ], [ -122.16845, 37.50414 ], [ -122.16369, 37.50305 ], [ -122.15569, 37.5012 ], [ -122.14963, 37.50267 ], [ -122.13985, 37.50598 ], [ -122.1309, 37.50232 ], [ -122.12936, 37.49843 ], [ -122.12421, 37.48547 ], [ -122.12384, 37.4758 ], [ -122.12375, 37.47319 ], [ -122.11584, 37.46578 ], [ -122.11288, 37.46301 ], [ -122.0894, 37.45091 ], [ -122.05994, 37.44537 ], [ -122.05911, 37.44521 ], [ -122.0389, 37.45059 ], [ -122.03422, 37.46112 ], [ -122.03879, 37.46395 ], [ -122.04533, 37.46801 ], [ -122.05306, 37.47944 ], [ -122.05491, 37.49443 ], [ -122.0782, 37.50103 ], [ -122.09913, 37.4995 ], [ -122.11134, 37.50758 ], [ -122.11142, 37.5102 ], [ -122.11144, 37.51085 ], [ -122.112, 37.52885 ], [ -122.12869, 37.56059 ], [ -122.1324, 37.56222 ], [ -122.13392, 37.56289 ], [ -122.13752, 37.56747 ], [ -122.1444, 37.58187 ], [ -122.14701, 37.58841 ], [ -122.14538, 37.60085 ], [ -122.14636, 37.60739 ], [ -122.15291, 37.64077 ], [ -122.16151, 37.66381 ], [ -122.1628, 37.66727 ], [ -122.16305, 37.66793 ], [ -122.1709, 37.67611 ], [ -122.17909, 37.68004 ], [ -122.19704, 37.69255 ], [ -122.19741, 37.6928 ], [ -122.20251, 37.69666 ], [ -122.20397, 37.69777 ], [ -122.20591, 37.69795 ], [ -122.20797, 37.69815 ], [ -122.21377, 37.6987 ], [ -122.22163, 37.70557 ], [ -122.24683, 37.72193 ], [ -122.24996, 37.72663 ], [ -122.25599, 37.73567 ], [ -122.25711, 37.73792 ], [ -122.25795, 37.7396 ], [ -122.25713, 37.745 ], [ -122.25223, 37.74762 ], [ -122.24849, 37.74899 ], [ -122.24494, 37.75029 ], [ -122.24264, 37.75374 ], [ -122.24835, 37.75758 ], [ -122.25374, 37.76121 ], [ -122.25375, 37.76122 ], [ -122.26146, 37.76379 ], [ -122.2641, 37.76467 ], [ -122.27541, 37.76735 ], [ -122.27974, 37.7682 ], [ -122.28614, 37.76946 ], [ -122.29156, 37.77012 ], [ -122.294, 37.77042 ], [ -122.30434, 37.77463 ], [ -122.31891, 37.77904 ], [ -122.32916, 37.78317 ], [ -122.33079, 37.78383 ], [ -122.33096, 37.78603 ], [ -122.33175, 37.79605 ], [ -122.33567, 37.79965 ], [ -122.33561, 37.79996 ], [ -122.33371, 37.8098 ], [ -122.33334, 37.81028 ], [ -122.32357, 37.82321 ], [ -122.31768, 37.82681 ], [ -122.30622, 37.82747 ], [ -122.30393, 37.83009 ], [ -122.30352, 37.83285 ], [ -122.30138, 37.84732 ], [ -122.30131, 37.84776 ], [ -122.31048, 37.87394 ], [ -122.31027, 37.88186 ], [ -122.3101, 37.88845 ], [ -122.30999, 37.89276 ], [ -122.31326, 37.89701 ], [ -122.3135, 37.89721 ], [ -122.32373, 37.90584 ], [ -122.33453, 37.90879 ], [ -122.35711, 37.90879 ], [ -122.36065, 37.90569 ], [ -122.36235, 37.90421 ], [ -122.36758, 37.90388 ], [ -122.37871, 37.90519 ], [ -122.38591, 37.90814 ], [ -122.38918, 37.9101 ], [ -122.39049, 37.92254 ], [ -122.39507, 37.92712 ], [ -122.40129, 37.92843 ], [ -122.41372, 37.93726 ], [ -122.41737, 37.94351 ], [ -122.43009, 37.96312 ], [ -122.42976, 37.9654 ], [ -122.41536, 37.96312 ], [ -122.41176, 37.9605 ], [ -122.40838, 37.95754 ], [ -122.39983, 37.95601 ], [ -122.39692, 37.96133 ], [ -122.39217, 37.96999 ], [ -122.38209, 37.97334 ], [ -122.36758, 37.97817 ], [ -122.3619, 37.98999 ], [ -122.363, 37.99437 ], [ -122.36693, 37.99846 ], [ -122.36889, 38.00795 ], [ -122.36791, 38.01253 ], [ -122.36365, 38.01417 ], [ -122.35949, 38.00994 ], [ -122.34009, 38.00369 ], [ -122.33385, 38.00494 ], [ -122.33191, 38.00533 ], [ -122.3311, 38.0059 ], [ -122.32111, 38.01286 ], [ -122.31555, 38.01351 ], [ -122.31316, 38.01309 ], [ -122.30082, 38.01089 ], [ -122.29948, 38.0118 ], [ -122.29447, 38.01521 ], [ -122.28512, 38.02156 ], [ -122.28348, 38.02267 ], [ -122.27332, 38.03347 ], [ -122.26286, 38.0446 ], [ -122.26286, 38.05147 ], [ -122.26667, 38.06007 ], [ -122.27301, 38.07438 ], [ -122.28282, 38.08289 ], [ -122.3018, 38.10514 ], [ -122.31729, 38.11204 ], [ -122.36876, 38.13565 ], [ -122.39359, 38.14345 ], [ -122.39741, 38.14175 ], [ -122.4098, 38.13623 ], [ -122.43958, 38.11692 ], [ -122.4425, 38.11675 ], [ -122.45038, 38.11627 ], [ -122.45496, 38.11889 ], [ -122.48441, 38.11496 ], [ -122.48997, 38.11201 ], [ -122.49073, 38.10976 ], [ -122.49128, 38.10809 ], [ -122.48997, 38.09696 ], [ -122.48921, 38.09535 ], [ -122.4867, 38.09009 ], [ -122.48376, 38.07176 ], [ -122.48555, 38.06851 ], [ -122.49227, 38.05638 ], [ -122.49489, 38.04754 ], [ -122.49947, 38.03216 ], [ -122.49783, 38.0194 ], [ -122.49574, 38.01668 ], [ -122.49456, 38.01515 ], [ -122.48147, 38.00762 ], [ -122.46281, 38.00337 ], [ -122.45467, 37.9974 ], [ -122.453, 37.99617 ], [ -122.44841, 37.98831 ], [ -122.44841, 37.98471 ], [ -122.45659, 37.97882 ], [ -122.46249, 37.98144 ], [ -122.47198, 37.98177 ], [ -122.48433, 37.97062 ], [ -122.48866, 37.96671 ], [ -122.4903, 37.96475 ], [ -122.4903, 37.95919 ], [ -122.48768, 37.94872 ], [ -122.48048, 37.94544 ], [ -122.47963, 37.94289 ], [ -122.47917, 37.94152 ], [ -122.48572, 37.93759 ], [ -122.49426, 37.93861 ], [ -122.49947, 37.93923 ], [ -122.50306, 37.93661 ], [ -122.50306, 37.92875 ], [ -122.49357, 37.92188 ], [ -122.48637, 37.92188 ], [ -122.48407, 37.92096 ], [ -122.47819, 37.91861 ], [ -122.47198, 37.91043 ], [ -122.4723, 37.90257 ], [ -122.47154, 37.9021 ], [ -122.45856, 37.89406 ], [ -122.44841, 37.89341 ], [ -122.43925, 37.88392 ], [ -122.43827, 37.88097 ], [ -122.45005, 37.87116 ], [ -122.45482, 37.87025 ], [ -122.46216, 37.86887 ], [ -122.47941, 37.88609 ], [ -122.48343, 37.8901 ], [ -122.48458, 37.89033 ], [ -122.49978, 37.89341 ], [ -122.50102, 37.89366 ], [ -122.49719, 37.8752 ], [ -122.49627, 37.87078 ], [ -122.4831, 37.86396 ], [ -122.48183, 37.85791 ], [ -122.47918, 37.84535 ], [ -122.47647, 37.83251 ], [ -122.47915, 37.82543 ], [ -122.48348, 37.82673 ], [ -122.50538, 37.82213 ], [ -122.52918, 37.81903 ], [ -122.53728, 37.83033 ], [ -122.54899, 37.83623 ], [ -122.56149, 37.85183 ], [ -122.58429, 37.85923 ], [ -122.60129, 37.87513 ], [ -122.62711, 37.88608 ], [ -122.62724, 37.88619 ], [ -122.63998, 37.89735 ], [ -122.65652, 37.90452 ], [ -122.67847, 37.9066 ], [ -122.68217, 37.90645 ], [ -122.69357, 37.90117 ], [ -122.70264, 37.89382 ], [ -122.7273, 37.90463 ], [ -122.7329, 37.92023 ], [ -122.73688, 37.92581 ], [ -122.7369, 37.92583 ], [ -122.75461, 37.93553 ], [ -122.76614, 37.938 ], [ -122.78324, 37.95133 ], [ -122.79174, 37.96942 ], [ -122.7974, 37.97666 ], [ -122.82138, 37.99674 ], [ -122.85657, 38.01672 ], [ -122.88211, 38.02527 ], [ -122.93971, 38.03191 ], [ -122.95681, 38.02872 ], [ -122.97238, 38.02025 ], [ -122.98342, 38.00455 ], [ -122.97751, 37.99823 ], [ -122.97763, 37.99265 ], [ -122.98467, 37.99003 ], [ -123.01115, 37.99169 ], [ -123.01962, 37.99422 ], [ -123.01898, 38.00121 ], [ -123.0102, 38.00628 ], [ -122.99242, 38.04176 ], [ -122.96089, 38.11296 ], [ -122.95209, 38.13856 ], [ -122.94907, 38.15406 ], [ -122.94963, 38.16404 ], [ -122.95363, 38.17567 ], [ -122.96541, 38.18711 ], [ -122.96637, 38.19851 ], [ -122.96811, 38.20243 ], [ -122.98959, 38.22909 ], [ -122.9865, 38.23592 ], [ -122.97662, 38.23761 ], [ -122.96981, 38.23878 ], [ -122.9672, 38.25069 ], [ -122.97708, 38.2679 ], [ -122.98632, 38.27316 ], [ -122.9946, 38.2831 ], [ -122.99711, 38.28946 ], [ -123.00291, 38.29571 ], [ -123.00412, 38.29701 ], [ -123.02433, 38.31057 ], [ -123.03874, 38.31358 ], [ -123.05106, 38.31069 ], [ -123.05348, 38.30572 ], [ -123.05255, 38.30351 ], [ -123.05202, 38.30225 ], [ -123.0535, 38.29939 ], [ -123.05824, 38.29836 ], [ -123.06367, 38.30218 ], [ -123.07468, 38.32257 ], [ -123.06844, 38.33521 ], [ -123.06826, 38.35986 ], [ -123.08557, 38.39052 ], [ -123.10371, 38.41554 ], [ -123.12238, 38.43731 ], [ -123.12883, 38.45042 ], [ -123.14532, 38.45942 ], [ -123.15557, 38.46696 ], [ -123.16643, 38.47495 ], [ -123.17965, 38.48209 ], [ -123.20228, 38.49431 ], [ -123.2498, 38.51105 ], [ -123.28716, 38.54022 ], [ -123.29715, 38.54345 ], [ -123.3319, 38.56554 ], [ -123.34334, 38.59001 ], [ -123.34961, 38.59681 ], [ -123.37188, 38.60724 ], [ -123.3793, 38.62195 ], [ -123.39817, 38.64704 ], [ -123.40301, 38.64945 ], [ -123.40566, 38.65673 ], [ -123.43272, 38.68713 ], [ -123.44177, 38.69974 ], [ -123.45392, 38.71049 ], [ -123.46129, 38.717 ], [ -123.49002, 38.73221 ], [ -123.51478, 38.74197 ], [ -123.52515, 38.7538 ], [ -123.53354, 38.76841 ], [ -123.54184, 38.77676 ], [ -123.57199, 38.79819 ], [ -123.57986, 38.80284 ], [ -123.58638, 38.80286 ], [ -123.60022, 38.81412 ], [ -123.60157, 38.81899 ], [ -123.60532, 38.82276 ], [ -123.63864, 38.84387 ], [ -123.64268, 38.84401 ], [ -123.64739, 38.84547 ], [ -123.65221, 38.85458 ], [ -123.6547, 38.86564 ], [ -123.65985, 38.87253 ], [ -123.6881, 38.89359 ], [ -123.71054, 38.91323 ], [ -123.72537, 38.91744 ], [ -123.72763, 38.9295 ], [ -123.72631, 38.93637 ], [ -123.73889, 38.95412 ], [ -123.73289, 38.95499 ], [ -123.72905, 38.95667 ], [ -123.72135, 38.96388 ], [ -123.71115, 38.97732 ], [ -123.6969, 39.0044 ], [ -123.69074, 39.02129 ], [ -123.69009, 39.03116 ], [ -123.69397, 39.05736 ], [ -123.71108, 39.10233 ], [ -123.71339, 39.10842 ], [ -123.71804, 39.12823 ], [ -123.73503, 39.14286 ], [ -123.74222, 39.16488 ], [ -123.76101, 39.19159 ], [ -123.76589, 39.19366 ], [ -123.775, 39.21208 ], [ -123.77737, 39.23721 ], [ -123.78789, 39.26433 ], [ -123.79645, 39.26975 ], [ -123.79899, 39.27135 ], [ -123.80385, 39.27877 ], [ -123.80176, 39.28353 ], [ -123.80308, 39.29175 ], [ -123.81139, 39.31282 ], [ -123.80877, 39.32437 ], [ -123.81737, 39.3388 ], [ -123.82209, 39.34386 ], [ -123.82533, 39.36081 ], [ -123.82586, 39.3651 ], [ -123.82631, 39.36871 ], [ -123.82233, 39.37999 ], [ -123.82059, 39.4048 ], [ -123.81884, 39.41715 ], [ -123.81731, 39.42798 ], [ -123.81469, 39.44654 ], [ -123.8043, 39.47145 ], [ -123.79564, 39.49222 ], [ -123.78417, 39.50942 ], [ -123.77852, 39.52148 ], [ -123.76647, 39.5528 ], [ -123.76652, 39.55322 ], [ -123.76721, 39.55985 ], [ -123.78742, 39.60455 ], [ -123.78354, 39.60952 ], [ -123.78232, 39.62149 ], [ -123.78636, 39.65993 ], [ -123.79266, 39.68412 ], [ -123.80821, 39.71072 ], [ -123.82474, 39.71813 ], [ -123.82954, 39.72307 ], [ -123.8316, 39.73063 ], [ -123.83509, 39.73877 ], [ -123.83809, 39.75241 ], [ -123.83715, 39.77623 ], [ -123.8398, 39.79564 ], [ -123.85171, 39.83204 ], [ -123.85376, 39.8341 ], [ -123.88146, 39.84542 ], [ -123.90766, 39.86303 ], [ -123.91514, 39.87531 ], [ -123.91585, 39.88111 ], [ -123.93005, 39.9097 ], [ -123.95495, 39.92237 ], [ -123.96265, 39.93764 ], [ -123.98003, 39.96246 ], [ -123.99586, 39.97304 ], [ -124.02394, 40.00128 ], [ -124.0359, 40.01332 ], [ -124.05641, 40.0243 ], [ -124.06507, 40.02479 ], [ -124.06891, 40.02131 ], [ -124.07251, 40.02266 ], [ -124.07998, 40.02977 ], [ -124.08071, 40.06611 ], [ -124.08709, 40.07844 ], [ -124.11055, 40.10377 ], [ -124.13995, 40.11635 ], [ -124.17077, 40.12421 ], [ -124.17694, 40.12649 ], [ -124.18787, 40.13054 ], [ -124.21489, 40.1609 ], [ -124.23109, 40.17158 ], [ -124.2584, 40.18428 ], [ -124.2965, 40.20882 ], [ -124.32091, 40.22662 ], [ -124.32769, 40.23737 ], [ -124.34307, 40.24398 ], [ -124.35272, 40.25045 ], [ -124.36341, 40.26097 ], [ -124.36363, 40.27621 ], [ -124.34785, 40.31463 ], [ -124.35312, 40.33143 ], [ -124.35659, 40.33502 ], [ -124.3628, 40.35005 ], [ -124.36536, 40.37485 ], [ -124.3736, 40.39292 ], [ -124.37908, 40.39883 ], [ -124.3915, 40.40705 ], [ -124.40262, 40.42211 ], [ -124.40959, 40.43808 ], [ -124.4086, 40.4432 ] ] ] ] } },
{ "type": "Feature", "properties": { "STATEFP": "08", "GEOID": "08", "STUSPS": "CO", "NAME": "Colorado" }, "geometry": { "type": "Polygon", "coordinates": [ [ [ -109.06025, 38.59933 ], [ -109.05954, 38.71989 ], [ -109.05739, 38.79546 ], [ -109.05419, 38.87498 ], [ -109.05394, 38.90441 ], [ -109.0538, 38.90528 ], [ -109.05323, 38.94247 ], [ -109.05329, 38.94288 ], [ -109.05244, 38.99999 ], [ -109.05158, 39.11651 ], [ -109.05151, 39.12609 ], [ -109.05076, 39.36668 ], [ -109.05136, 39.49767 ], [ -109.05136, 39.4977 ], [ -109.05104, 39.66047 ], [ -109.05061, 39.87497 ], [ -109.05087, 40.05891 ], [ -109.05081, 40.05958 ], [ -109.05094, 40.17305 ], [ -109.05094, 40.18071 ], [ -109.05097, 40.18085 ], [ -109.05097, 40.22265 ], [ -109.05095, 40.44437 ], [ -109.05031, 40.49509 ], [ -109.0507, 40.49996 ], [ -109.04995, 40.5399 ], [ -109.05007, 40.54036 ], [ -109.04804, 40.61923 ], [ -109.04825, 40.6536 ], [ -109.04837, 40.66261 ], [ -109.04909, 40.71456 ], [ -109.04846, 40.82608 ], [ -109.05008, 41.00066 ], [ -108.88414, 41.00009 ], [ -108.63111, 41.00016 ], [ -108.52667, 40.99961 ], [ -108.50066, 41.00011 ], [ -108.25065, 41.00011 ], [ -108.18123, 41.00046 ], [ -108.04654, 41.00206 ], [ -107.91842, 41.00204 ], [ -107.62562, 41.00212 ], [ -107.36744, 41.00307 ], [ -107.31779, 41.00297 ], [ -107.30294, 41.00294 ], [ -107.24119, 41.0028 ], [ -107.00061, 41.00344 ], [ -106.85777, 41.00266 ], [ -106.45386, 41.00206 ], [ -106.43956, 41.00198 ], [ -106.43742, 41.0018 ], [ -106.43095, 41.00175 ], [ -106.39185, 41.00118 ], [ -106.38636, 41.00114 ], [ -106.32116, 40.99912 ], [ -106.21757, 40.99773 ], [ -106.19055, 40.99761 ], [ -106.06118, 40.997 ], [ -105.77056, 40.9969 ], [ -105.73042, 40.99689 ], [ -105.7248, 40.99691 ], [ -105.41272, 40.99779 ], [ -105.27714, 40.99817 ], [ -105.27686, 40.99817 ], [ -105.25653, 40.99819 ], [ -105.25478, 40.99821 ], [ -104.94337, 40.99808 ], [ -104.85527, 40.99805 ], [ -104.8295, 40.99927 ], [ -104.77303, 40.99989 ], [ -104.676, 41.00096 ], [ -104.49715, 41.00183 ], [ -104.49706, 41.0018 ], [ -104.46767, 41.00147 ], [ -104.21469, 41.00166 ], [ -104.21419, 41.00157 ], [ -104.21147, 41.00159 ], [ -104.12359, 41.00163 ], [ -104.10459, 41.00154 ], [ -104.08607, 41.00156 ], [ -104.06696, 41.0015 ], [ -104.05325, 41.00141 ], [ -104.03924, 41.0015 ], [ -104.02338, 41.00189 ], [ -104.01822, 41.00162 ], [ -103.97264, 41.00162 ], [ -103.97137, 41.00152 ], [ -103.95352, 41.0016 ], [ -103.90632, 41.00139 ], [ -103.89621, 41.00175 ], [ -103.87797, 41.00167 ], [ -103.85845, 41.00168 ], [ -103.7505, 41.00205 ], [ -103.57452, 41.00172 ], [ -103.57377, 41.00172 ], [ -103.49745, 41.00164 ], [ -103.4867, 41.00191 ], [ -103.42198, 41.00201 ], [ -103.42193, 41.00197 ], [ -103.39699, 41.00256 ], [ -103.38249, 41.00223 ], [ -103.36531, 41.00185 ], [ -103.36298, 41.00184 ], [ -103.0778, 41.0023 ], [ -103.07654, 41.00225 ], [ -103.05954, 41.00237 ], [ -103.058, 41.00237 ], [ -103.04344, 41.00234 ], [ -103.0387, 41.00225 ], [ -103.00203, 41.00249 ], [ -103.0001, 41.0024 ], [ -102.98269, 41.00216 ], [ -102.98148, 41.00211 ], [ -102.96367, 41.00219 ], [ -102.96252, 41.00207 ], [ -102.96071, 41.00206 ], [ -102.95962, 41.00209 ], [ -102.94483, 41.0023 ], [ -102.94311, 41.00205 ], [ -102.92557, 41.00228 ], [ -102.92403, 41.00214 ], [ -102.90655, 41.00228 ], [ -102.9048, 41.00221 ], [ -102.88741, 41.00218 ], [ -102.88575, 41.00213 ], [ -102.86782, 41.00218 ], [ -102.86578, 41.00199 ], [ -102.84926, 41.0023 ], [ -102.84646, 41.00226 ], [ -102.8303, 41.00235 ], [ -102.82728, 41.00214 ], [ -102.77355, 41.00241 ], [ -102.76672, 41.00227 ], [ -102.75462, 41.00236 ], [ -102.73962, 41.00223 ], [ -102.65346, 41.00233 ], [ -102.62103, 41.0026 ], [ -102.5787, 41.00229 ], [ -102.57574, 41.00227 ], [ -102.5755, 41.0022 ], [ -102.56605, 41.0022 ], [ -102.55679, 41.00222 ], [ -102.48795, 41.00245 ], [ -102.47054, 41.00238 ], [ -102.46922, 41.00242 ], [ -102.37959, 41.0023 ], [ -102.36407, 41.00217 ], [ -102.29283, 41.00221 ], [ -102.29262, 41.00223 ], [ -102.29255, 41.00221 ], [ -102.29135, 41.00221 ], [ -102.2721, 41.00225 ], [ -102.26781, 41.00238 ], [ -102.23193, 41.00233 ], [ -102.2122, 41.00246 ], [ -102.20936, 41.00244 ], [ -102.19121, 41.00233 ], [ -102.12497, 41.00234 ], [ -102.0706, 41.00242 ], [ -102.05172, 41.00238 ], [ -102.05161, 41.00238 ], [ -102.05129, 40.74959 ], [ -102.0514, 40.69754 ], [ -102.05173, 40.53784 ], [ -102.05152, 40.52009 ], [ -102.05146, 40.44001 ], [ -102.05184, 40.3964 ], [ -102.05157, 40.39308 ], [ -102.0518, 40.36007 ], [ -102.05155, 40.34921 ], [ -102.05131, 40.33838 ], [ -102.05192, 40.23534 ], [ -102.05189, 40.22919 ], [ -102.05191, 40.16267 ], [ -102.052, 40.14836 ], [ -102.05174, 40.00308 ], [ -102.05157, 39.84981 ], [ -102.05136, 39.84347 ], [ -102.05132, 39.83331 ], [ -102.05125, 39.81899 ], [ -102.05059, 39.67559 ], [ -102.0501, 39.65381 ], [ -102.05042, 39.64605 ], [ -102.04995, 39.59233 ], [ -102.04981, 39.57406 ], [ -102.04976, 39.56818 ], [ -102.04955, 39.53893 ], [ -102.04967, 39.53669 ], [ -102.04968, 39.50618 ], [ -102.04937, 39.42333 ], [ -102.04937, 39.41821 ], [ -102.04917, 39.4036 ], [ -102.04896, 39.37371 ], [ -102.04845, 39.30314 ], [ -102.04725, 39.13702 ], [ -102.04719, 39.13315 ], [ -102.04713, 39.1297 ], [ -102.04657, 39.04704 ], [ -102.04539, 38.81339 ], [ -102.04533, 38.79946 ], [ -102.04545, 38.78345 ], [ -102.04537, 38.77006 ], [ -102.04529, 38.75553 ], [ -102.04538, 38.75434 ], [ -102.04521, 38.69757 ], [ -102.04516, 38.68856 ], [ -102.04513, 38.68673 ], [ -102.04516, 38.67522 ], [ -102.0451, 38.67495 ], [ -102.04507, 38.66962 ], [ -102.04529, 38.61525 ], [ -102.04529, 38.61517 ], [ -102.04521, 38.58161 ], [ -102.04519, 38.55873 ], [ -102.04522, 38.5438 ], [ -102.04511, 38.52378 ], [ -102.04526, 38.50553 ], [ -102.04526, 38.5054 ], [ -102.04532, 38.45365 ], [ -102.04494, 38.41968 ], [ -102.04444, 38.4158 ], [ -102.04494, 38.38442 ], [ -102.04461, 38.31232 ], [ -102.04457, 38.26882 ], [ -102.04457, 38.26875 ], [ -102.04451, 38.26241 ], [ -102.0444, 38.25001 ], [ -102.04425, 38.14178 ], [ -102.04459, 38.12501 ], [ -102.04426, 38.11301 ], [ -102.04464, 38.04553 ], [ -102.04384, 37.9281 ], [ -102.04385, 37.92614 ], [ -102.04322, 37.86793 ], [ -102.04303, 37.82415 ], [ -102.04295, 37.80353 ], [ -102.04267, 37.78876 ], [ -102.04216, 37.76016 ], [ -102.04199, 37.73854 ], [ -102.04188, 37.72387 ], [ -102.04157, 37.68044 ], [ -102.04169, 37.66568 ], [ -102.04158, 37.65449 ], [ -102.04158, 37.64428 ], [ -102.04162, 37.60787 ], [ -102.04189, 37.55798 ], [ -102.0419, 37.54119 ], [ -102.04202, 37.53526 ], [ -102.04179, 37.50607 ], [ -102.0418, 37.46949 ], [ -102.04175, 37.43485 ], [ -102.04167, 37.43474 ], [ -102.04168, 37.4099 ], [ -102.04159, 37.38919 ], [ -102.04152, 37.37502 ], [ -102.04209, 37.35282 ], [ -102.04197, 37.35261 ], [ -102.04182, 37.30949 ], [ -102.04166, 37.29765 ], [ -102.04196, 37.25816 ], [ -102.042, 37.14174 ], [ -102.04214, 37.12502 ], [ -102.04209, 37.12502 ], [ -102.04181, 37.11197 ], [ -102.04198, 37.10655 ], [ -102.04192, 37.03508 ], [ -102.04175, 37.0344 ], [ -102.04192, 37.03218 ], [ -102.04195, 37.03081 ], [ -102.04195, 37.02474 ], [ -102.04224, 36.99308 ], [ -102.0545, 36.99311 ], [ -102.18427, 36.99359 ], [ -102.20832, 36.99373 ], [ -102.26079, 36.99439 ], [ -102.35529, 36.99451 ], [ -102.35537, 36.99457 ], [ -102.69814, 36.99515 ], [ -102.74206, 36.99769 ], [ -102.75988, 36.99853 ], [ -102.77857, 36.99924 ], [ -102.7998, 36.99949 ], [ -102.81714, 36.99977 ], [ -102.84199, 36.9996 ], [ -102.97961, 36.99855 ], [ -102.98581, 36.99857 ], [ -102.98698, 36.99852 ], [ -103.0022, 37.0001 ], [ -103.0861, 37.00017 ], [ -103.15592, 37.00023 ], [ -103.73325, 36.99802 ], [ -103.73436, 36.99804 ], [ -104.00786, 36.99624 ], [ -104.25054, 36.99464 ], [ -104.33883, 36.99354 ], [ -104.43399, 36.99366 ], [ -104.48058, 36.99372 ], [ -104.48059, 36.99372 ], [ -104.51926, 36.99377 ], [ -104.62456, 36.99438 ], [ -104.62555, 36.9936 ], [ -104.64503, 36.99338 ], [ -104.73203, 36.99345 ], [ -104.73212, 36.99348 ], [ -105.00055, 36.99326 ], [ -105.02923, 36.99273 ], [ -105.1208, 36.99543 ], [ -105.13645, 36.99539 ], [ -105.15504, 36.99534 ], [ -105.22051, 36.99517 ], [ -105.22061, 36.99517 ], [ -105.2513, 36.9956 ], [ -105.41931, 36.99586 ], [ -105.44246, 36.99599 ], [ -105.44725, 36.99602 ], [ -105.46518, 36.99599 ], [ -105.50884, 36.99589 ], [ -105.51248, 36.99578 ], [ -105.52232, 36.99582 ], [ -105.53392, 36.99587 ], [ -105.62747, 36.99568 ], [ -105.66472, 36.99587 ], [ -105.71647, 36.99585 ], [ -105.71847, 36.99585 ], [ -105.99616, 36.99542 ], [ -105.99747, 36.99542 ], [ -106.00632, 36.99535 ], [ -106.00663, 36.99534 ], [ -106.10001, 36.99476 ], [ -106.20147, 36.99412 ], [ -106.2477, 36.99427 ], [ -106.24868, 36.99429 ], [ -106.29328, 36.99389 ], [ -106.34314, 36.99423 ], [ -106.41205, 36.99403 ], [ -106.47628, 36.99384 ], [ -106.50059, 36.99377 ], [ -106.61716, 36.99297 ], [ -106.61713, 36.993 ], [ -106.62865, 36.99318 ], [ -106.62873, 36.99316 ], [ -106.66134, 36.99324 ], [ -106.67563, 36.99312 ], [ -106.75059, 36.99246 ], [ -106.78188, 36.99245 ], [ -106.8698, 36.99243 ], [ -106.87729, 37.00014 ], [ -106.9636, 37.00012 ], [ -106.98551, 37.00011 ], [ -107.42091, 37.00001 ], [ -107.48174, 37.0 ], [ -107.7124, 37.0 ], [ -107.78058, 37.0 ], [ -108.00062, 37.0 ], [ -108.04737, 36.99982 ], [ -108.24936, 36.99901 ], [ -108.25064, 36.99956 ], [ -108.28809, 36.99956 ], [ -108.2884, 36.99952 ], [ -108.32046, 36.9995 ], [ -108.32072, 36.99951 ], [ -108.3793, 36.99946 ], [ -108.53641, 36.99932 ], [ -108.61969, 36.99925 ], [ -108.62031, 36.99929 ], [ -108.9544, 36.99891 ], [ -108.95887, 36.99891 ], [ -109.04522, 36.99908 ], [ -109.04517, 37.07274 ], [ -109.04506, 37.07466 ], [ -109.045, 37.08643 ], [ -109.04519, 37.09627 ], [ -109.04517, 37.10946 ], [ -109.0452, 37.11196 ], [ -109.04516, 37.11206 ], [ -109.046, 37.17728 ], [ -109.04598, 37.20183 ], [ -109.04549, 37.21084 ], [ -109.04556, 37.2399 ], [ -109.04558, 37.24935 ], [ -109.04604, 37.24999 ], [ -109.04584, 37.35998 ], [ -109.04581, 37.37499 ], [ -109.04346, 37.48482 ], [ -109.04314, 37.49999 ], [ -109.04192, 37.53065 ], [ -109.04187, 37.53073 ], [ -109.04181, 37.60417 ], [ -109.04213, 37.61766 ], [ -109.04209, 37.6238 ], [ -109.04227, 37.66607 ], [ -109.04173, 37.71121 ], [ -109.04176, 37.71318 ], [ -109.04164, 37.74021 ], [ -109.0421, 37.74999 ], [ -109.04146, 37.80011 ], [ -109.04175, 37.83583 ], [ -109.04172, 37.84205 ], [ -109.04184, 37.87279 ], [ -109.04165, 37.88109 ], [ -109.04106, 37.90724 ], [ -109.04312, 37.97426 ], [ -109.04282, 37.99707 ], [ -109.04282, 37.9993 ], [ -109.04184, 38.15303 ], [ -109.04176, 38.16469 ], [ -109.05465, 38.24492 ], [ -109.06006, 38.27549 ], [ -109.05996, 38.49999 ], [ -109.05996, 38.50003 ], [ -109.06025, 38.59933 ] ] ] } },
{ "type": "Feature", "properties": { "STATEFP": "16", "GEOID": "16", "STUSPS": "ID", "NAME": "Idaho" }, "geometry": { "type": "Polygon", "coordinates": [ [ [ -117.24268, 44.39655 ], [ -117.23484, 44.39967 ], [ -117.22698, 44.40558 ], [ -117.22546, 44.40773 ], [ -117.21828, 44.42066 ], [ -117.21507, 44.42716 ], [ -117.21464, 44.44803 ], [ -117.21557, 44.45375 ], [ -117.21702, 44.45904 ], [ -117.22155, 44.47015 ], [ -117.22445, 44.47388 ], [ -117.22576, 44.47722 ], [ -117.22593, 44.47939 ], [ -117.22508, 44.48235 ], [ -117.2241, 44.48373 ], [ -117.22148, 44.48456 ], [ -117.21637, 44.48616 ], [ -117.21115, 44.48536 ], [ -117.20894, 44.48566 ], [ -117.20024, 44.49203 ], [ -117.19432, 44.49988 ], [ -117.19249, 44.50327 ], [ -117.19133, 44.50678 ], [ -117.19163, 44.50989 ], [ -117.18976, 44.51338 ], [ -117.18539, 44.51926 ], [ -117.18158, 44.52296 ], [ -117.16719, 44.52343 ], [ -117.16103, 44.52517 ], [ -117.15241, 44.5318 ], [ -117.14924, 44.53615 ], [ -117.14416, 44.54565 ], [ -117.14293, 44.55724 ], [ -117.14793, 44.56214 ], [ -117.14826, 44.56437 ], [ -117.14603, 44.5686 ], [ -117.14248, 44.57143 ], [ -117.13807, 44.573 ], [ -117.13396, 44.57524 ], [ -117.12601, 44.58155 ], [ -117.12475, 44.58383 ], [ -117.12527, 44.59382 ], [ -117.12052, 44.61466 ], [ -117.11781, 44.62014 ], [ -117.11475, 44.62488 ], [ -117.10823, 44.62711 ], [ -117.09822, 44.64069 ], [ -117.09497, 44.65201 ], [ -117.09679, 44.65738 ], [ -117.09587, 44.66474 ], [ -117.09122, 44.66881 ], [ -117.08124, 44.68348 ], [ -117.08077, 44.68416 ], [ -117.08056, 44.68671 ], [ -117.07912, 44.69217 ], [ -117.07222, 44.70052 ], [ -117.06382, 44.70362 ], [ -117.0618, 44.70665 ], [ -117.06045, 44.72167 ], [ -117.06227, 44.72714 ], [ -117.04422, 44.74514 ], [ -117.03827, 44.74818 ], [ -117.0138, 44.75684 ], [ -117.00605, 44.75602 ], [ -116.9989, 44.75638 ], [ -116.992, 44.75918 ], [ -116.9865, 44.76238 ], [ -116.9778, 44.76798 ], [ -116.9729, 44.77258 ], [ -116.9709, 44.77388 ], [ -116.9668, 44.77518 ], [ -116.949, 44.77798 ], [ -116.9368, 44.78288 ], [ -116.9347, 44.78388 ], [ -116.9318, 44.78718 ], [ -116.9307, 44.78988 ], [ -116.9308, 44.79098 ], [ -116.9331, 44.79448 ], [ -116.9338, 44.79678 ], [ -116.9337, 44.79878 ], [ -116.9311, 44.80478 ], [ -116.9281, 44.80838 ], [ -116.9205, 44.81438 ], [ -116.90577, 44.83479 ], [ -116.90103, 44.84154 ], [ -116.89625, 44.84833 ], [ -116.8836, 44.85827 ], [ -116.86534, 44.8706 ], [ -116.85704, 44.88077 ], [ -116.85243, 44.88758 ], [ -116.85051, 44.89352 ], [ -116.84606, 44.90525 ], [ -116.84211, 44.91492 ], [ -116.83847, 44.9236 ], [ -116.83363, 44.92898 ], [ -116.83218, 44.93137 ], [ -116.83199, 44.93301 ], [ -116.8357, 44.94063 ], [ -116.84646, 44.95152 ], [ -116.85074, 44.95811 ], [ -116.85141, 44.95984 ], [ -116.85831, 44.97876 ], [ -116.85675, 44.9843 ], [ -116.8461, 44.99988 ], [ -116.84462, 45.00144 ], [ -116.8448, 45.01531 ], [ -116.84585, 45.01847 ], [ -116.84804, 45.02173 ], [ -116.84794, 45.0226 ], [ -116.84131, 45.03091 ], [ -116.83012, 45.03532 ], [ -116.82513, 45.03784 ], [ -116.80858, 45.05065 ], [ -116.79733, 45.06027 ], [ -116.78371, 45.07697 ], [ -116.78377, 45.07827 ], [ -116.78424, 45.08813 ], [ -116.78354, 45.0936 ], [ -116.78249, 45.09579 ], [ -116.77485, 45.10554 ], [ -116.75464, 45.11397 ], [ -116.73122, 45.13993 ], [ -116.72961, 45.14209 ], [ -116.72876, 45.14438 ], [ -116.72419, 45.16292 ], [ -116.7242, 45.1715 ], [ -116.70954, 45.20302 ], [ -116.70855, 45.20736 ], [ -116.70975, 45.21724 ], [ -116.70937, 45.21946 ], [ -116.70361, 45.23976 ], [ -116.69605, 45.25468 ], [ -116.69139, 45.26374 ], [ -116.68721, 45.26768 ], [ -116.68703, 45.26786 ], [ -116.68101, 45.27072 ], [ -116.67559, 45.27487 ], [ -116.67449, 45.27635 ], [ -116.67273, 45.28318 ], [ -116.67216, 45.28894 ], [ -116.67259, 45.29802 ], [ -116.67465, 45.31434 ], [ -116.67379, 45.32151 ], [ -116.65325, 45.35108 ], [ -116.62663, 45.38804 ], [ -116.61906, 45.39821 ], [ -116.59745, 45.41277 ], [ -116.59242, 45.42736 ], [ -116.58819, 45.44292 ], [ -116.58138, 45.44898 ], [ -116.57595, 45.45252 ], [ -116.56399, 45.46017 ], [ -116.56174, 45.46121 ], [ -116.55483, 45.46293 ], [ -116.55498, 45.4728 ], [ -116.5588, 45.48008 ], [ -116.5588, 45.48119 ], [ -116.55347, 45.49911 ], [ -116.54868, 45.51038 ], [ -116.54384, 45.51419 ], [ -116.53548, 45.52508 ], [ -116.52364, 45.54661 ], [ -116.50276, 45.56661 ], [ -116.49028, 45.5745 ], [ -116.48297, 45.57701 ], [ -116.48194, 45.5779 ], [ -116.46363, 45.60278 ], [ -116.4635, 45.61579 ], [ -116.46517, 45.61799 ], [ -116.46981, 45.6206 ], [ -116.47288, 45.62488 ], [ -116.47745, 45.63127 ], [ -116.48058, 45.63662 ], [ -116.4825, 45.63992 ], [ -116.48789, 45.64977 ], [ -116.49451, 45.65568 ], [ -116.51233, 45.67022 ], [ -116.52396, 45.67764 ], [ -116.52827, 45.68147 ], [ -116.5354, 45.69173 ], [ -116.53639, 45.69665 ], [ -116.53801, 45.71493 ], [ -116.5357, 45.73423 ], [ -116.53717, 45.73729 ], [ -116.54386, 45.74695 ], [ -116.54664, 45.75097 ], [ -116.54909, 45.75274 ], [ -116.55355, 45.75339 ], [ -116.55944, 45.75519 ], [ -116.57742, 45.76753 ], [ -116.593, 45.77854 ], [ -116.60504, 45.78102 ], [ -116.63203, 45.78498 ], [ -116.63581, 45.78364 ], [ -116.63964, 45.78127 ], [ -116.64634, 45.77981 ], [ -116.65963, 45.78002 ], [ -116.66534, 45.782 ], [ -116.68014, 45.79359 ], [ -116.68701, 45.80632 ], [ -116.69719, 45.82014 ], [ -116.69808, 45.82085 ], [ -116.70845, 45.82512 ], [ -116.71182, 45.82627 ], [ -116.71553, 45.82677 ], [ -116.73627, 45.82618 ], [ -116.74049, 45.82446 ], [ -116.74522, 45.82139 ], [ -116.75098, 45.81854 ], [ -116.75529, 45.81706 ], [ -116.75979, 45.81617 ], [ -116.7634, 45.81658 ], [ -116.78268, 45.82538 ], [ -116.78833, 45.83193 ], [ -116.78907, 45.83347 ], [ -116.78892, 45.83674 ], [ -116.78752, 45.8402 ], [ -116.78779, 45.84427 ], [ -116.79015, 45.84985 ], [ -116.79445, 45.85614 ], [ -116.79605, 45.85847 ], [ -116.81414, 45.87755 ], [ -116.81918, 45.88094 ], [ -116.83, 45.88641 ], [ -116.84355, 45.89227 ], [ -116.85725, 45.90416 ], [ -116.8598, 45.90726 ], [ -116.86654, 45.91696 ], [ -116.86965, 45.9238 ], [ -116.87571, 45.94501 ], [ -116.88684, 45.95862 ], [ -116.89293, 45.9744 ], [ -116.91141, 45.98891 ], [ -116.91599, 45.99541 ], [ -116.91718, 45.99657 ], [ -116.91868, 45.99988 ], [ -116.92301, 46.01829 ], [ -116.93171, 46.03965 ], [ -116.94266, 46.061 ], [ -116.94856, 46.06793 ], [ -116.95737, 46.07545 ], [ -116.96042, 46.07635 ], [ -116.96319, 46.0759 ], [ -116.97001, 46.07677 ], [ -116.97894, 46.08001 ], [ -116.98196, 46.08492 ], [ -116.98248, 46.08939 ], [ -116.9825, 46.09135 ], [ -116.98175, 46.09288 ], [ -116.97882, 46.09573 ], [ -116.97696, 46.09667 ], [ -116.97406, 46.09771 ], [ -116.95955, 46.09906 ], [ -116.95526, 46.10224 ], [ -116.95127, 46.11116 ], [ -116.95098, 46.11885 ], [ -116.95028, 46.12346 ], [ -116.94834, 46.12588 ], [ -116.93547, 46.14245 ], [ -116.92265, 46.16074 ], [ -116.92126, 46.16479 ], [ -116.92187, 46.16781 ], [ -116.92396, 46.17092 ], [ -116.94172, 46.18503 ], [ -116.95242, 46.19351 ], [ -116.96297, 46.19968 ], [ -116.96584, 46.20342 ], [ -116.96657, 46.2075 ], [ -116.96613, 46.20945 ], [ -116.95943, 46.21981 ], [ -116.95603, 46.22598 ], [ -116.95526, 46.23088 ], [ -116.9588, 46.24232 ], [ -116.96438, 46.25328 ], [ -116.96674, 46.25692 ], [ -116.9703, 46.26123 ], [ -116.97259, 46.26327 ], [ -116.97605, 46.26601 ], [ -116.98739, 46.27287 ], [ -116.99113, 46.27634 ], [ -116.99142, 46.27847 ], [ -116.99089, 46.28037 ], [ -116.98491, 46.28974 ], [ -116.98463, 46.2927 ], [ -116.98669, 46.29666 ], [ -116.98979, 46.29939 ], [ -116.99726, 46.30315 ], [ -117.00749, 46.3053 ], [ -117.01641, 46.31124 ], [ -117.02066, 46.31479 ], [ -117.02229, 46.31747 ], [ -117.02294, 46.32017 ], [ -117.02342, 46.32643 ], [ -117.02271, 46.32899 ], [ -117.02315, 46.33476 ], [ -117.02384, 46.33598 ], [ -117.02774, 46.33875 ], [ -117.03067, 46.34031 ], [ -117.03445, 46.34132 ], [ -117.04547, 46.34249 ], [ -117.05173, 46.34383 ], [ -117.05598, 46.34553 ], [ -117.0607, 46.34902 ], [ -117.06263, 46.35252 ], [ -117.06275, 46.35362 ], [ -117.06279, 46.36529 ], [ -117.06128, 46.36742 ], [ -117.06104, 46.36775 ], [ -117.05752, 46.3714 ], [ -117.05305, 46.37469 ], [ -117.05178, 46.37564 ], [ -117.04947, 46.37682 ], [ -117.04691, 46.37958 ], [ -117.04195, 46.39216 ], [ -117.04174, 46.3952 ], [ -117.0415, 46.39594 ], [ -117.04147, 46.39604 ], [ -117.03828, 46.40604 ], [ -117.03646, 46.40779 ], [ -117.03554, 46.41001 ], [ -117.0347, 46.41832 ], [ -117.03563, 46.42045 ], [ -117.03656, 46.4226 ], [ -117.03981, 46.42542 ], [ -117.03981, 46.4259 ], [ -117.03974, 46.4627 ], [ -117.03976, 46.46957 ], [ -117.03977, 46.47178 ], [ -117.03966, 46.54171 ], [ -117.03953, 46.62077 ], [ -117.03953, 46.62081 ], [ -117.0394, 46.70019 ], [ -117.03952, 46.7324 ], [ -117.03952, 46.7324 ], [ -117.03983, 46.81544 ], [ -117.03982, 46.81607 ], [ -117.03966, 46.8258 ], [ -117.03966, 46.82601 ], [ -117.03982, 47.12727 ], [ -117.03982, 47.13399 ], [ -117.03984, 47.15473 ], [ -117.03987, 47.18186 ], [ -117.03989, 47.20328 ], [ -117.0399, 47.22552 ], [ -117.04002, 47.25927 ], [ -117.03984, 47.3472 ], [ -117.04007, 47.36603 ], [ -117.04018, 47.3749 ], [ -117.03988, 47.39908 ], [ -117.03995, 47.41241 ], [ -117.03995, 47.43489 ], [ -117.03997, 47.46331 ], [ -117.03995, 47.47782 ], [ -117.04051, 47.52229 ], [ -117.04051, 47.52235 ], [ -117.04052, 47.52333 ], [ -117.04054, 47.52756 ], [ -117.04075, 47.53291 ], [ -117.04128, 47.55821 ], [ -117.04117, 47.55853 ], [ -117.04085, 47.57412 ], [ -117.04091, 47.58474 ], [ -117.04099, 47.59852 ], [ -117.04113, 47.62357 ], [ -117.04143, 47.67814 ], [ -117.04143, 47.67818 ], [ -117.04143, 47.68 ], [ -117.04153, 47.68319 ], [ -117.04159, 47.6954 ], [ -117.0416, 47.69768 ], [ -117.04163, 47.7064 ], [ -117.04168, 47.72271 ], [ -117.04163, 47.7353 ], [ -117.04167, 47.73586 ], [ -117.04167, 47.73592 ], [ -117.04214, 47.7441 ], [ -117.04206, 47.7451 ], [ -117.04266, 47.76086 ], [ -117.04262, 47.76122 ], [ -117.04252, 47.7649 ], [ -117.04248, 47.76653 ], [ -117.04206, 47.77863 ], [ -117.042, 47.8224 ], [ -117.04247, 47.83901 ], [ -117.04245, 47.86131 ], [ -117.04243, 47.88615 ], [ -117.04236, 47.96634 ], [ -117.04226, 47.97745 ], [ -117.04168, 48.04546 ], [ -117.04168, 48.04556 ], [ -117.0414, 48.0855 ], [ -117.0414, 48.08554 ], [ -117.04111, 48.1249 ], [ -117.03979, 48.16657 ], [ -117.03955, 48.17396 ], [ -117.03941, 48.17725 ], [ -117.03962, 48.17814 ], [ -117.03958, 48.18031 ], [ -117.03958, 48.18085 ], [ -117.03958, 48.18112 ], [ -117.03961, 48.18402 ], [ -117.0396, 48.18439 ], [ -117.03928, 48.19189 ], [ -117.03908, 48.19664 ], [ -117.0386, 48.20794 ], [ -117.03751, 48.25983 ], [ -117.03518, 48.37088 ], [ -117.03518, 48.37122 ], [ -117.03529, 48.42273 ], [ -117.03525, 48.42314 ], [ -117.03529, 48.42982 ], [ -117.03529, 48.43011 ], [ -117.03538, 48.47882 ], [ -117.03543, 48.49991 ], [ -117.0345, 48.62077 ], [ -117.03436, 48.62852 ], [ -117.03367, 48.6569 ], [ -117.03333, 48.74992 ], [ -117.03238, 48.84667 ], [ -117.03211, 48.87493 ], [ -117.03235, 48.99919 ], [ -116.75719, 48.99979 ], [ -116.75723, 48.99994 ], [ -116.50421, 49.00006 ], [ -116.4175, 49.0001 ], [ -116.37604, 49.00052 ], [ -116.36913, 49.00115 ], [ -116.04909, 49.00085 ], [ -116.04906, 48.61979 ], [ -116.04905, 48.50206 ], [ -116.04905, 48.48102 ], [ -116.04989, 48.41326 ], [ -116.04884, 48.30962 ], [ -116.04963, 48.27444 ], [ -116.04924, 48.24971 ], [ -116.04987, 48.23737 ], [ -116.04967, 48.21612 ], [ -116.0488, 48.1247 ], [ -116.04931, 48.07699 ], [ -116.04921, 48.06641 ], [ -116.04863, 48.05986 ], [ -116.04915, 47.99992 ], [ -116.04911, 47.97734 ], [ -116.04911, 47.97684 ], [ -116.03851, 47.97134 ], [ -116.03039, 47.97262 ], [ -116.00748, 47.95078 ], [ -116.0072, 47.94631 ], [ -115.99501, 47.9336 ], [ -115.98919, 47.92386 ], [ -115.98312, 47.91718 ], [ -115.96897, 47.91403 ], [ -115.96504, 47.9099 ], [ -115.96301, 47.89814 ], [ -115.95588, 47.89327 ], [ -115.93922, 47.88187 ], [ -115.91597, 47.85345 ], [ -115.90846, 47.85208 ], [ -115.90704, 47.84707 ], [ -115.9014, 47.8431 ], [ -115.88141, 47.84944 ], [ -115.87515, 47.84304 ], [ -115.87104, 47.83521 ], [ -115.85176, 47.82694 ], [ -115.84603, 47.81365 ], [ -115.84813, 47.80738 ], [ -115.84738, 47.785 ], [ -115.84053, 47.78021 ], [ -115.83516, 47.76938 ], [ -115.83526, 47.76073 ], [ -115.83165, 47.75556 ], [ -115.82499, 47.75237 ], [ -115.80342, 47.7583 ], [ -115.79688, 47.75646 ], [ -115.78148, 47.74391 ], [ -115.78339, 47.72908 ], [ -115.77805, 47.72157 ], [ -115.77369, 47.71771 ], [ -115.76457, 47.71741 ], [ -115.75882, 47.719 ], [ -115.74342, 47.71188 ], [ -115.73065, 47.7042 ], [ -115.72277, 47.69531 ], [ -115.72712, 47.67779 ], [ -115.73616, 47.65453 ], [ -115.72986, 47.64192 ], [ -115.71314, 47.63544 ], [ -115.70793, 47.63483 ], [ -115.69444, 47.62376 ], [ -115.69284, 47.59939 ], [ -115.70504, 47.58053 ], [ -115.72208, 47.57375 ], [ -115.7307, 47.56958 ], [ -115.75205, 47.55381 ], [ -115.75514, 47.55153 ], [ -115.75238, 47.54339 ], [ -115.74009, 47.53848 ], [ -115.71681, 47.53393 ], [ -115.70589, 47.5348 ], [ -115.69592, 47.52794 ], [ -115.70988, 47.52355 ], [ -115.71079, 47.51628 ], [ -115.69331, 47.50181 ], [ -115.68543, 47.4846 ], [ -115.68258, 47.48397 ], [ -115.66729, 47.48823 ], [ -115.66002, 47.47805 ], [ -115.64825, 47.47773 ], [ -115.6346, 47.48162 ], [ -115.62949, 47.47961 ], [ -115.63935, 47.4611 ], [ -115.64901, 47.45622 ], [ -115.67323, 47.45364 ], [ -115.6819, 47.45666 ], [ -115.71809, 47.4519 ], [ -115.72942, 47.44606 ], [ -115.74756, 47.44193 ], [ -115.75922, 47.42376 ], [ -115.75884, 47.42372 ], [ -115.74862, 47.42273 ], [ -115.73706, 47.42554 ], [ -115.72107, 47.42481 ], [ -115.71308, 47.41595 ], [ -115.69829, 47.41597 ], [ -115.67533, 47.4089 ], [ -115.67366, 47.4025 ], [ -115.6573, 47.40021 ], [ -115.64241, 47.37765 ], [ -115.61714, 47.38229 ], [ -115.57699, 47.3666 ], [ -115.57643, 47.35709 ], [ -115.56555, 47.35242 ], [ -115.55621, 47.35285 ], [ -115.54891, 47.34703 ], [ -115.55047, 47.33426 ], [ -115.53978, 47.32764 ], [ -115.52875, 47.30268 ], [ -115.50834, 47.29296 ], [ -115.48606, 47.28454 ], [ -115.48038, 47.28164 ], [ -115.4687, 47.28629 ], [ -115.45773, 47.2824 ], [ -115.45756, 47.27923 ], [ -115.45293, 47.27743 ], [ -115.43099, 47.27964 ], [ -115.42063, 47.27595 ], [ -115.41913, 47.27043 ], [ -115.40734, 47.26414 ], [ -115.38427, 47.26713 ], [ -115.35922, 47.25964 ], [ -115.33915, 47.26226 ], [ -115.3193, 47.2544 ], [ -115.32443, 47.24575 ], [ -115.31763, 47.23524 ], [ -115.31183, 47.23014 ], [ -115.30699, 47.22962 ], [ -115.29878, 47.2255 ], [ -115.292, 47.20963 ], [ -115.29588, 47.20543 ], [ -115.30123, 47.19279 ], [ -115.30039, 47.18791 ], [ -115.28796, 47.18469 ], [ -115.26242, 47.18169 ], [ -115.25603, 47.17315 ], [ -115.2542, 47.16204 ], [ -115.24311, 47.15073 ], [ -115.22147, 47.14875 ], [ -115.20289, 47.13976 ], [ -115.18666, 47.12976 ], [ -115.17852, 47.11723 ], [ -115.17217, 47.10715 ], [ -115.15877, 47.10278 ], [ -115.14368, 47.10104 ], [ -115.14085, 47.09622 ], [ -115.14154, 47.08687 ], [ -115.12854, 47.067 ], [ -115.12084, 47.06088 ], [ -115.10436, 47.04778 ], [ -115.09603, 47.04797 ], [ -115.08804, 47.04588 ], [ -115.07504, 47.02583 ], [ -115.06586, 47.00085 ], [ -115.05924, 46.98932 ], [ -115.04786, 46.96953 ], [ -115.03197, 46.97157 ], [ -115.02839, 46.97566 ], [ -115.00127, 46.9719 ], [ -114.99944, 46.96603 ], [ -114.98643, 46.95187 ], [ -114.96908, 46.93878 ], [ -114.95932, 46.9329 ], [ -114.9606, 46.93001 ], [ -114.93158, 46.91968 ], [ -114.9244, 46.91785 ], [ -114.92183, 46.9127 ], [ -114.92784, 46.90972 ], [ -114.9367, 46.89715 ], [ -114.93095, 46.88188 ], [ -114.93294, 46.87533 ], [ -114.93917, 46.86973 ], [ -114.94457, 46.86786 ], [ -114.94826, 46.86001 ], [ -114.94104, 46.85652 ], [ -114.92996, 46.8552 ], [ -114.92426, 46.84753 ], [ -114.92834, 46.84301 ], [ -114.9268, 46.83344 ], [ -114.91527, 46.82541 ], [ -114.89957, 46.8226 ], [ -114.89547, 46.81591 ], [ -114.89799, 46.80784 ], [ -114.89059, 46.80369 ], [ -114.87924, 46.81131 ], [ -114.86478, 46.81417 ], [ -114.86113, 46.81136 ], [ -114.85997, 46.80483 ], [ -114.84468, 46.79407 ], [ -114.83665, 46.79249 ], [ -114.82961, 46.78297 ], [ -114.81751, 46.78131 ], [ -114.80796, 46.78221 ], [ -114.79622, 46.77724 ], [ -114.78899, 46.77956 ], [ -114.78647, 46.77829 ], [ -114.78254, 46.76883 ], [ -114.76535, 46.75791 ], [ -114.76707, 46.7386 ], [ -114.77356, 46.73198 ], [ -114.77988, 46.72981 ], [ -114.78746, 46.71494 ], [ -114.7849, 46.71001 ], [ -114.76929, 46.70198 ], [ -114.76601, 46.69702 ], [ -114.7501, 46.69791 ], [ -114.74056, 46.71166 ], [ -114.72613, 46.71457 ], [ -114.7161, 46.71426 ], [ -114.70848, 46.72247 ], [ -114.6989, 46.73999 ], [ -114.69576, 46.7401 ], [ -114.67494, 46.73773 ], [ -114.66161, 46.73621 ], [ -114.64665, 46.73025 ], [ -114.63383, 46.71578 ], [ -114.62212, 46.70824 ], [ -114.62354, 46.69093 ], [ -114.63219, 46.68376 ], [ -114.64144, 46.67949 ], [ -114.63906, 46.66694 ], [ -114.63578, 46.65948 ], [ -114.62215, 46.65821 ], [ -114.61461, 46.65503 ], [ -114.61157, 46.64747 ], [ -114.61604, 46.644 ], [ -114.61066, 46.63756 ], [ -114.59447, 46.63425 ], [ -114.59091, 46.63352 ], [ -114.5803, 46.6346 ], [ -114.56624, 46.64194 ], [ -114.54403, 46.64761 ], [ -114.51775, 46.63979 ], [ -114.49914, 46.63923 ], [ -114.48066, 46.63203 ], [ -114.46447, 46.63373 ], [ -114.45264, 46.64156 ], [ -114.45313, 46.64904 ], [ -114.42432, 46.66042 ], [ -114.4108, 46.65724 ], [ -114.40327, 46.6594 ], [ -114.39441, 46.66462 ], [ -114.35948, 46.66885 ], [ -114.33178, 46.66058 ], [ -114.33166, 46.66054 ], [ -114.32445, 46.65335 ], [ -114.3228, 46.64271 ], [ -114.32241, 46.61084 ], [ -114.34228, 46.58856 ], [ -114.33123, 46.57755 ], [ -114.33135, 46.57579 ], [ -114.33164, 46.57168 ], [ -114.33942, 46.56381 ], [ -114.34708, 46.55062 ], [ -114.34434, 46.54083 ], [ -114.3491, 46.52928 ], [ -114.34196, 46.51945 ], [ -114.35242, 46.50749 ], [ -114.37524, 46.50162 ], [ -114.38446, 46.50491 ], [ -114.40065, 46.50192 ], [ -114.40329, 46.49818 ], [ -114.39996, 46.47695 ], [ -114.39434, 46.46932 ], [ -114.38367, 46.46637 ], [ -114.38294, 46.46617 ], [ -114.37946, 46.46009 ], [ -114.38314, 46.45053 ], [ -114.37451, 46.44318 ], [ -114.37278, 46.4359 ], [ -114.38317, 46.43159 ], [ -114.38433, 46.41519 ], [ -114.38742, 46.40987 ], [ -114.4077, 46.40101 ], [ -114.42235, 46.38687 ], [ -114.41148, 46.36646 ], [ -114.41057, 46.36044 ], [ -114.41365, 46.33572 ], [ -114.41807, 46.32951 ], [ -114.4316, 46.31051 ], [ -114.43337, 46.30527 ], [ -114.42548, 46.28767 ], [ -114.4272, 46.28339 ], [ -114.43533, 46.27638 ], [ -114.44122, 46.27357 ], [ -114.45315, 46.27071 ], [ -114.46492, 46.2729 ], [ -114.47037, 46.26709 ], [ -114.46815, 46.24857 ], [ -114.45427, 46.24216 ], [ -114.4518, 46.24102 ], [ -114.44593, 46.22099 ], [ -114.44912, 46.21655 ], [ -114.44311, 46.20271 ], [ -114.44582, 46.1737 ], [ -114.45213, 46.1686 ], [ -114.46324, 46.16783 ], [ -114.47822, 46.16065 ], [ -114.48914, 46.16745 ], [ -114.51066, 46.16614 ], [ -114.52484, 46.14203 ], [ -114.52067, 46.12744 ], [ -114.49262, 46.11559 ], [ -114.47431, 46.11228 ], [ -114.46686, 46.1043 ], [ -114.45994, 46.09687 ], [ -114.46175, 46.07834 ], [ -114.46745, 46.06616 ], [ -114.49453, 46.04718 ], [ -114.50473, 46.0401 ], [ -114.50621, 46.03061 ], [ -114.49329, 46.02794 ], [ -114.48013, 46.0301 ], [ -114.4737, 46.01638 ], [ -114.48385, 46.00817 ], [ -114.48665, 46.00036 ], [ -114.47839, 45.99253 ], [ -114.47235, 45.99289 ], [ -114.46551, 45.99637 ], [ -114.4561, 45.9949 ], [ -114.44878, 45.98794 ], [ -114.43084, 45.98684 ], [ -114.41178, 45.97765 ], [ -114.40924, 45.97118 ], [ -114.4036, 45.96682 ], [ -114.40215, 45.96126 ], [ -114.4046, 45.95567 ], [ -114.41182, 45.95213 ], [ -114.41587, 45.94766 ], [ -114.42357, 45.94387 ], [ -114.42761, 45.93939 ], [ -114.43122, 45.93779 ], [ -114.43105, 45.93551 ], [ -114.41306, 45.91125 ], [ -114.40421, 45.90327 ], [ -114.39513, 45.90127 ], [ -114.39495, 45.90123 ], [ -114.38706, 45.88893 ], [ -114.38813, 45.88211 ], [ -114.40601, 45.86483 ], [ -114.40918, 45.85306 ], [ -114.4124, 45.85212 ], [ -114.4262, 45.85771 ], [ -114.44325, 45.86179 ], [ -114.45855, 45.8547 ], [ -114.47108, 45.84988 ], [ -114.4794, 45.84819 ], [ -114.4895, 45.85042 ], [ -114.50218, 45.84829 ], [ -114.51478, 45.84079 ], [ -114.51693, 45.83292 ], [ -114.5144, 45.82713 ], [ -114.52951, 45.81927 ], [ -114.54458, 45.79122 ], [ -114.55538, 45.78602 ], [ -114.56606, 45.77363 ], [ -114.54597, 45.75632 ], [ -114.54466, 45.74216 ], [ -114.52443, 45.72718 ], [ -114.51088, 45.72499 ], [ -114.50153, 45.71559 ], [ -114.49531, 45.70309 ], [ -114.50766, 45.68978 ], [ -114.50841, 45.68353 ], [ -114.49923, 45.67938 ], [ -114.49953, 45.6688 ], [ -114.50754, 45.65872 ], [ -114.52203, 45.64911 ], [ -114.52957, 45.65209 ], [ -114.53566, 45.65038 ], [ -114.56094, 45.63968 ], [ -114.56354, 45.63718 ], [ -114.5632, 45.63138 ], [ -114.55383, 45.61907 ], [ -114.5448, 45.61644 ], [ -114.53802, 45.6066 ], [ -114.55389, 45.59105 ], [ -114.55814, 45.58487 ], [ -114.55893, 45.56548 ], [ -114.5494, 45.56036 ], [ -114.52597, 45.57054 ], [ -114.51765, 45.5679 ], [ -114.50623, 45.55899 ], [ -114.49807, 45.55524 ], [ -114.47365, 45.56305 ], [ -114.46043, 45.56105 ], [ -114.45665, 45.54375 ], [ -114.45075, 45.5423 ], [ -114.43888, 45.53585 ], [ -114.41569, 45.50952 ], [ -114.38851, 45.50267 ], [ -114.36841, 45.49249 ], [ -114.36551, 45.49019 ], [ -114.36061, 45.47389 ], [ -114.34491, 45.45969 ], [ -114.33311, 45.45909 ], [ -114.27911, 45.48039 ], [ -114.27061, 45.48589 ], [ -114.26151, 45.49559 ], [ -114.24771, 45.52405 ], [ -114.24807, 45.533 ], [ -114.25173, 45.53758 ], [ -114.24801, 45.54565 ], [ -114.22783, 45.54619 ], [ -114.20356, 45.53534 ], [ -114.19269, 45.53637 ], [ -114.18636, 45.54531 ], [ -114.17993, 45.5512 ], [ -114.15473, 45.55269 ], [ -114.13514, 45.55723 ], [ -114.12899, 45.56526 ], [ -114.12849, 45.56877 ], [ -114.13225, 45.5723 ], [ -114.13136, 45.57421 ], [ -114.12221, 45.58403 ], [ -114.1002, 45.58612 ], [ -114.08647, 45.59095 ], [ -114.08199, 45.59673 ], [ -114.08304, 45.60377 ], [ -114.08168, 45.6111 ], [ -114.06751, 45.62748 ], [ -114.03335, 45.6484 ], [ -114.01862, 45.64839 ], [ -114.01486, 45.65378 ], [ -114.01368, 45.65801 ], [ -114.01996, 45.6701 ], [ -114.02042, 45.68099 ], [ -114.01921, 45.69271 ], [ -114.01552, 45.6959 ], [ -113.98655, 45.70433 ], [ -113.96987, 45.69736 ], [ -113.96079, 45.68996 ], [ -113.94832, 45.69321 ], [ -113.93836, 45.69581 ], [ -113.93832, 45.69567 ], [ -113.93143, 45.67304 ], [ -113.91109, 45.65318 ], [ -113.90048, 45.64803 ], [ -113.89709, 45.64126 ], [ -113.90199, 45.63382 ], [ -113.90458, 45.62178 ], [ -113.8859, 45.61679 ], [ -113.86129, 45.62343 ], [ -113.82296, 45.61226 ], [ -113.80662, 45.60192 ], [ -113.80285, 45.5924 ], [ -113.80147, 45.58455 ], [ -113.8038, 45.57978 ], [ -113.81976, 45.5661 ], [ -113.83445, 45.5205 ], [ -113.80903, 45.51968 ], [ -113.80274, 45.52293 ], [ -113.79647, 45.52323 ], [ -113.77825, 45.52318 ], [ -113.76981, 45.52195 ], [ -113.76788, 45.51899 ], [ -113.76691, 45.5018 ], [ -113.76014, 45.48634 ], [ -113.76455, 45.47748 ], [ -113.78405, 45.45472 ], [ -113.78316, 45.45161 ], [ -113.76448, 45.43117 ], [ -113.76422, 45.42225 ], [ -113.77693, 45.4154 ], [ -113.77415, 45.40655 ], [ -113.76081, 45.40627 ], [ -113.73429, 45.39212 ], [ -113.73298, 45.38994 ], [ -113.73228, 45.38483 ], [ -113.73542, 45.36451 ], [ -113.74009, 45.34536 ], [ -113.73862, 45.32951 ], [ -113.73549, 45.32503 ], [ -113.68925, 45.28332 ], [ -113.68797, 45.27618 ], [ -113.69145, 45.27068 ], [ -113.69193, 45.26496 ], [ -113.68484, 45.25348 ], [ -113.67864, 45.24904 ], [ -113.6743, 45.24918 ], [ -113.66552, 45.24603 ], [ -113.65692, 45.24121 ], [ -113.64996, 45.23448 ], [ -113.64729, 45.22805 ], [ -113.63678, 45.21275 ], [ -113.5994, 45.19088 ], [ -113.58978, 45.17676 ], [ -113.59452, 45.1658 ], [ -113.56939, 45.14076 ], [ -113.57456, 45.12818 ], [ -113.54939, 45.11287 ], [ -113.52873, 45.11632 ], [ -113.50976, 45.11474 ], [ -113.50597, 45.10803 ], [ -113.51248, 45.09902 ], [ -113.52029, 45.0898 ], [ -113.48881, 45.07179 ], [ -113.47885, 45.06227 ], [ -113.46645, 45.06255 ], [ -113.46047, 45.06465 ], [ -113.45186, 45.05902 ], [ -113.4512, 45.04448 ], [ -113.4498, 45.03494 ], [ -113.43762, 45.00674 ], [ -113.44678, 44.99831 ], [ -113.4469, 44.98441 ], [ -113.44475, 44.97591 ], [ -113.44467, 44.97463 ], [ -113.44367, 44.95966 ], [ -113.44885, 44.95331 ], [ -113.46736, 44.94783 ], [ -113.47467, 44.94857 ], [ -113.48073, 44.95008 ], [ -113.49434, 44.94837 ], [ -113.49864, 44.94208 ], [ -113.49101, 44.92732 ], [ -113.47495, 44.90469 ], [ -113.45706, 44.87394 ], [ -113.42219, 44.84014 ], [ -113.39626, 44.83767 ], [ -113.37695, 44.83317 ], [ -113.35595, 44.81957 ], [ -113.34599, 44.80038 ], [ -113.34658, 44.79867 ], [ -113.35465, 44.79524 ], [ -113.35393, 44.79151 ], [ -113.34159, 44.78462 ], [ -113.3014, 44.79875 ], [ -113.29672, 44.80313 ], [ -113.27827, 44.81248 ], [ -113.24706, 44.82272 ], [ -113.23862, 44.81391 ], [ -113.20951, 44.80884 ], [ -113.19425, 44.80192 ], [ -113.18329, 44.79333 ], [ -113.17926, 44.78691 ], [ -113.1637, 44.77869 ], [ -113.1581, 44.78062 ], [ -113.14051, 44.77647 ], [ -113.13134, 44.77261 ], [ -113.13128, 44.76451 ], [ -113.1376, 44.75988 ], [ -113.13471, 44.75253 ], [ -113.11677, 44.73787 ], [ -113.10203, 44.7288 ], [ -113.10104, 44.70835 ], [ -113.09795, 44.69725 ], [ -113.0818, 44.69116 ], [ -113.07047, 44.67943 ], [ -113.06765, 44.67258 ], [ -113.07031, 44.66761 ], [ -113.0682, 44.65614 ], [ -113.06548, 44.64914 ], [ -113.05139, 44.63672 ], [ -113.04924, 44.62915 ], [ -113.05342, 44.62096 ], [ -113.05666, 44.61843 ], [ -113.06548, 44.61716 ], [ -113.07365, 44.6137 ], [ -113.08371, 44.60199 ], [ -113.08237, 44.59546 ], [ -113.07025, 44.5899 ], [ -113.06096, 44.5771 ], [ -113.0374, 44.56413 ], [ -113.03841, 44.55832 ], [ -113.04599, 44.55074 ], [ -113.04224, 44.54192 ], [ -113.00709, 44.52573 ], [ -113.00672, 44.51821 ], [ -113.01694, 44.50375 ], [ -113.02604, 44.49679 ], [ -113.01853, 44.48144 ], [ -113.00674, 44.47149 ], [ -113.00343, 44.45058 ], [ -112.98157, 44.43405 ], [ -112.95144, 44.41797 ], [ -112.91768, 44.40516 ], [ -112.8847, 44.39814 ], [ -112.88166, 44.38009 ], [ -112.85529, 44.35974 ], [ -112.84475, 44.35799 ], [ -112.82038, 44.37072 ], [ -112.81418, 44.37684 ], [ -112.81313, 44.37787 ], [ -112.8125, 44.39205 ], [ -112.82179, 44.40721 ], [ -112.83593, 44.42242 ], [ -112.82808, 44.44224 ], [ -112.79692, 44.46451 ], [ -112.77603, 44.48411 ], [ -112.7489, 44.491 ], [ -112.73498, 44.49893 ], [ -112.719, 44.50411 ], [ -112.70771, 44.50279 ], [ -112.67106, 44.49103 ], [ -112.66438, 44.48622 ], [ -112.6553, 44.48711 ], [ -112.60175, 44.49079 ], [ -112.58409, 44.48114 ], [ -112.5734, 44.48075 ], [ -112.55045, 44.4847 ], [ -112.54188, 44.48374 ], [ -112.51876, 44.47555 ], [ -112.51193, 44.47019 ], [ -112.5116, 44.46621 ], [ -112.5002, 44.46282 ], [ -112.4731, 44.4798 ], [ -112.46024, 44.47548 ], [ -112.43523, 44.46199 ], [ -112.38728, 44.44783 ], [ -112.36866, 44.46692 ], [ -112.35882, 44.48605 ], [ -112.35649, 44.4929 ], [ -112.35881, 44.52862 ], [ -112.3541, 44.53541 ], [ -112.34869, 44.53846 ], [ -112.31909, 44.53888 ], [ -112.3149, 44.54167 ], [ -112.31494, 44.54982 ], [ -112.31279, 44.55331 ], [ -112.30753, 44.55742 ], [ -112.28608, 44.56824 ], [ -112.25856, 44.56929 ], [ -112.24268, 44.56786 ], [ -112.23001, 44.56253 ], [ -112.22673, 44.55501 ], [ -112.22937, 44.54926 ], [ -112.22159, 44.54329 ], [ -112.18383, 44.53284 ], [ -112.17959, 44.53279 ], [ -112.16449, 44.54144 ], [ -112.13635, 44.53968 ], [ -112.12897, 44.53607 ], [ -112.12499, 44.5283 ], [ -112.10665, 44.5206 ], [ -112.10146, 44.52062 ], [ -112.09619, 44.52298 ], [ -112.09319, 44.52977 ], [ -112.0689, 44.53687 ], [ -112.05333, 44.53486 ], [ -112.03683, 44.53009 ], [ -112.03402, 44.53749 ], [ -112.03492, 44.54246 ], [ -112.0326, 44.54641 ], [ -112.01374, 44.54212 ], [ -111.99512, 44.53521 ], [ -111.98072, 44.53645 ], [ -111.95141, 44.54983 ], [ -111.94783, 44.55655 ], [ -111.90346, 44.557 ], [ -111.88774, 44.56318 ], [ -111.8704, 44.5638 ], [ -111.84918, 44.53961 ], [ -111.84243, 44.52584 ], [ -111.82138, 44.50906 ], [ -111.80781, 44.51149 ], [ -111.80627, 44.52208 ], [ -111.7618, 44.52961 ], [ -111.75886, 44.53354 ], [ -111.74629, 44.54054 ], [ -111.73708, 44.54283 ], [ -111.71537, 44.54331 ], [ -111.70944, 44.54998 ], [ -111.70411, 44.55998 ], [ -111.68146, 44.55963 ], [ -111.61729, 44.54925 ], [ -111.6143, 44.54876 ], [ -111.60114, 44.55398 ], [ -111.59166, 44.56127 ], [ -111.58565, 44.56261 ], [ -111.5627, 44.55498 ], [ -111.55647, 44.55427 ], [ -111.54653, 44.55687 ], [ -111.5239, 44.54816 ], [ -111.51601, 44.53753 ], [ -111.50068, 44.53983 ], [ -111.47157, 44.54059 ], [ -111.46763, 44.54429 ], [ -111.46908, 44.55181 ], [ -111.49192, 44.56058 ], [ -111.50528, 44.56197 ], [ -111.50776, 44.56785 ], [ -111.50464, 44.57476 ], [ -111.51781, 44.58217 ], [ -111.5235, 44.59884 ], [ -111.52424, 44.60409 ], [ -111.52113, 44.6153 ], [ -111.50547, 44.62522 ], [ -111.51264, 44.63915 ], [ -111.50394, 44.64474 ], [ -111.49491, 44.6448 ], [ -111.47307, 44.66525 ], [ -111.46961, 44.67785 ], [ -111.47787, 44.68216 ], [ -111.48479, 44.68735 ], [ -111.49012, 44.69999 ], [ -111.48923, 44.70472 ], [ -111.48591, 44.70742 ], [ -111.48125, 44.7087 ], [ -111.43868, 44.72032 ], [ -111.4295, 44.71992 ], [ -111.4241, 44.71379 ], [ -111.41416, 44.71051 ], [ -111.39847, 44.72311 ], [ -111.39435, 44.74435 ], [ -111.3977, 44.74651 ], [ -111.39374, 44.75232 ], [ -111.3849, 44.7549 ], [ -111.37712, 44.75123 ], [ -111.37465, 44.75006 ], [ -111.36616, 44.742 ], [ -111.36661, 44.73813 ], [ -111.35566, 44.72737 ], [ -111.3471, 44.72628 ], [ -111.3357, 44.73265 ], [ -111.32356, 44.72424 ], [ -111.30562, 44.70737 ], [ -111.26864, 44.66805 ], [ -111.27685, 44.6554 ], [ -111.26919, 44.64704 ], [ -111.25257, 44.65086 ], [ -111.22405, 44.62317 ], [ -111.23759, 44.60878 ], [ -111.23109, 44.58628 ], [ -111.22462, 44.57625 ], [ -111.20135, 44.57547 ], [ -111.18666, 44.57099 ], [ -111.18065, 44.56431 ], [ -111.18075, 44.55488 ], [ -111.17375, 44.54933 ], [ -111.15511, 44.5424 ], [ -111.13236, 44.53278 ], [ -111.13862, 44.51685 ], [ -111.12838, 44.49973 ], [ -111.1087, 44.48786 ], [ -111.06789, 44.48072 ], [ -111.05243, 44.47841 ], [ -111.04897, 44.47407 ], [ -111.04919, 44.43806 ], [ -111.04922, 44.43581 ], [ -111.04915, 44.37492 ], [ -111.04969, 44.35363 ], [ -111.04914, 44.13237 ], [ -111.04912, 44.12492 ], [ -111.04845, 44.11483 ], [ -111.04863, 44.0629 ], [ -111.04875, 44.06084 ], [ -111.04875, 44.0604 ], [ -111.04908, 44.02007 ], [ -111.04735, 43.99992 ], [ -111.04706, 43.98346 ], [ -111.04692, 43.97498 ], [ -111.04651, 43.90838 ], [ -111.04662, 43.86153 ], [ -111.04672, 43.81583 ], [ -111.04658, 43.78333 ], [ -111.04634, 43.72696 ], [ -111.04644, 43.72655 ], [ -111.04642, 43.72206 ], [ -111.04611, 43.68785 ], [ -111.04605, 43.68581 ], [ -111.04612, 43.6849 ], [ -111.04588, 43.68103 ], [ -111.04587, 43.67938 ], [ -111.04571, 43.65911 ], [ -111.04558, 43.62025 ], [ -111.04534, 43.54332 ], [ -111.0452, 43.50105 ], [ -111.04462, 43.31572 ], [ -111.04423, 43.19558 ], [ -111.04417, 43.18924 ], [ -111.04423, 43.18444 ], [ -111.04427, 43.17724 ], [ -111.04424, 43.17712 ], [ -111.04423, 43.1741 ], [ -111.04414, 43.07236 ], [ -111.04416, 43.06822 ], [ -111.04415, 43.06617 ], [ -111.04412, 43.06031 ], [ -111.04409, 43.05482 ], [ -111.04406, 43.0463 ], [ -111.04406, 43.04464 ], [ -111.044, 43.04142 ], [ -111.04409, 43.02927 ], [ -111.04403, 43.02641 ], [ -111.04403, 43.02484 ], [ -111.04403, 43.02458 ], [ -111.04421, 43.02261 ], [ -111.04414, 43.01941 ], [ -111.04413, 43.0187 ], [ -111.04392, 42.97506 ], [ -111.04396, 42.96948 ], [ -111.04396, 42.96445 ], [ -111.04413, 42.87492 ], [ -111.04407, 42.85735 ], [ -111.04356, 42.72262 ], [ -111.04486, 42.64855 ], [ -111.04602, 42.58272 ], [ -111.04671, 42.51392 ], [ -111.0468, 42.50495 ], [ -111.04699, 42.40085 ], [ -111.04708, 42.34942 ], [ -111.04707, 42.28079 ], [ -111.0471, 42.19477 ], [ -111.04706, 42.18267 ], [ -111.04711, 42.14897 ], [ -111.04711, 42.1425 ], [ -111.04669, 42.00157 ], [ -111.29996, 42.00101 ], [ -111.41587, 42.00075 ], [ -111.4209, 42.00079 ], [ -111.42553, 42.00084 ], [ -111.47138, 41.99974 ], [ -111.50726, 41.99952 ], [ -111.50779, 41.99952 ], [ -111.50781, 41.99952 ], [ -111.7397, 41.99934 ], [ -111.75078, 41.99933 ], [ -111.87649, 41.99853 ], [ -111.89611, 41.99851 ], [ -111.91562, 41.9985 ], [ -111.91584, 41.99852 ], [ -111.93359, 41.99849 ], [ -112.01218, 41.99835 ], [ -112.10944, 41.9976 ], [ -112.10953, 41.9976 ], [ -112.16396, 41.99671 ], [ -112.16475, 41.9967 ], [ -112.17335, 41.99657 ], [ -112.19298, 42.00117 ], [ -112.23911, 42.00122 ], [ -112.26494, 42.00099 ], [ -112.38617, 42.00113 ], [ -112.45057, 42.00109 ], [ -112.45081, 42.00095 ], [ -112.64802, 42.00031 ], [ -112.70937, 42.00031 ], [ -112.78854, 41.99968 ], [ -112.83308, 41.9993 ], [ -112.83312, 41.99934 ], [ -112.88062, 41.99892 ], [ -112.88237, 41.99892 ], [ -112.90959, 41.99879 ], [ -112.97922, 41.99826 ], [ -113.00004, 41.99822 ], [ -113.00082, 41.99822 ], [ -113.24916, 41.9962 ], [ -113.25083, 41.99561 ], [ -113.34007, 41.99475 ], [ -113.35761, 41.99386 ], [ -113.3965, 41.99425 ], [ -113.40223, 41.99416 ], [ -113.43156, 41.9938 ], [ -113.49655, 41.9933 ], [ -113.50084, 41.9928 ], [ -113.76453, 41.98946 ], [ -113.76472, 41.98946 ], [ -113.79608, 41.9891 ], [ -113.82216, 41.98848 ], [ -113.89326, 41.98806 ], [ -113.9939, 41.9927 ], [ -114.04172, 41.99372 ], [ -114.04825, 41.99372 ], [ -114.04826, 41.99381 ], [ -114.06177, 41.9938 ], [ -114.06176, 41.99394 ], [ -114.10726, 41.99383 ], [ -114.10743, 41.99397 ], [ -114.2818, 41.99421 ], [ -114.28185, 41.99421 ], [ -114.46758, 41.99549 ], [ -114.49824, 41.99464 ], [ -114.49826, 41.9946 ], [ -114.59827, 41.99451 ], [ -114.72071, 41.99823 ], [ -114.80638, 42.00182 ], [ -114.83108, 42.00221 ], [ -114.87588, 42.00132 ], [ -114.89921, 41.99991 ], [ -114.91419, 41.99991 ], [ -115.03178, 41.99601 ], [ -115.03816, 41.99601 ], [ -115.25079, 41.99616 ], [ -115.25433, 41.99672 ], [ -115.31388, 41.9961 ], [ -115.58685, 41.99688 ], [ -115.62591, 41.99741 ], [ -115.87018, 41.99677 ], [ -115.8796, 41.99789 ], [ -115.88761, 41.99805 ], [ -115.98688, 41.99853 ], [ -116.01221, 41.99804 ], [ -116.01222, 41.99805 ], [ -116.01895, 41.99772 ], [ -116.01896, 41.99776 ], [ -116.03076, 41.99738 ], [ -116.03075, 41.9974 ], [ -116.03857, 41.99741 ], [ -116.0386, 41.99746 ], [ -116.16083, 41.99751 ], [ -116.16393, 41.99755 ], [ -116.33276, 41.99728 ], [ -116.36848, 41.99628 ], [ -116.46353, 41.99655 ], [ -116.48309, 41.99688 ], [ -116.48582, 41.99686 ], [ -116.49978, 41.99674 ], [ -116.50174, 41.99733 ], [ -116.51045, 41.9971 ], [ -116.52532, 41.99756 ], [ -116.58222, 41.99783 ], [ -116.58694, 41.99737 ], [ -116.62595, 41.99738 ], [ -116.62677, 41.99775 ], [ -116.96916, 41.99899 ], [ -117.00925, 41.99813 ], [ -117.01821, 41.99935 ], [ -117.01829, 41.99936 ], [ -117.0262, 41.99989 ], [ -117.0261, 42.11765 ], [ -117.02659, 42.13326 ], [ -117.0262, 42.1664 ], [ -117.02613, 42.35719 ], [ -117.02655, 42.37856 ], [ -117.02666, 42.62488 ], [ -117.02633, 42.80701 ], [ -117.0263, 42.80717 ], [ -117.02625, 42.80745 ], [ -117.02668, 43.02488 ], [ -117.02665, 43.02513 ], [ -117.02674, 43.56472 ], [ -117.02675, 43.57371 ], [ -117.02675, 43.57753 ], [ -117.02677, 43.57867 ], [ -117.02692, 43.59363 ], [ -117.02689, 43.59603 ], [ -117.02682, 43.60036 ], [ -117.02676, 43.60191 ], [ -117.02679, 43.61067 ], [ -117.02694, 43.61761 ], [ -117.027, 43.62103 ], [ -117.0269, 43.62488 ], [ -117.02671, 43.63166 ], [ -117.02666, 43.66439 ], [ -117.02672, 43.67552 ], [ -117.02662, 43.6808 ], [ -117.02659, 43.683 ], [ -117.0267, 43.69374 ], [ -117.02683, 43.70619 ], [ -117.02672, 43.71482 ], [ -117.02684, 43.73291 ], [ -117.02665, 43.73394 ], [ -117.02663, 43.8081 ], [ -117.02188, 43.81816 ], [ -117.02358, 43.82381 ], [ -117.03288, 43.83002 ], [ -117.02956, 43.83906 ], [ -117.02516, 43.84133 ], [ -117.01847, 43.84134 ], [ -117.01283, 43.84 ], [ -117.009, 43.84232 ], [ -117.0077, 43.84624 ], [ -117.0107, 43.84975 ], [ -117.01944, 43.85211 ], [ -117.02271, 43.8544 ], [ -117.02199, 43.85641 ], [ -117.02107, 43.85896 ], [ -117.01077, 43.86227 ], [ -116.99906, 43.86464 ], [ -116.99739, 43.86487 ], [ -116.99142, 43.86386 ], [ -116.9896, 43.8643 ], [ -116.98294, 43.86771 ], [ -116.98235, 43.86884 ], [ -116.97967, 43.88013 ], [ -116.97602, 43.89555 ], [ -116.97643, 43.90129 ], [ -116.97733, 43.90581 ], [ -116.97958, 43.91525 ], [ -116.96583, 43.91714 ], [ -116.9601, 43.92123 ], [ -116.95999, 43.93065 ], [ -116.96764, 43.93479 ], [ -116.969, 43.93921 ], [ -116.96518, 43.94374 ], [ -116.96148, 43.95266 ], [ -116.96127, 43.95919 ], [ -116.95981, 43.96381 ], [ -116.95921, 43.96636 ], [ -116.96355, 43.96846 ], [ -116.96984, 43.96759 ], [ -116.97586, 43.97391 ], [ -116.96874, 43.97748 ], [ -116.95987, 43.98293 ], [ -116.93819, 43.98459 ], [ -116.93638, 43.99157 ], [ -116.94316, 44.00154 ], [ -116.94067, 44.00506 ], [ -116.93676, 44.01061 ], [ -116.93448, 44.02125 ], [ -116.93473, 44.02381 ], [ -116.93734, 44.02938 ], [ -116.94336, 44.03565 ], [ -116.95574, 44.0426 ], [ -116.95625, 44.04289 ], [ -116.97205, 44.04861 ], [ -116.9725, 44.04877 ], [ -116.97319, 44.04942 ], [ -116.97402, 44.05366 ], [ -116.97698, 44.08183 ], [ -116.97735, 44.08536 ], [ -116.97425, 44.0883 ], [ -116.9672, 44.09094 ], [ -116.95701, 44.09174 ], [ -116.94313, 44.09406 ], [ -116.94027, 44.09562 ], [ -116.93784, 44.09694 ], [ -116.9337, 44.10004 ], [ -116.92831, 44.10733 ], [ -116.92769, 44.10944 ], [ -116.89713, 44.1526 ], [ -116.89593, 44.15429 ], [ -116.89431, 44.15811 ], [ -116.89408, 44.16019 ], [ -116.89576, 44.17127 ], [ -116.9001, 44.17685 ], [ -116.90275, 44.17947 ], [ -116.92539, 44.19154 ], [ -116.93544, 44.19396 ], [ -116.94053, 44.19371 ], [ -116.94526, 44.19168 ], [ -116.94759, 44.19126 ], [ -116.9655, 44.19413 ], [ -116.96726, 44.19458 ], [ -116.97168, 44.19726 ], [ -116.9737, 44.20802 ], [ -116.97395, 44.22593 ], [ -116.97196, 44.23568 ], [ -116.97283, 44.23804 ], [ -116.97354, 44.23998 ], [ -116.9759, 44.24284 ], [ -116.98687, 44.24548 ], [ -117.001, 44.24539 ], [ -117.01692, 44.24539 ], [ -117.02023, 44.24606 ], [ -117.02528, 44.24851 ], [ -117.02756, 44.24888 ], [ -117.03186, 44.24864 ], [ -117.03585, 44.24681 ], [ -117.04228, 44.24278 ], [ -117.04551, 44.23201 ], [ -117.04706, 44.22974 ], [ -117.05006, 44.22883 ], [ -117.05303, 44.22908 ], [ -117.05651, 44.23087 ], [ -117.05935, 44.23724 ], [ -117.06728, 44.24401 ], [ -117.07835, 44.24988 ], [ -117.0895, 44.25823 ], [ -117.09093, 44.26031 ], [ -117.09358, 44.26938 ], [ -117.09457, 44.27098 ], [ -117.09853, 44.27553 ], [ -117.10224, 44.2788 ], [ -117.10421, 44.27994 ], [ -117.10767, 44.28076 ], [ -117.11162, 44.28067 ], [ -117.11802, 44.27895 ], [ -117.12104, 44.27759 ], [ -117.1309, 44.26945 ], [ -117.13253, 44.26705 ], [ -117.1331, 44.26424 ], [ -117.13398, 44.26297 ], [ -117.13852, 44.25937 ], [ -117.14339, 44.25826 ], [ -117.15706, 44.25749 ], [ -117.17034, 44.25889 ], [ -117.19313, 44.27096 ], [ -117.19815, 44.27383 ], [ -117.21697, 44.28836 ], [ -117.22265, 44.29758 ], [ -117.22245, 44.29896 ], [ -117.22007, 44.30138 ], [ -117.22006, 44.3014 ], [ -117.21784, 44.30718 ], [ -117.2168, 44.30824 ], [ -117.21521, 44.30912 ], [ -117.2055, 44.31179 ], [ -117.20332, 44.31302 ], [ -117.1922, 44.32863 ], [ -117.19155, 44.32962 ], [ -117.18984, 44.33501 ], [ -117.18977, 44.33658 ], [ -117.19615, 44.34636 ], [ -117.19734, 44.34741 ], [ -117.20696, 44.35521 ], [ -117.21059, 44.3577 ], [ -117.21691, 44.36016 ], [ -117.22794, 44.36798 ], [ -117.23512, 44.37385 ], [ -117.24303, 44.39097 ], [ -117.24268, 44.39655 ] ] ] } },
{ "type": "Feature", "properties": { "STATEFP": "30", "GEOID": "30", "STUSPS": "MT", "NAME": "Montana" }, "geometry": { "type": "Polygon", "coordinates": [ [ [ -116.04905, 48.48102 ], [ -116.04905, 48.50206 ], [ -116.04906, 48.61979 ], [ -116.04909, 49.00085 ], [ -115.87605, 49.00103 ], [ -115.64981, 49.00078 ], [ -115.41231, 49.00024 ], [ -115.1707, 48.99969 ], [ -115.12981, 48.9996 ], [ -115.05584, 48.99976 ], [ -114.93163, 49.00003 ], [ -114.72706, 49.00051 ], [ -114.72705, 49.00051 ], [ -114.60328, 49.00086 ], [ -114.43849, 49.00108 ], [ -114.30988, 49.00076 ], [ -114.23215, 49.0002 ], [ -114.06818, 48.99886 ], [ -113.76997, 48.99793 ], [ -113.60914, 48.99783 ], [ -113.50708, 48.99777 ], [ -113.35679, 48.99782 ], [ -113.11549, 48.99832 ], [ -112.92017, 48.99861 ], [ -112.75868, 48.99858 ], [ -112.5686, 48.99872 ], [ -112.41005, 48.99865 ], [ -112.36503, 48.99861 ], [ -112.19341, 48.99847 ], [ -112.00357, 48.9986 ], [ -111.83609, 48.99803 ], [ -111.72059, 48.99731 ], [ -111.55553, 48.9967 ], [ -111.37713, 48.99703 ], [ -111.26986, 48.99723 ], [ -111.00392, 48.99754 ], [ -110.88746, 48.99809 ], [ -110.88671, 48.99812 ], [ -110.74306, 48.99861 ], [ -110.57693, 48.99884 ], [ -110.54407, 48.99888 ], [ -110.36355, 48.99913 ], [ -110.03132, 48.99957 ], [ -109.67024, 49.00003 ], [ -109.48955, 49.00029 ], [ -109.4895, 49.00029 ], [ -109.24039, 49.00006 ], [ -109.11187, 48.99956 ], [ -108.99823, 48.99912 ], [ -108.87509, 48.99919 ], [ -108.6257, 48.99911 ], [ -108.38903, 48.99928 ], [ -108.23639, 48.99957 ], [ -108.23636, 48.99957 ], [ -108.07692, 48.99963 ], [ -107.7449, 48.99978 ], [ -107.4156, 48.99946 ], [ -107.35559, 49.00019 ], [ -107.17981, 49.0001 ], [ -106.96262, 49.00002 ], [ -106.65777, 48.99986 ], [ -106.47445, 48.99967 ], [ -106.24546, 48.99947 ], [ -106.11206, 48.99946 ], [ -106.05033, 48.99939 ], [ -105.81814, 48.99961 ], [ -105.63355, 48.9997 ], [ -105.42131, 48.99951 ], [ -105.23109, 48.99923 ], [ -105.05764, 48.99901 ], [ -104.88204, 48.99883 ], [ -104.60756, 48.99874 ], [ -104.36595, 48.99912 ], [ -104.30478, 48.99921 ], [ -104.04869, 48.99959 ], [ -104.04848, 48.98701 ], [ -104.04862, 48.96674 ], [ -104.04855, 48.96377 ], [ -104.0488, 48.959 ], [ -104.04863, 48.95712 ], [ -104.0487, 48.95182 ], [ -104.04887, 48.94963 ], [ -104.04877, 48.9433 ], [ -104.0487, 48.94033 ], [ -104.04881, 48.93364 ], [ -104.04874, 48.91211 ], [ -104.04875, 48.90686 ], [ -104.04864, 48.90261 ], [ -104.04872, 48.87992 ], [ -104.04889, 48.87574 ], [ -104.04888, 48.87401 ], [ -104.04882, 48.86754 ], [ -104.04865, 48.86573 ], [ -104.0489, 48.84739 ], [ -104.04857, 48.79705 ], [ -104.04854, 48.78855 ], [ -104.04823, 48.76564 ], [ -104.04855, 48.75136 ], [ -104.04834, 48.74713 ], [ -104.04788, 48.66419 ], [ -104.04785, 48.66316 ], [ -104.04786, 48.65886 ], [ -104.04787, 48.65745 ], [ -104.04789, 48.64991 ], [ -104.04782, 48.64863 ], [ -104.04758, 48.63398 ], [ -104.04758, 48.63391 ], [ -104.04762, 48.62702 ], [ -104.04759, 48.62564 ], [ -104.04793, 48.62019 ], [ -104.04821, 48.59905 ], [ -104.04797, 48.59161 ], [ -104.04781, 48.56277 ], [ -104.04778, 48.53974 ], [ -104.04765, 48.53149 ], [ -104.04788, 48.5308 ], [ -104.04751, 48.52591 ], [ -104.04767, 48.51785 ], [ -104.04805, 48.50003 ], [ -104.04756, 48.49414 ], [ -104.04739, 48.46709 ], [ -104.04726, 48.45294 ], [ -104.04729, 48.45253 ], [ -104.04719, 48.44725 ], [ -104.04709, 48.4459 ], [ -104.04696, 48.42106 ], [ -104.04713, 48.41106 ], [ -104.04697, 48.39068 ], [ -104.04691, 48.38943 ], [ -104.04691, 48.3893 ], [ -104.04665, 48.37477 ], [ -104.04637, 48.37415 ], [ -104.04633, 48.34229 ], [ -104.04604, 48.25676 ], [ -104.04586, 48.2551 ], [ -104.04564, 48.24618 ], [ -104.04573, 48.24459 ], [ -104.04569, 48.24142 ], [ -104.04556, 48.19391 ], [ -104.04542, 48.19247 ], [ -104.0455, 48.17625 ], [ -104.0454, 48.16439 ], [ -104.04412, 47.99611 ], [ -104.04412, 47.99608 ], [ -104.04416, 47.99284 ], [ -104.04393, 47.97151 ], [ -104.0435, 47.95449 ], [ -104.04333, 47.94955 ], [ -104.04223, 47.89103 ], [ -104.04166, 47.86228 ], [ -104.04187, 47.8417 ], [ -104.04257, 47.80824 ], [ -104.04249, 47.80669 ], [ -104.04243, 47.80536 ], [ -104.04238, 47.80326 ], [ -104.0432, 47.74729 ], [ -104.04324, 47.74711 ], [ -104.04353, 47.67707 ], [ -104.04374, 47.62502 ], [ -104.04424, 47.61229 ], [ -104.04391, 47.60323 ], [ -104.04411, 47.5236 ], [ -104.04462, 47.45938 ], [ -104.0448, 47.43845 ], [ -104.04507, 47.39746 ], [ -104.04507, 47.39707 ], [ -104.04486, 47.37501 ], [ -104.04533, 47.34345 ], [ -104.04531, 47.33196 ], [ -104.04531, 47.33014 ], [ -104.04512, 47.27697 ], [ -104.04515, 47.27393 ], [ -104.04509, 47.27141 ], [ -104.04506, 47.26687 ], [ -104.04509, 47.26595 ], [ -104.04516, 47.26387 ], [ -104.04552, 47.21567 ], [ -104.04479, 47.12743 ], [ -104.04508, 47.09281 ], [ -104.04502, 47.0812 ], [ -104.04535, 47.07857 ], [ -104.04526, 47.0639 ], [ -104.04523, 47.0575 ], [ -104.0452, 47.05364 ], [ -104.04505, 47.04086 ], [ -104.04508, 47.03759 ], [ -104.04557, 46.94123 ], [ -104.04554, 46.93401 ], [ -104.04554, 46.93389 ], [ -104.0459, 46.83079 ], [ -104.0454, 46.72542 ], [ -104.0454, 46.72218 ], [ -104.04537, 46.72133 ], [ -104.04557, 46.71388 ], [ -104.04547, 46.70874 ], [ -104.04527, 46.6415 ], [ -104.04527, 46.64145 ], [ -104.0451, 46.54086 ], [ -104.04505, 46.50979 ], [ -104.0461, 46.38392 ], [ -104.04548, 46.36687 ], [ -104.04546, 46.3419 ], [ -104.04547, 46.32455 ], [ -104.04542, 46.28008 ], [ -104.04524, 46.125 ], [ -104.04576, 46.12395 ], [ -104.04682, 46.0002 ], [ -104.04544, 45.94531 ], [ -104.04403, 45.88197 ], [ -104.04401, 45.87197 ], [ -104.04381, 45.86839 ], [ -104.0426, 45.75 ], [ -104.04194, 45.55792 ], [ -104.04165, 45.55069 ], [ -104.04172, 45.53912 ], [ -104.04115, 45.50337 ], [ -104.04127, 45.49999 ], [ -104.04176, 45.49079 ], [ -104.04082, 45.46271 ], [ -104.04041, 45.39347 ], [ -104.04011, 45.37421 ], [ -104.04027, 45.34536 ], [ -104.04036, 45.33595 ], [ -104.04014, 45.21289 ], [ -104.03998, 45.12499 ], [ -104.03956, 45.12404 ], [ -104.03969, 45.00055 ], [ -104.03914, 44.99852 ], [ -104.05021, 44.99757 ], [ -104.0577, 44.99743 ], [ -104.25015, 44.99822 ], [ -104.47012, 44.99845 ], [ -104.47042, 44.99845 ], [ -104.66388, 44.99887 ], [ -104.66517, 44.99862 ], [ -104.72637, 44.99952 ], [ -104.75986, 44.99907 ], [ -104.76506, 44.99918 ], [ -105.01824, 45.00044 ], [ -105.01928, 45.00033 ], [ -105.02527, 45.00029 ], [ -105.03825, 45.00034 ], [ -105.0384, 45.00035 ], [ -105.0766, 45.00035 ], [ -105.3713, 45.00037 ], [ -105.84807, 45.0004 ], [ -105.91338, 45.00094 ], [ -105.91426, 44.99999 ], [ -105.92818, 44.99365 ], [ -106.02481, 44.99369 ], [ -106.26359, 44.99379 ], [ -106.26372, 44.99379 ], [ -106.88877, 44.99589 ], [ -106.89288, 44.99595 ], [ -106.90159, 44.99597 ], [ -107.00516, 44.99629 ], [ -107.0508, 44.99642 ], [ -107.075, 44.997 ], [ -107.08494, 44.9966 ], [ -107.10568, 44.99873 ], [ -107.12563, 44.99939 ], [ -107.13418, 45.00011 ], [ -107.35144, 45.00141 ], [ -107.49205, 45.00148 ], [ -107.60782, 45.00093 ], [ -107.60885, 45.00086 ], [ -107.75065, 45.00078 ], [ -107.88252, 45.0012 ], [ -107.91152, 45.00129 ], [ -107.99735, 45.00156 ], [ -108.00066, 45.00122 ], [ -108.14939, 45.00106 ], [ -108.21848, 45.00054 ], [ -108.23814, 45.00021 ], [ -108.24935, 44.99946 ], [ -108.24943, 44.99946 ], [ -108.2712, 45.00025 ], [ -108.50068, 44.99969 ], [ -108.56592, 45.00058 ], [ -108.57848, 45.00048 ], [ -108.62132, 45.00041 ], [ -109.05775, 44.99963 ], [ -109.06226, 44.99962 ], [ -109.06256, 44.99962 ], [ -109.08301, 44.99961 ], [ -109.10344, 45.0059 ], [ -109.26343, 45.00534 ], [ -109.26929, 45.00528 ], [ -109.37571, 45.00461 ], [ -109.38643, 45.00489 ], [ -109.57432, 45.00263 ], [ -109.66367, 45.00254 ], [ -109.75073, 45.0016 ], [ -109.79848, 45.00219 ], [ -109.79869, 45.00219 ], [ -109.87574, 45.00328 ], [ -109.99505, 45.00317 ], [ -110.00151, 45.00326 ], [ -110.02554, 45.0036 ], [ -110.02635, 45.00366 ], [ -110.1101, 45.00391 ], [ -110.1995, 44.99619 ], [ -110.28677, 44.99685 ], [ -110.32444, 44.99916 ], [ -110.34213, 44.99905 ], [ -110.3627, 45.00059 ], [ -110.40293, 44.99381 ], [ -110.48807, 44.99236 ], [ -110.54717, 44.99246 ], [ -110.55243, 44.99224 ], [ -110.70527, 44.99232 ], [ -110.75077, 44.99795 ], [ -110.76155, 44.99993 ], [ -110.78501, 45.00295 ], [ -111.04427, 45.00135 ], [ -111.04507, 45.00134 ], [ -111.0552, 45.00132 ], [ -111.05621, 44.9359 ], [ -111.05563, 44.93358 ], [ -111.05689, 44.86666 ], [ -111.05642, 44.74993 ], [ -111.05551, 44.72534 ], [ -111.05533, 44.66626 ], [ -111.05521, 44.62493 ], [ -111.05243, 44.47841 ], [ -111.06789, 44.48072 ], [ -111.1087, 44.48786 ], [ -111.12838, 44.49973 ], [ -111.13862, 44.51685 ], [ -111.13236, 44.53278 ], [ -111.15511, 44.5424 ], [ -111.17375, 44.54933 ], [ -111.18075, 44.55488 ], [ -111.18065, 44.56431 ], [ -111.18666, 44.57099 ], [ -111.20135, 44.57547 ], [ -111.22462, 44.57625 ], [ -111.23109, 44.58628 ], [ -111.23759, 44.60878 ], [ -111.22405, 44.62317 ], [ -111.25257, 44.65086 ], [ -111.26919, 44.64704 ], [ -111.27685, 44.6554 ], [ -111.26864, 44.66805 ], [ -111.30562, 44.70737 ], [ -111.32356, 44.72424 ], [ -111.3357, 44.73265 ], [ -111.3471, 44.72628 ], [ -111.35566, 44.72737 ], [ -111.36661, 44.73813 ], [ -111.36616, 44.742 ], [ -111.37465, 44.75006 ], [ -111.37712, 44.75123 ], [ -111.3849, 44.7549 ], [ -111.39374, 44.75232 ], [ -111.3977, 44.74651 ], [ -111.39435, 44.74435 ], [ -111.39847, 44.72311 ], [ -111.41416, 44.71051 ], [ -111.4241, 44.71379 ], [ -111.4295, 44.71992 ], [ -111.43868, 44.72032 ], [ -111.48125, 44.7087 ], [ -111.48591, 44.70742 ], [ -111.48923, 44.70472 ], [ -111.49012, 44.69999 ], [ -111.48479, 44.68735 ], [ -111.47787, 44.68216 ], [ -111.46961, 44.67785 ], [ -111.47307, 44.66525 ], [ -111.49491, 44.6448 ], [ -111.50394, 44.64474 ], [ -111.51264, 44.63915 ], [ -111.50547, 44.62522 ], [ -111.52113, 44.6153 ], [ -111.52424, 44.60409 ], [ -111.5235, 44.59884 ], [ -111.51781, 44.58217 ], [ -111.50464, 44.57476 ], [ -111.50776, 44.56785 ], [ -111.50528, 44.56197 ], [ -111.49192, 44.56058 ], [ -111.46908, 44.55181 ], [ -111.46763, 44.54429 ], [ -111.47157, 44.54059 ], [ -111.50068, 44.53983 ], [ -111.51601, 44.53753 ], [ -111.5239, 44.54816 ], [ -111.54653, 44.55687 ], [ -111.55647, 44.55427 ], [ -111.5627, 44.55498 ], [ -111.58565, 44.56261 ], [ -111.59166, 44.56127 ], [ -111.60114, 44.55398 ], [ -111.6143, 44.54876 ], [ -111.61729, 44.54925 ], [ -111.68146, 44.55963 ], [ -111.70411, 44.55998 ], [ -111.70944, 44.54998 ], [ -111.71537, 44.54331 ], [ -111.73708, 44.54283 ], [ -111.74629, 44.54054 ], [ -111.75886, 44.53354 ], [ -111.7618, 44.52961 ], [ -111.80627, 44.52208 ], [ -111.80781, 44.51149 ], [ -111.82138, 44.50906 ], [ -111.84243, 44.52584 ], [ -111.84918, 44.53961 ], [ -111.8704, 44.5638 ], [ -111.88774, 44.56318 ], [ -111.90346, 44.557 ], [ -111.94783, 44.55655 ], [ -111.95141, 44.54983 ], [ -111.98072, 44.53645 ], [ -111.99512, 44.53521 ], [ -112.01374, 44.54212 ], [ -112.0326, 44.54641 ], [ -112.03492, 44.54246 ], [ -112.03402, 44.53749 ], [ -112.03683, 44.53009 ], [ -112.05333, 44.53486 ], [ -112.0689, 44.53687 ], [ -112.09319, 44.52977 ], [ -112.09619, 44.52298 ], [ -112.10146, 44.52062 ], [ -112.10665, 44.5206 ], [ -112.12499, 44.5283 ], [ -112.12897, 44.53607 ], [ -112.13635, 44.53968 ], [ -112.16449, 44.54144 ], [ -112.17959, 44.53279 ], [ -112.18383, 44.53284 ], [ -112.22159, 44.54329 ], [ -112.22937, 44.54926 ], [ -112.22673, 44.55501 ], [ -112.23001, 44.56253 ], [ -112.24268, 44.56786 ], [ -112.25856, 44.56929 ], [ -112.28608, 44.56824 ], [ -112.30753, 44.55742 ], [ -112.31279, 44.55331 ], [ -112.31494, 44.54982 ], [ -112.3149, 44.54167 ], [ -112.31909, 44.53888 ], [ -112.34869, 44.53846 ], [ -112.3541, 44.53541 ], [ -112.35881, 44.52862 ], [ -112.35649, 44.4929 ], [ -112.35882, 44.48605 ], [ -112.36866, 44.46692 ], [ -112.38728, 44.44783 ], [ -112.43523, 44.46199 ], [ -112.46024, 44.47548 ], [ -112.4731, 44.4798 ], [ -112.5002, 44.46282 ], [ -112.5116, 44.46621 ], [ -112.51193, 44.47019 ], [ -112.51876, 44.47555 ], [ -112.54188, 44.48374 ], [ -112.55045, 44.4847 ], [ -112.5734, 44.48075 ], [ -112.58409, 44.48114 ], [ -112.60175, 44.49079 ], [ -112.6553, 44.48711 ], [ -112.66438, 44.48622 ], [ -112.67106, 44.49103 ], [ -112.70771, 44.50279 ], [ -112.719, 44.50411 ], [ -112.73498, 44.49893 ], [ -112.7489, 44.491 ], [ -112.77603, 44.48411 ], [ -112.79692, 44.46451 ], [ -112.82808, 44.44224 ], [ -112.83593, 44.42242 ], [ -112.82179, 44.40721 ], [ -112.8125, 44.39205 ], [ -112.81313, 44.37787 ], [ -112.81418, 44.37684 ], [ -112.82038, 44.37072 ], [ -112.84475, 44.35799 ], [ -112.85529, 44.35974 ], [ -112.88166, 44.38009 ], [ -112.8847, 44.39814 ], [ -112.91768, 44.40516 ], [ -112.95144, 44.41797 ], [ -112.98157, 44.43405 ], [ -113.00343, 44.45058 ], [ -113.00674, 44.47149 ], [ -113.01853, 44.48144 ], [ -113.02604, 44.49679 ], [ -113.01694, 44.50375 ], [ -113.00672, 44.51821 ], [ -113.00709, 44.52573 ], [ -113.04224, 44.54192 ], [ -113.04599, 44.55074 ], [ -113.03841, 44.55832 ], [ -113.0374, 44.56413 ], [ -113.06096, 44.5771 ], [ -113.07025, 44.5899 ], [ -113.08237, 44.59546 ], [ -113.08371, 44.60199 ], [ -113.07365, 44.6137 ], [ -113.06548, 44.61716 ], [ -113.05666, 44.61843 ], [ -113.05342, 44.62096 ], [ -113.04924, 44.62915 ], [ -113.05139, 44.63672 ], [ -113.06548, 44.64914 ], [ -113.0682, 44.65614 ], [ -113.07031, 44.66761 ], [ -113.06765, 44.67258 ], [ -113.07047, 44.67943 ], [ -113.0818, 44.69116 ], [ -113.09795, 44.69725 ], [ -113.10104, 44.70835 ], [ -113.10203, 44.7288 ], [ -113.11677, 44.73787 ], [ -113.13471, 44.75253 ], [ -113.1376, 44.75988 ], [ -113.13128, 44.76451 ], [ -113.13134, 44.77261 ], [ -113.14051, 44.77647 ], [ -113.1581, 44.78062 ], [ -113.1637, 44.77869 ], [ -113.17926, 44.78691 ], [ -113.18329, 44.79333 ], [ -113.19425, 44.80192 ], [ -113.20951, 44.80884 ], [ -113.23862, 44.81391 ], [ -113.24706, 44.82272 ], [ -113.27827, 44.81248 ], [ -113.29672, 44.80313 ], [ -113.3014, 44.79875 ], [ -113.34159, 44.78462 ], [ -113.35393, 44.79151 ], [ -113.35465, 44.79524 ], [ -113.34658, 44.79867 ], [ -113.34599, 44.80038 ], [ -113.35595, 44.81957 ], [ -113.37695, 44.83317 ], [ -113.39626, 44.83767 ], [ -113.42219, 44.84014 ], [ -113.45706, 44.87394 ], [ -113.47495, 44.90469 ], [ -113.49101, 44.92732 ], [ -113.49864, 44.94208 ], [ -113.49434, 44.94837 ], [ -113.48073, 44.95008 ], [ -113.47467, 44.94857 ], [ -113.46736, 44.94783 ], [ -113.44885, 44.95331 ], [ -113.44367, 44.95966 ], [ -113.44467, 44.97463 ], [ -113.44475, 44.97591 ], [ -113.4469, 44.98441 ], [ -113.44678, 44.99831 ], [ -113.43762, 45.00674 ], [ -113.4498, 45.03494 ], [ -113.4512, 45.04448 ], [ -113.45186, 45.05902 ], [ -113.46047, 45.06465 ], [ -113.46645, 45.06255 ], [ -113.47885, 45.06227 ], [ -113.48881, 45.07179 ], [ -113.52029, 45.0898 ], [ -113.51248, 45.09902 ], [ -113.50597, 45.10803 ], [ -113.50976, 45.11474 ], [ -113.52873, 45.11632 ], [ -113.54939, 45.11287 ], [ -113.57456, 45.12818 ], [ -113.56939, 45.14076 ], [ -113.59452, 45.1658 ], [ -113.58978, 45.17676 ], [ -113.5994, 45.19088 ], [ -113.63678, 45.21275 ], [ -113.64729, 45.22805 ], [ -113.64996, 45.23448 ], [ -113.65692, 45.24121 ], [ -113.66552, 45.24603 ], [ -113.6743, 45.24918 ], [ -113.67864, 45.24904 ], [ -113.68484, 45.25348 ], [ -113.69193, 45.26496 ], [ -113.69145, 45.27068 ], [ -113.68797, 45.27618 ], [ -113.68925, 45.28332 ], [ -113.73549, 45.32503 ], [ -113.73862, 45.32951 ], [ -113.74009, 45.34536 ], [ -113.73542, 45.36451 ], [ -113.73228, 45.38483 ], [ -113.73298, 45.38994 ], [ -113.73429, 45.39212 ], [ -113.76081, 45.40627 ], [ -113.77415, 45.40655 ], [ -113.77693, 45.4154 ], [ -113.76422, 45.42225 ], [ -113.76448, 45.43117 ], [ -113.78316, 45.45161 ], [ -113.78405, 45.45472 ], [ -113.76455, 45.47748 ], [ -113.76014, 45.48634 ], [ -113.76691, 45.5018 ], [ -113.76788, 45.51899 ], [ -113.76981, 45.52195 ], [ -113.77825, 45.52318 ], [ -113.79647, 45.52323 ], [ -113.80274, 45.52293 ], [ -113.80903, 45.51968 ], [ -113.83445, 45.5205 ], [ -113.81976, 45.5661 ], [ -113.8038, 45.57978 ], [ -113.80147, 45.58455 ], [ -113.80285, 45.5924 ], [ -113.80662, 45.60192 ], [ -113.82296, 45.61226 ], [ -113.86129, 45.62343 ], [ -113.8859, 45.61679 ], [ -113.90458, 45.62178 ], [ -113.90199, 45.63382 ], [ -113.89709, 45.64126 ], [ -113.90048, 45.64803 ], [ -113.91109, 45.65318 ], [ -113.93143, 45.67304 ], [ -113.93832, 45.69567 ], [ -113.93836, 45.69581 ], [ -113.94832, 45.69321 ], [ -113.96079, 45.68996 ], [ -113.96987, 45.69736 ], [ -113.98655, 45.70433 ], [ -114.01552, 45.6959 ], [ -114.01921, 45.69271 ], [ -114.02042, 45.68099 ], [ -114.01996, 45.6701 ], [ -114.01368, 45.65801 ], [ -114.01486, 45.65378 ], [ -114.01862, 45.64839 ], [ -114.03335, 45.6484 ], [ -114.06751, 45.62748 ], [ -114.08168, 45.6111 ], [ -114.08304, 45.60377 ], [ -114.08199, 45.59673 ], [ -114.08647, 45.59095 ], [ -114.1002, 45.58612 ], [ -114.12221, 45.58403 ], [ -114.13136, 45.57421 ], [ -114.13225, 45.5723 ], [ -114.12849, 45.56877 ], [ -114.12899, 45.56526 ], [ -114.13514, 45.55723 ], [ -114.15473, 45.55269 ], [ -114.17993, 45.5512 ], [ -114.18636, 45.54531 ], [ -114.19269, 45.53637 ], [ -114.20356, 45.53534 ], [ -114.22783, 45.54619 ], [ -114.24801, 45.54565 ], [ -114.25173, 45.53758 ], [ -114.24807, 45.533 ], [ -114.24771, 45.52405 ], [ -114.26151, 45.49559 ], [ -114.27061, 45.48589 ], [ -114.27911, 45.48039 ], [ -114.33311, 45.45909 ], [ -114.34491, 45.45969 ], [ -114.36061, 45.47389 ], [ -114.36551, 45.49019 ], [ -114.36841, 45.49249 ], [ -114.38851, 45.50267 ], [ -114.41569, 45.50952 ], [ -114.43888, 45.53585 ], [ -114.45075, 45.5423 ], [ -114.45665, 45.54375 ], [ -114.46043, 45.56105 ], [ -114.47365, 45.56305 ], [ -114.49807, 45.55524 ], [ -114.50623, 45.55899 ], [ -114.51765, 45.5679 ], [ -114.52597, 45.57054 ], [ -114.5494, 45.56036 ], [ -114.55893, 45.56548 ], [ -114.55814, 45.58487 ], [ -114.55389, 45.59105 ], [ -114.53802, 45.6066 ], [ -114.5448, 45.61644 ], [ -114.55383, 45.61907 ], [ -114.5632, 45.63138 ], [ -114.56354, 45.63718 ], [ -114.56094, 45.63968 ], [ -114.53566, 45.65038 ], [ -114.52957, 45.65209 ], [ -114.52203, 45.64911 ], [ -114.50754, 45.65872 ], [ -114.49953, 45.6688 ], [ -114.49923, 45.67938 ], [ -114.50841, 45.68353 ], [ -114.50766, 45.68978 ], [ -114.49531, 45.70309 ], [ -114.50153, 45.71559 ], [ -114.51088, 45.72499 ], [ -114.52443, 45.72718 ], [ -114.54466, 45.74216 ], [ -114.54597, 45.75632 ], [ -114.56606, 45.77363 ], [ -114.55538, 45.78602 ], [ -114.54458, 45.79122 ], [ -114.52951, 45.81927 ], [ -114.5144, 45.82713 ], [ -114.51693, 45.83292 ], [ -114.51478, 45.84079 ], [ -114.50218, 45.84829 ], [ -114.4895, 45.85042 ], [ -114.4794, 45.84819 ], [ -114.47108, 45.84988 ], [ -114.45855, 45.8547 ], [ -114.44325, 45.86179 ], [ -114.4262, 45.85771 ], [ -114.4124, 45.85212 ], [ -114.40918, 45.85306 ], [ -114.40601, 45.86483 ], [ -114.38813, 45.88211 ], [ -114.38706, 45.88893 ], [ -114.39495, 45.90123 ], [ -114.39513, 45.90127 ], [ -114.40421, 45.90327 ], [ -114.41306, 45.91125 ], [ -114.43105, 45.93551 ], [ -114.43122, 45.93779 ], [ -114.42761, 45.93939 ], [ -114.42357, 45.94387 ], [ -114.41587, 45.94766 ], [ -114.41182, 45.95213 ], [ -114.4046, 45.95567 ], [ -114.40215, 45.96126 ], [ -114.4036, 45.96682 ], [ -114.40924, 45.97118 ], [ -114.41178, 45.97765 ], [ -114.43084, 45.98684 ], [ -114.44878, 45.98794 ], [ -114.4561, 45.9949 ], [ -114.46551, 45.99637 ], [ -114.47235, 45.99289 ], [ -114.47839, 45.99253 ], [ -114.48665, 46.00036 ], [ -114.48385, 46.00817 ], [ -114.4737, 46.01638 ], [ -114.48013, 46.0301 ], [ -114.49329, 46.02794 ], [ -114.50621, 46.03061 ], [ -114.50473, 46.0401 ], [ -114.49453, 46.04718 ], [ -114.46745, 46.06616 ], [ -114.46175, 46.07834 ], [ -114.45994, 46.09687 ], [ -114.46686, 46.1043 ], [ -114.47431, 46.11228 ], [ -114.49262, 46.11559 ], [ -114.52067, 46.12744 ], [ -114.52484, 46.14203 ], [ -114.51066, 46.16614 ], [ -114.48914, 46.16745 ], [ -114.47822, 46.16065 ], [ -114.46324, 46.16783 ], [ -114.45213, 46.1686 ], [ -114.44582, 46.1737 ], [ -114.44311, 46.20271 ], [ -114.44912, 46.21655 ], [ -114.44593, 46.22099 ], [ -114.4518, 46.24102 ], [ -114.45427, 46.24216 ], [ -114.46815, 46.24857 ], [ -114.47037, 46.26709 ], [ -114.46492, 46.2729 ], [ -114.45315, 46.27071 ], [ -114.44122, 46.27357 ], [ -114.43533, 46.27638 ], [ -114.4272, 46.28339 ], [ -114.42548, 46.28767 ], [ -114.43337, 46.30527 ], [ -114.4316, 46.31051 ], [ -114.41807, 46.32951 ], [ -114.41365, 46.33572 ], [ -114.41057, 46.36044 ], [ -114.41148, 46.36646 ], [ -114.42235, 46.38687 ], [ -114.4077, 46.40101 ], [ -114.38742, 46.40987 ], [ -114.38433, 46.41519 ], [ -114.38317, 46.43159 ], [ -114.37278, 46.4359 ], [ -114.37451, 46.44318 ], [ -114.38314, 46.45053 ], [ -114.37946, 46.46009 ], [ -114.38294, 46.46617 ], [ -114.38367, 46.46637 ], [ -114.39434, 46.46932 ], [ -114.39996, 46.47695 ], [ -114.40329, 46.49818 ], [ -114.40065, 46.50192 ], [ -114.38446, 46.50491 ], [ -114.37524, 46.50162 ], [ -114.35242, 46.50749 ], [ -114.34196, 46.51945 ], [ -114.3491, 46.52928 ], [ -114.34434, 46.54083 ], [ -114.34708, 46.55062 ], [ -114.33942, 46.56381 ], [ -114.33164, 46.57168 ], [ -114.33135, 46.57579 ], [ -114.33123, 46.57755 ], [ -114.34228, 46.58856 ], [ -114.32241, 46.61084 ], [ -114.3228, 46.64271 ], [ -114.32445, 46.65335 ], [ -114.33166, 46.66054 ], [ -114.33178, 46.66058 ], [ -114.35948, 46.66885 ], [ -114.39441, 46.66462 ], [ -114.40327, 46.6594 ], [ -114.4108, 46.65724 ], [ -114.42432, 46.66042 ], [ -114.45313, 46.64904 ], [ -114.45264, 46.64156 ], [ -114.46447, 46.63373 ], [ -114.48066, 46.63203 ], [ -114.49914, 46.63923 ], [ -114.51775, 46.63979 ], [ -114.54403, 46.64761 ], [ -114.56624, 46.64194 ], [ -114.5803, 46.6346 ], [ -114.59091, 46.63352 ], [ -114.59447, 46.63425 ], [ -114.61066, 46.63756 ], [ -114.61604, 46.644 ], [ -114.61157, 46.64747 ], [ -114.61461, 46.65503 ], [ -114.62215, 46.65821 ], [ -114.63578, 46.65948 ], [ -114.63906, 46.66694 ], [ -114.64144, 46.67949 ], [ -114.63219, 46.68376 ], [ -114.62354, 46.69093 ], [ -114.62212, 46.70824 ], [ -114.63383, 46.71578 ], [ -114.64665, 46.73025 ], [ -114.66161, 46.73621 ], [ -114.67494, 46.73773 ], [ -114.69576, 46.7401 ], [ -114.6989, 46.73999 ], [ -114.70848, 46.72247 ], [ -114.7161, 46.71426 ], [ -114.72613, 46.71457 ], [ -114.74056, 46.71166 ], [ -114.7501, 46.69791 ], [ -114.76601, 46.69702 ], [ -114.76929, 46.70198 ], [ -114.7849, 46.71001 ], [ -114.78746, 46.71494 ], [ -114.77988, 46.72981 ], [ -114.77356, 46.73198 ], [ -114.76707, 46.7386 ], [ -114.76535, 46.75791 ], [ -114.78254, 46.76883 ], [ -114.78647, 46.77829 ], [ -114.78899, 46.77956 ], [ -114.79622, 46.77724 ], [ -114.80796, 46.78221 ], [ -114.81751, 46.78131 ], [ -114.82961, 46.78297 ], [ -114.83665, 46.79249 ], [ -114.84468, 46.79407 ], [ -114.85997, 46.80483 ], [ -114.86113, 46.81136 ], [ -114.86478, 46.81417 ], [ -114.87924, 46.81131 ], [ -114.89059, 46.80369 ], [ -114.89799, 46.80784 ], [ -114.89547, 46.81591 ], [ -114.89957, 46.8226 ], [ -114.91527, 46.82541 ], [ -114.9268, 46.83344 ], [ -114.92834, 46.84301 ], [ -114.92426, 46.84753 ], [ -114.92996, 46.8552 ], [ -114.94104, 46.85652 ], [ -114.94826, 46.86001 ], [ -114.94457, 46.86786 ], [ -114.93917, 46.86973 ], [ -114.93294, 46.87533 ], [ -114.93095, 46.88188 ], [ -114.9367, 46.89715 ], [ -114.92784, 46.90972 ], [ -114.92183, 46.9127 ], [ -114.9244, 46.91785 ], [ -114.93158, 46.91968 ], [ -114.9606, 46.93001 ], [ -114.95932, 46.9329 ], [ -114.96908, 46.93878 ], [ -114.98643, 46.95187 ], [ -114.99944, 46.96603 ], [ -115.00127, 46.9719 ], [ -115.02839, 46.97566 ], [ -115.03197, 46.97157 ], [ -115.04786, 46.96953 ], [ -115.05924, 46.98932 ], [ -115.06586, 47.00085 ], [ -115.07504, 47.02583 ], [ -115.08804, 47.04588 ], [ -115.09603, 47.04797 ], [ -115.10436, 47.04778 ], [ -115.12084, 47.06088 ], [ -115.12854, 47.067 ], [ -115.14154, 47.08687 ], [ -115.14085, 47.09622 ], [ -115.14368, 47.10104 ], [ -115.15877, 47.10278 ], [ -115.17217, 47.10715 ], [ -115.17852, 47.11723 ], [ -115.18666, 47.12976 ], [ -115.20289, 47.13976 ], [ -115.22147, 47.14875 ], [ -115.24311, 47.15073 ], [ -115.2542, 47.16204 ], [ -115.25603, 47.17315 ], [ -115.26242, 47.18169 ], [ -115.28796, 47.18469 ], [ -115.30039, 47.18791 ], [ -115.30123, 47.19279 ], [ -115.29588, 47.20543 ], [ -115.292, 47.20963 ], [ -115.29878, 47.2255 ], [ -115.30699, 47.22962 ], [ -115.31183, 47.23014 ], [ -115.31763, 47.23524 ], [ -115.32443, 47.24575 ], [ -115.3193, 47.2544 ], [ -115.33915, 47.26226 ], [ -115.35922, 47.25964 ], [ -115.38427, 47.26713 ], [ -115.40734, 47.26414 ], [ -115.41913, 47.27043 ], [ -115.42063, 47.27595 ], [ -115.43099, 47.27964 ], [ -115.45293, 47.27743 ], [ -115.45756, 47.27923 ], [ -115.45773, 47.2824 ], [ -115.4687, 47.28629 ], [ -115.48038, 47.28164 ], [ -115.48606, 47.28454 ], [ -115.50834, 47.29296 ], [ -115.52875, 47.30268 ], [ -115.53978, 47.32764 ], [ -115.55047, 47.33426 ], [ -115.54891, 47.34703 ], [ -115.55621, 47.35285 ], [ -115.56555, 47.35242 ], [ -115.57643, 47.35709 ], [ -115.57699, 47.3666 ], [ -115.61714, 47.38229 ], [ -115.64241, 47.37765 ], [ -115.6573, 47.40021 ], [ -115.67366, 47.4025 ], [ -115.67533, 47.4089 ], [ -115.69829, 47.41597 ], [ -115.71308, 47.41595 ], [ -115.72107, 47.42481 ], [ -115.73706, 47.42554 ], [ -115.74862, 47.42273 ], [ -115.75884, 47.42372 ], [ -115.75922, 47.42376 ], [ -115.74756, 47.44193 ], [ -115.72942, 47.44606 ], [ -115.71809, 47.4519 ], [ -115.6819, 47.45666 ], [ -115.67323, 47.45364 ], [ -115.64901, 47.45622 ], [ -115.63935, 47.4611 ], [ -115.62949, 47.47961 ], [ -115.6346, 47.48162 ], [ -115.64825, 47.47773 ], [ -115.66002, 47.47805 ], [ -115.66729, 47.48823 ], [ -115.68258, 47.48397 ], [ -115.68543, 47.4846 ], [ -115.69331, 47.50181 ], [ -115.71079, 47.51628 ], [ -115.70988, 47.52355 ], [ -115.69592, 47.52794 ], [ -115.70589, 47.5348 ], [ -115.71681, 47.53393 ], [ -115.74009, 47.53848 ], [ -115.75238, 47.54339 ], [ -115.75514, 47.55153 ], [ -115.75205, 47.55381 ], [ -115.7307, 47.56958 ], [ -115.72208, 47.57375 ], [ -115.70504, 47.58053 ], [ -115.69284, 47.59939 ], [ -115.69444, 47.62376 ], [ -115.70793, 47.63483 ], [ -115.71314, 47.63544 ], [ -115.72986, 47.64192 ], [ -115.73616, 47.65453 ], [ -115.72712, 47.67779 ], [ -115.72277, 47.69531 ], [ -115.73065, 47.7042 ], [ -115.74342, 47.71188 ], [ -115.75882, 47.719 ], [ -115.76457, 47.71741 ], [ -115.77369, 47.71771 ], [ -115.77805, 47.72157 ], [ -115.78339, 47.72908 ], [ -115.78148, 47.74391 ], [ -115.79688, 47.75646 ], [ -115.80342, 47.7583 ], [ -115.82499, 47.75237 ], [ -115.83165, 47.75556 ], [ -115.83526, 47.76073 ], [ -115.83516, 47.76938 ], [ -115.84053, 47.78021 ], [ -115.84738, 47.785 ], [ -115.84813, 47.80738 ], [ -115.84603, 47.81365 ], [ -115.85176, 47.82694 ], [ -115.87104, 47.83521 ], [ -115.87515, 47.84304 ], [ -115.88141, 47.84944 ], [ -115.9014, 47.8431 ], [ -115.90704, 47.84707 ], [ -115.90846, 47.85208 ], [ -115.91597, 47.85345 ], [ -115.93922, 47.88187 ], [ -115.95588, 47.89327 ], [ -115.96301, 47.89814 ], [ -115.96504, 47.9099 ], [ -115.96897, 47.91403 ], [ -115.98312, 47.91718 ], [ -115.98919, 47.92386 ], [ -115.99501, 47.9336 ], [ -116.0072, 47.94631 ], [ -116.00748, 47.95078 ], [ -116.03039, 47.97262 ], [ -116.03851, 47.97134 ], [ -116.04911, 47.97684 ], [ -116.04911, 47.97734 ], [ -116.04915, 47.99992 ], [ -116.04863, 48.05986 ], [ -116.04921, 48.06641 ], [ -116.04931, 48.07699 ], [ -116.0488, 48.1247 ], [ -116.04967, 48.21612 ], [ -116.04987, 48.23737 ], [ -116.04924, 48.24971 ], [ -116.04963, 48.27444 ], [ -116.04884, 48.30962 ], [ -116.04989, 48.41326 ], [ -116.04905, 48.48102 ] ] ] } },
{ "type": "Feature", "properties": { "STATEFP": "32", "GEOID": "32", "STUSPS": "NV", "NAME": "Nevada" }, "geometry": { "type": "Polygon", "coordinates": [ [ [ -120.00574, 39.22866 ], [ -120.00555, 39.24875 ], [ -120.00538, 39.26617 ], [ -120.00532, 39.27288 ], [ -120.00524, 39.28082 ], [ -120.00514, 39.29126 ], [ -120.00541, 39.31334 ], [ -120.00541, 39.31385 ], [ -120.00532, 39.31635 ], [ -120.00532, 39.31645 ], [ -120.00471, 39.33049 ], [ -120.00443, 39.37491 ], [ -120.00312, 39.44504 ], [ -120.00312, 39.44511 ], [ -120.00285, 39.4633 ], [ -120.00174, 39.53885 ], [ -120.00172, 39.54873 ], [ -120.00158, 39.60683 ], [ -120.00143, 39.67364 ], [ -120.00132, 39.72242 ], [ -120.00115, 39.73419 ], [ -120.0005, 39.77996 ], [ -120.00061, 39.78078 ], [ -119.99973, 39.85141 ], [ -119.99763, 39.9565 ], [ -119.99729, 40.0718 ], [ -119.99717, 40.07724 ], [ -119.99723, 40.09159 ], [ -119.99712, 40.12636 ], [ -119.99618, 40.26246 ], [ -119.99618, 40.26353 ], [ -119.99616, 40.32125 ], [ -119.99616, 40.32184 ], [ -119.99605, 40.40233 ], [ -119.99593, 40.4999 ], [ -119.99753, 40.72099 ], [ -119.99848, 40.7499 ], [ -119.99923, 40.8659 ], [ -119.99923, 40.86745 ], [ -119.99936, 40.8731 ], [ -119.99987, 41.18397 ], [ -119.99947, 41.49989 ], [ -119.99828, 41.61877 ], [ -119.99886, 41.62489 ], [ -119.99829, 41.74989 ], [ -119.99928, 41.87489 ], [ -119.99917, 41.99454 ], [ -119.99917, 41.99484 ], [ -119.98689, 41.99608 ], [ -119.88651, 41.99747 ], [ -119.87234, 41.99748 ], [ -119.84891, 41.99728 ], [ -119.79009, 41.99754 ], [ -119.72573, 41.9963 ], [ -119.4446, 41.99548 ], [ -119.36018, 41.99438 ], [ -119.36012, 41.99438 ], [ -119.32418, 41.99421 ], [ -119.25103, 41.99384 ], [ -119.23188, 41.99421 ], [ -119.20828, 41.99318 ], [ -119.00102, 41.99379 ], [ -118.79561, 41.99239 ], [ -118.77723, 41.99267 ], [ -118.77587, 41.99269 ], [ -118.69641, 41.99179 ], [ -118.60181, 41.9939 ], [ -118.501, 41.99545 ], [ -118.19737, 41.99699 ], [ -118.19719, 41.99699 ], [ -117.87347, 41.99833 ], [ -117.62597, 41.9981 ], [ -117.62373, 41.99847 ], [ -117.61321, 41.99854 ], [ -117.50668, 41.99924 ], [ -117.44306, 41.99966 ], [ -117.40361, 41.99929 ], [ -117.21755, 41.99989 ], [ -117.1978, 42.00038 ], [ -117.06861, 42.00003 ], [ -117.0554, 41.99989 ], [ -117.04091, 41.99989 ], [ -117.0262, 41.99989 ], [ -117.01829, 41.99936 ], [ -117.01821, 41.99935 ], [ -117.00925, 41.99813 ], [ -116.96916, 41.99899 ], [ -116.62677, 41.99775 ], [ -116.62595, 41.99738 ], [ -116.58694, 41.99737 ], [ -116.58222, 41.99783 ], [ -116.52532, 41.99756 ], [ -116.51045, 41.9971 ], [ -116.50174, 41.99733 ], [ -116.49978, 41.99674 ], [ -116.48582, 41.99686 ], [ -116.48309, 41.99688 ], [ -116.46353, 41.99655 ], [ -116.36848, 41.99628 ], [ -116.33276, 41.99728 ], [ -116.16393, 41.99755 ], [ -116.16083, 41.99751 ], [ -116.0386, 41.99746 ], [ -116.03857, 41.99741 ], [ -116.03075, 41.9974 ], [ -116.03076, 41.99738 ], [ -116.01896, 41.99776 ], [ -116.01895, 41.99772 ], [ -116.01222, 41.99805 ], [ -116.01221, 41.99804 ], [ -115.98688, 41.99853 ], [ -115.88761, 41.99805 ], [ -115.8796, 41.99789 ], [ -115.87018, 41.99677 ], [ -115.62591, 41.99741 ], [ -115.58685, 41.99688 ], [ -115.31388, 41.9961 ], [ -115.25433, 41.99672 ], [ -115.25079, 41.99616 ], [ -115.03816, 41.99601 ], [ -115.03178, 41.99601 ], [ -114.91419, 41.99991 ], [ -114.89921, 41.99991 ], [ -114.87588, 42.00132 ], [ -114.83108, 42.00221 ], [ -114.80638, 42.00182 ], [ -114.72071, 41.99823 ], [ -114.59827, 41.99451 ], [ -114.49826, 41.9946 ], [ -114.49824, 41.99464 ], [ -114.46758, 41.99549 ], [ -114.28185, 41.99421 ], [ -114.2818, 41.99421 ], [ -114.10743, 41.99397 ], [ -114.10726, 41.99383 ], [ -114.06176, 41.99394 ], [ -114.06177, 41.9938 ], [ -114.04826, 41.99381 ], [ -114.04825, 41.99372 ], [ -114.04172, 41.99372 ], [ -114.03965, 41.88482 ], [ -114.04111, 41.85057 ], [ -114.04115, 41.85059 ], [ -114.0399, 41.75378 ], [ -114.03997, 41.62492 ], [ -114.04044, 41.61538 ], [ -114.04044, 41.61483 ], [ -114.04094, 41.49992 ], [ -114.04023, 41.49169 ], [ -114.0414, 41.21996 ], [ -114.04255, 41.21092 ], [ -114.04145, 41.20775 ], [ -114.04215, 40.99993 ], [ -114.04215, 40.9999 ], [ -114.04318, 40.77168 ], [ -114.0438, 40.75921 ], [ -114.04383, 40.75867 ], [ -114.0435, 40.72629 ], [ -114.04528, 40.50659 ], [ -114.04558, 40.4958 ], [ -114.04552, 40.49447 ], [ -114.04522, 40.43028 ], [ -114.04583, 40.42482 ], [ -114.04618, 40.39831 ], [ -114.04615, 40.23197 ], [ -114.04668, 40.11694 ], [ -114.04674, 40.10423 ], [ -114.04639, 40.0979 ], [ -114.04684, 40.03013 ], [ -114.04655, 39.9969 ], [ -114.04713, 39.9061 ], [ -114.04713, 39.90604 ], [ -114.04721, 39.82102 ], [ -114.04778, 39.79416 ], [ -114.04727, 39.75941 ], [ -114.04773, 39.54274 ], [ -114.04708, 39.49994 ], [ -114.0491, 39.00551 ], [ -114.04805, 38.87869 ], [ -114.04852, 38.8762 ], [ -114.04946, 38.87495 ], [ -114.04917, 38.74995 ], [ -114.04975, 38.72921 ], [ -114.04988, 38.67737 ], [ -114.05015, 38.57297 ], [ -114.05015, 38.57292 ], [ -114.04986, 38.54776 ], [ -114.04983, 38.54378 ], [ -114.05048, 38.49995 ], [ -114.05009, 38.40467 ], [ -114.05012, 38.40454 ], [ -114.04942, 38.2647 ], [ -114.05014, 38.24996 ], [ -114.0499, 38.14876 ], [ -114.0499, 38.1486 ], [ -114.05042, 37.99996 ], [ -114.04966, 37.88137 ], [ -114.04993, 37.85251 ], [ -114.04968, 37.82364 ], [ -114.04847, 37.80986 ], [ -114.04992, 37.76559 ], [ -114.05111, 37.75628 ], [ -114.05167, 37.74696 ], [ -114.05178, 37.74625 ], [ -114.05173, 37.746 ], [ -114.05247, 37.60478 ], [ -114.05296, 37.59278 ], [ -114.05274, 37.53103 ], [ -114.05269, 37.51786 ], [ -114.05272, 37.51726 ], [ -114.05269, 37.50309 ], [ -114.05268, 37.50251 ], [ -114.0527, 37.49201 ], [ -114.05262, 37.47234 ], [ -114.05245, 37.43144 ], [ -114.05177, 37.41808 ], [ -114.05193, 37.37073 ], [ -114.05193, 37.37046 ], [ -114.0518, 37.29355 ], [ -114.0518, 37.29304 ], [ -114.05197, 37.28451 ], [ -114.05197, 37.28385 ], [ -114.05141, 37.23385 ], [ -114.05167, 37.17237 ], [ -114.05218, 37.14711 ], [ -114.05187, 37.13429 ], [ -114.05283, 37.10396 ], [ -114.05182, 37.09098 ], [ -114.05175, 37.08843 ], [ -114.0506, 37.0004 ], [ -114.04999, 36.95777 ], [ -114.05062, 36.84314 ], [ -114.05062, 36.84313 ], [ -114.05061, 36.81778 ], [ -114.05056, 36.65626 ], [ -114.05017, 36.62498 ], [ -114.04966, 36.62111 ], [ -114.04848, 36.49998 ], [ -114.04649, 36.47345 ], [ -114.04583, 36.44297 ], [ -114.04581, 36.39107 ], [ -114.04758, 36.32557 ], [ -114.04694, 36.31545 ], [ -114.04851, 36.2896 ], [ -114.04823, 36.26887 ], [ -114.04711, 36.25059 ], [ -114.04674, 36.24525 ], [ -114.04684, 36.19407 ], [ -114.0603, 36.18936 ], [ -114.06803, 36.18066 ], [ -114.08895, 36.14438 ], [ -114.09987, 36.12165 ], [ -114.10322, 36.12018 ], [ -114.11101, 36.11988 ], [ -114.12086, 36.1146 ], [ -114.12314, 36.11158 ], [ -114.12398, 36.10652 ], [ -114.12322, 36.10475 ], [ -114.11746, 36.10089 ], [ -114.11416, 36.09698 ], [ -114.11453, 36.09522 ], [ -114.1369, 36.05947 ], [ -114.1382, 36.05316 ], [ -114.13719, 36.04678 ], [ -114.1382, 36.04128 ], [ -114.14819, 36.02801 ], [ -114.15172, 36.02456 ], [ -114.15413, 36.02386 ], [ -114.16647, 36.02774 ], [ -114.17682, 36.02765 ], [ -114.19238, 36.02099 ], [ -114.21369, 36.01561 ], [ -114.23329, 36.01429 ], [ -114.2388, 36.01456 ], [ -114.25265, 36.02019 ], [ -114.26315, 36.02594 ], [ -114.26672, 36.02924 ], [ -114.27065, 36.03572 ], [ -114.2802, 36.04636 ], [ -114.31403, 36.05817 ], [ -114.31556, 36.05949 ], [ -114.31611, 36.06311 ], [ -114.31421, 36.06662 ], [ -114.30788, 36.07129 ], [ -114.30574, 36.07488 ], [ -114.30843, 36.08244 ], [ -114.32878, 36.1055 ], [ -114.33727, 36.10802 ], [ -114.36311, 36.13025 ], [ -114.37211, 36.14311 ], [ -114.37536, 36.14353 ], [ -114.40547, 36.14737 ], [ -114.41237, 36.14725 ], [ -114.41695, 36.14576 ], [ -114.42717, 36.13631 ], [ -114.44661, 36.12597 ], [ -114.44865, 36.12641 ], [ -114.45333, 36.13073 ], [ -114.45837, 36.13859 ], [ -114.46364, 36.1397 ], [ -114.47015, 36.1388 ], [ -114.48703, 36.1294 ], [ -114.49612, 36.12785 ], [ -114.50217, 36.1288 ], [ -114.50444, 36.12974 ], [ -114.50577, 36.13144 ], [ -114.50614, 36.13466 ], [ -114.50539, 36.1375 ], [ -114.50482, 36.14241 ], [ -114.50463, 36.14563 ], [ -114.50671, 36.14828 ], [ -114.51172, 36.15096 ], [ -114.54579, 36.15225 ], [ -114.57203, 36.15161 ], [ -114.59721, 36.1421 ], [ -114.60826, 36.13395 ], [ -114.61669, 36.1301 ], [ -114.62188, 36.13213 ], [ -114.62785, 36.14101 ], [ -114.63172, 36.14231 ], [ -114.65995, 36.12414 ], [ -114.66289, 36.11993 ], [ -114.66654, 36.11734 ], [ -114.70977, 36.10774 ], [ -114.71729, 36.10769 ], [ -114.73616, 36.10437 ], [ -114.74708, 36.09701 ], [ -114.75364, 36.0907 ], [ -114.75562, 36.08717 ], [ -114.75549, 36.0816 ], [ -114.7541, 36.07944 ], [ -114.74334, 36.07053 ], [ -114.74055, 36.06579 ], [ -114.73625, 36.05847 ], [ -114.73674, 36.05435 ], [ -114.74038, 36.04926 ], [ -114.74038, 36.04368 ], [ -114.74062, 36.04102 ], [ -114.73941, 36.03786 ], [ -114.73431, 36.03568 ], [ -114.73043, 36.03132 ], [ -114.72971, 36.02817 ], [ -114.73116, 36.02186 ], [ -114.73735, 36.01623 ], [ -114.74052, 36.01334 ], [ -114.74278, 36.00996 ], [ -114.74324, 36.00653 ], [ -114.74376, 35.9851 ], [ -114.74059, 35.97566 ], [ -114.72994, 35.96218 ], [ -114.72832, 35.95629 ], [ -114.73116, 35.94392 ], [ -114.72936, 35.94141 ], [ -114.71569, 35.93471 ], [ -114.70753, 35.92806 ], [ -114.70852, 35.91231 ], [ -114.70027, 35.90177 ], [ -114.66719, 35.87479 ], [ -114.66969, 35.86508 ], [ -114.68201, 35.86328 ], [ -114.69777, 35.85484 ], [ -114.69985, 35.84837 ], [ -114.69985, 35.84328 ], [ -114.69641, 35.83378 ], [ -114.69571, 35.8306 ], [ -114.70371, 35.81459 ], [ -114.70991, 35.81018 ], [ -114.71211, 35.80618 ], [ -114.69891, 35.79019 ], [ -114.70141, 35.76909 ], [ -114.69571, 35.75599 ], [ -114.69731, 35.73369 ], [ -114.70531, 35.71159 ], [ -114.70541, 35.70829 ], [ -114.70121, 35.70119 ], [ -114.69411, 35.69519 ], [ -114.68321, 35.68939 ], [ -114.68061, 35.68549 ], [ -114.68221, 35.67819 ], [ -114.69001, 35.66469 ], [ -114.68941, 35.65141 ], [ -114.67711, 35.64149 ], [ -114.65821, 35.61909 ], [ -114.65341, 35.61079 ], [ -114.65431, 35.59759 ], [ -114.65917, 35.58832 ], [ -114.65961, 35.58749 ], [ -114.66565, 35.58043 ], [ -114.66618, 35.57758 ], [ -114.663, 35.56369 ], [ -114.662, 35.54549 ], [ -114.66021, 35.53929 ], [ -114.6574, 35.53639 ], [ -114.6569, 35.53439 ], [ -114.65801, 35.53049 ], [ -114.66311, 35.52449 ], [ -114.67381, 35.51789 ], [ -114.67721, 35.51349 ], [ -114.67895, 35.50174 ], [ -114.6792, 35.49999 ], [ -114.67764, 35.48974 ], [ -114.6729, 35.48171 ], [ -114.66638, 35.46686 ], [ -114.6645, 35.4495 ], [ -114.66213, 35.44424 ], [ -114.65201, 35.42916 ], [ -114.62714, 35.4095 ], [ -114.61144, 35.36906 ], [ -114.60431, 35.35358 ], [ -114.59593, 35.32523 ], [ -114.5975, 35.29695 ], [ -114.58713, 35.26238 ], [ -114.58311, 35.23809 ], [ -114.58356, 35.22993 ], [ -114.57996, 35.20964 ], [ -114.57483, 35.2059 ], [ -114.57212, 35.20059 ], [ -114.57194, 35.19953 ], [ -114.57193, 35.19948 ], [ -114.56924, 35.18348 ], [ -114.56942, 35.1722 ], [ -114.56957, 35.16305 ], [ -114.57275, 35.13873 ], [ -114.57852, 35.12875 ], [ -114.58213, 35.12679 ], [ -114.58774, 35.12373 ], [ -114.59912, 35.12105 ], [ -114.61298, 35.12144 ], [ -114.61991, 35.12163 ], [ -114.62206, 35.12091 ], [ -114.62993, 35.11827 ], [ -114.6349, 35.11401 ], [ -114.64435, 35.1059 ], [ -114.64676, 35.10187 ], [ -114.64361, 35.09757 ], [ -114.64283, 35.0965 ], [ -114.63556, 35.09371 ], [ -114.62252, 35.0887 ], [ -114.61313, 35.0831 ], [ -114.60474, 35.07483 ], [ -114.60291, 35.06859 ], [ -114.60362, 35.06423 ], [ -114.60669, 35.05894 ], [ -114.61725, 35.05159 ], [ -114.62712, 35.04472 ], [ -114.63243, 35.03759 ], [ -114.63689, 35.02837 ], [ -114.63802, 35.02056 ], [ -114.63667, 35.00881 ], [ -114.63349, 35.00186 ], [ -114.80425, 35.13969 ], [ -114.80503, 35.14028 ], [ -114.84928, 35.17586 ], [ -114.8493, 35.17587 ], [ -114.92538, 35.23704 ], [ -114.92548, 35.23705 ], [ -114.94222, 35.24999 ], [ -114.94818, 35.25481 ], [ -115.04381, 35.33201 ], [ -115.09802, 35.37499 ], [ -115.10288, 35.37937 ], [ -115.12582, 35.39694 ], [ -115.14581, 35.41318 ], [ -115.14679, 35.41366 ], [ -115.16007, 35.42413 ], [ -115.1606, 35.42431 ], [ -115.27134, 35.51266 ], [ -115.30374, 35.53821 ], [ -115.39152, 35.60726 ], [ -115.39154, 35.60727 ], [ -115.394, 35.60934 ], [ -115.40454, 35.6176 ], [ -115.40608, 35.61861 ], [ -115.41291, 35.62498 ], [ -115.50083, 35.69338 ], [ -115.62584, 35.79201 ], [ -115.62739, 35.79385 ], [ -115.6472, 35.809 ], [ -115.64768, 35.80936 ], [ -115.64802, 35.80963 ], [ -115.669, 35.82652 ], [ -115.6893, 35.842 ], [ -115.75084, 35.88929 ], [ -115.84598, 35.96421 ], [ -115.85291, 35.96966 ], [ -115.89298, 35.99997 ], [ -115.91286, 36.01536 ], [ -115.96251, 36.05394 ], [ -116.0936, 36.15581 ], [ -116.09722, 36.15835 ], [ -116.10856, 36.1671 ], [ -116.12208, 36.17754 ], [ -116.14076, 36.19196 ], [ -116.25087, 36.27698 ], [ -116.37587, 36.37256 ], [ -116.38034, 36.37495 ], [ -116.48823, 36.4591 ], [ -116.50088, 36.46822 ], [ -116.54198, 36.49995 ], [ -117.00089, 36.84769 ], [ -117.06673, 36.89635 ], [ -117.13197, 36.94578 ], [ -117.166, 36.97122 ], [ -117.24492, 37.03024 ], [ -117.26605, 37.04491 ], [ -117.28605, 37.05983 ], [ -117.37591, 37.12684 ], [ -117.50012, 37.22038 ], [ -117.50091, 37.22028 ], [ -117.54089, 37.24993 ], [ -117.58142, 37.27894 ], [ -117.68061, 37.3534 ], [ -117.71236, 37.37493 ], [ -117.83273, 37.46493 ], [ -117.87593, 37.49727 ], [ -117.90462, 37.51584 ], [ -117.97578, 37.56929 ], [ -118.03985, 37.61525 ], [ -118.0398, 37.61527 ], [ -118.05219, 37.62493 ], [ -118.25095, 37.76862 ], [ -118.4278, 37.89623 ], [ -118.50096, 37.94902 ], [ -118.57196, 37.99993 ], [ -118.62159, 38.03439 ], [ -118.71431, 38.10218 ], [ -118.7466, 38.12493 ], [ -118.77187, 38.14187 ], [ -118.79771, 38.16052 ], [ -118.85909, 38.20481 ], [ -118.92252, 38.24992 ], [ -118.94967, 38.26894 ], [ -119.00097, 38.30367 ], [ -119.03008, 38.32518 ], [ -119.08236, 38.36127 ], [ -119.09716, 38.37285 ], [ -119.12598, 38.39317 ], [ -119.15557, 38.41376 ], [ -119.23497, 38.469 ], [ -119.25099, 38.48078 ], [ -119.27926, 38.49991 ], [ -119.33006, 38.53595 ], [ -119.33342, 38.53833 ], [ -119.37012, 38.56328 ], [ -119.37599, 38.56679 ], [ -119.45062, 38.61997 ], [ -119.45061, 38.61996 ], [ -119.49402, 38.64973 ], [ -119.49418, 38.64985 ], [ -119.54853, 38.68759 ], [ -119.58544, 38.71321 ], [ -119.58707, 38.71435 ], [ -119.58768, 38.71473 ], [ -119.77916, 38.84693 ], [ -119.9006, 38.93076 ], [ -119.90431, 38.93332 ], [ -119.91462, 38.94039 ], [ -119.93876, 38.95692 ], [ -119.94207, 38.95919 ], [ -119.95129, 38.96551 ], [ -119.95137, 38.96556 ], [ -120.00101, 38.99957 ], [ -120.00246, 39.06749 ], [ -120.0034, 39.11269 ], [ -120.0045, 39.1656 ], [ -120.00567, 39.22178 ], [ -120.00569, 39.22261 ], [ -120.00575, 39.22521 ], [ -120.00574, 39.22866 ] ] ] } },
{ "type": "Feature", "properties": { "STATEFP": "35", "GEOID": "35", "STUSPS": "NM", "NAME": "New Mexico" }, "geometry": { "type": "Polygon", "coordinates": [ [ [ -109.05017, 31.48 ], [ -109.04984, 31.49951 ], [ -109.04981, 31.49953 ], [ -109.04911, 31.6366 ], [ -109.04919, 31.79655 ], [ -109.04876, 31.81078 ], [ -109.04911, 31.84371 ], [ -109.04877, 31.86138 ], [ -109.04859, 31.87079 ], [ -109.0486, 32.01364 ], [ -109.0486, 32.01365 ], [ -109.04873, 32.02817 ], [ -109.0483, 32.08409 ], [ -109.04829, 32.08911 ], [ -109.04761, 32.42638 ], [ -109.04765, 32.68138 ], [ -109.04765, 32.68633 ], [ -109.04765, 32.68999 ], [ -109.04764, 32.69344 ], [ -109.04712, 32.77757 ], [ -109.04712, 32.77779 ], [ -109.04748, 33.06842 ], [ -109.04745, 33.06943 ], [ -109.0469, 33.09193 ], [ -109.04701, 33.09292 ], [ -109.04705, 33.10739 ], [ -109.04712, 33.13756 ], [ -109.04712, 33.13799 ], [ -109.04724, 33.20889 ], [ -109.04724, 33.20896 ], [ -109.04747, 33.25006 ], [ -109.04683, 33.36527 ], [ -109.04691, 33.36557 ], [ -109.04704, 33.36928 ], [ -109.04687, 33.37265 ], [ -109.04656, 33.37506 ], [ -109.0473, 33.40978 ], [ -109.04666, 33.62506 ], [ -109.04715, 33.74001 ], [ -109.04695, 33.77741 ], [ -109.04643, 33.87505 ], [ -109.04681, 33.95676 ], [ -109.04701, 34.00005 ], [ -109.04674, 34.16694 ], [ -109.04625, 34.47829 ], [ -109.04618, 34.52239 ], [ -109.04618, 34.52255 ], [ -109.04616, 34.57929 ], [ -109.04609, 34.77102 ], [ -109.04536, 34.78541 ], [ -109.0461, 34.79998 ], [ -109.04562, 34.81423 ], [ -109.04607, 34.82857 ], [ -109.046, 34.87058 ], [ -109.04594, 34.90416 ], [ -109.04585, 34.95972 ], [ -109.04585, 34.95982 ], [ -109.04602, 35.17551 ], [ -109.04606, 35.21436 ], [ -109.04608, 35.25003 ], [ -109.04659, 35.33048 ], [ -109.04679, 35.36258 ], [ -109.0468, 35.36361 ], [ -109.04648, 35.54633 ], [ -109.04651, 35.54644 ], [ -109.0463, 35.61425 ], [ -109.0463, 35.61652 ], [ -109.04625, 35.65958 ], [ -109.04625, 35.6607 ], [ -109.04621, 35.69519 ], [ -109.04608, 35.82873 ], [ -109.04602, 35.8798 ], [ -109.04605, 35.88872 ], [ -109.04605, 35.90932 ], [ -109.04605, 35.92586 ], [ -109.04601, 35.9259 ], [ -109.04597, 36.00234 ], [ -109.04597, 36.0027 ], [ -109.04573, 36.11703 ], [ -109.0459, 36.14099 ], [ -109.0459, 36.14159 ], [ -109.04618, 36.18175 ], [ -109.046, 36.25713 ], [ -109.04543, 36.5 ], [ -109.04543, 36.76912 ], [ -109.04543, 36.87459 ], [ -109.04541, 36.875 ], [ -109.04527, 36.96887 ], [ -109.04524, 36.96949 ], [ -109.04522, 36.99908 ], [ -108.95887, 36.99891 ], [ -108.9544, 36.99891 ], [ -108.62031, 36.99929 ], [ -108.61969, 36.99925 ], [ -108.53641, 36.99932 ], [ -108.3793, 36.99946 ], [ -108.32072, 36.99951 ], [ -108.32046, 36.9995 ], [ -108.2884, 36.99952 ], [ -108.28809, 36.99956 ], [ -108.25064, 36.99956 ], [ -108.24936, 36.99901 ], [ -108.04737, 36.99982 ], [ -108.00062, 37.0 ], [ -107.78058, 37.0 ], [ -107.7124, 37.0 ], [ -107.48174, 37.0 ], [ -107.42091, 37.00001 ], [ -106.98551, 37.00011 ], [ -106.9636, 37.00012 ], [ -106.87729, 37.00014 ], [ -106.8698, 36.99243 ], [ -106.78188, 36.99245 ], [ -106.75059, 36.99246 ], [ -106.67563, 36.99312 ], [ -106.66134, 36.99324 ], [ -106.62873, 36.99316 ], [ -106.62865, 36.99318 ], [ -106.61713, 36.993 ], [ -106.61716, 36.99297 ], [ -106.50059, 36.99377 ], [ -106.47628, 36.99384 ], [ -106.41205, 36.99403 ], [ -106.34314, 36.99423 ], [ -106.29328, 36.99389 ], [ -106.24868, 36.99429 ], [ -106.2477, 36.99427 ], [ -106.20147, 36.99412 ], [ -106.10001, 36.99476 ], [ -106.00663, 36.99534 ], [ -106.00632, 36.99535 ], [ -105.99747, 36.99542 ], [ -105.99616, 36.99542 ], [ -105.71847, 36.99585 ], [ -105.71647, 36.99585 ], [ -105.66472, 36.99587 ], [ -105.62747, 36.99568 ], [ -105.53392, 36.99587 ], [ -105.52232, 36.99582 ], [ -105.51248, 36.99578 ], [ -105.50884, 36.99589 ], [ -105.46518, 36.99599 ], [ -105.44725, 36.99602 ], [ -105.44246, 36.99599 ], [ -105.41931, 36.99586 ], [ -105.2513, 36.9956 ], [ -105.22061, 36.99517 ], [ -105.22051, 36.99517 ], [ -105.15504, 36.99534 ], [ -105.13645, 36.99539 ], [ -105.1208, 36.99543 ], [ -105.02923, 36.99273 ], [ -105.00055, 36.99326 ], [ -104.73212, 36.99348 ], [ -104.73203, 36.99345 ], [ -104.64503, 36.99338 ], [ -104.62555, 36.9936 ], [ -104.62456, 36.99438 ], [ -104.51926, 36.99377 ], [ -104.48059, 36.99372 ], [ -104.48058, 36.99372 ], [ -104.43399, 36.99366 ], [ -104.33883, 36.99354 ], [ -104.25054, 36.99464 ], [ -104.00786, 36.99624 ], [ -103.73436, 36.99804 ], [ -103.73325, 36.99802 ], [ -103.15592, 37.00023 ], [ -103.0861, 37.00017 ], [ -103.0022, 37.0001 ], [ -103.00225, 36.91159 ], [ -103.00196, 36.90957 ], [ -103.0022, 36.71943 ], [ -103.00252, 36.67519 ], [ -103.00225, 36.61718 ], [ -103.00219, 36.60272 ], [ -103.00257, 36.52659 ], [ -103.00243, 36.5004 ], [ -103.04192, 36.50044 ], [ -103.04175, 36.31827 ], [ -103.04167, 36.31753 ], [ -103.04082, 36.05523 ], [ -103.0413, 35.83769 ], [ -103.04219, 35.82522 ], [ -103.04172, 35.81407 ], [ -103.04192, 35.79644 ], [ -103.04115, 35.79158 ], [ -103.04127, 35.73943 ], [ -103.04155, 35.62249 ], [ -103.04237, 35.25006 ], [ -103.04278, 35.24124 ], [ -103.0425, 35.21186 ], [ -103.04238, 35.18315 ], [ -103.04237, 35.18279 ], [ -103.04234, 35.18192 ], [ -103.04239, 35.17857 ], [ -103.04257, 35.15932 ], [ -103.04271, 35.14473 ], [ -103.0426, 35.14277 ], [ -103.04252, 35.1356 ], [ -103.04326, 35.12506 ], [ -103.04264, 35.10991 ], [ -103.04255, 34.95414 ], [ -103.04252, 34.89955 ], [ -103.04278, 34.85024 ], [ -103.04277, 34.79222 ], [ -103.04277, 34.74736 ], [ -103.04283, 34.67119 ], [ -103.04329, 34.6531 ], [ -103.04328, 34.65177 ], [ -103.04307, 34.61978 ], [ -103.04359, 34.46266 ], [ -103.04359, 34.45977 ], [ -103.04359, 34.45966 ], [ -103.04358, 34.45566 ], [ -103.04355, 34.41906 ], [ -103.04354, 34.40546 ], [ -103.04358, 34.40068 ], [ -103.04361, 34.39711 ], [ -103.04358, 34.39372 ], [ -103.04361, 34.39044 ], [ -103.04361, 34.38868 ], [ -103.04361, 34.38497 ], [ -103.04363, 34.38469 ], [ -103.04369, 34.38358 ], [ -103.04392, 34.38092 ], [ -103.04394, 34.37966 ], [ -103.04395, 34.37956 ], [ -103.04398, 34.31276 ], [ -103.04398, 34.31275 ], [ -103.04394, 34.30265 ], [ -103.04394, 34.30259 ], [ -103.04372, 34.28944 ], [ -103.04364, 34.2569 ], [ -103.04357, 34.08795 ], [ -103.04352, 34.07938 ], [ -103.04369, 34.06308 ], [ -103.04374, 34.04999 ], [ -103.04377, 34.04355 ], [ -103.04372, 34.04232 ], [ -103.04377, 34.04154 ], [ -103.04375, 34.03729 ], [ -103.04355, 34.03271 ], [ -103.04353, 34.01801 ], [ -103.04362, 34.00363 ], [ -103.04395, 33.97463 ], [ -103.04489, 33.94562 ], [ -103.0457, 33.9063 ], [ -103.04564, 33.90154 ], [ -103.04691, 33.8503 ], [ -103.04735, 33.82467 ], [ -103.0491, 33.74627 ], [ -103.04961, 33.73777 ], [ -103.05015, 33.70197 ], [ -103.05053, 33.67241 ], [ -103.05109, 33.65819 ], [ -103.05154, 33.65049 ], [ -103.05136, 33.64195 ], [ -103.05166, 33.62949 ], [ -103.05261, 33.5706 ], [ -103.05261, 33.57057 ], [ -103.05666, 33.38844 ], [ -103.05666, 33.38842 ], [ -103.05749, 33.32948 ], [ -103.05786, 33.31523 ], [ -103.05924, 33.26037 ], [ -103.05972, 33.25626 ], [ -103.0601, 33.21923 ], [ -103.06339, 33.06622 ], [ -103.06391, 33.04205 ], [ -103.06398, 33.03869 ], [ -103.06445, 33.01029 ], [ -103.06463, 32.9999 ], [ -103.06468, 32.96437 ], [ -103.06466, 32.9591 ], [ -103.06457, 32.90001 ], [ -103.06457, 32.89988 ], [ -103.0647, 32.87935 ], [ -103.06486, 32.86835 ], [ -103.06481, 32.8577 ], [ -103.06492, 32.85726 ], [ -103.06489, 32.84936 ], [ -103.06467, 32.82847 ], [ -103.0647, 32.82753 ], [ -103.06471, 32.78459 ], [ -103.0647, 32.7836 ], [ -103.06481, 32.7773 ], [ -103.06483, 32.72695 ], [ -103.06483, 32.72663 ], [ -103.06481, 32.71382 ], [ -103.0648, 32.70869 ], [ -103.0648, 32.69076 ], [ -103.06486, 32.68265 ], [ -103.06463, 32.64642 ], [ -103.06481, 32.62454 ], [ -103.06476, 32.60186 ], [ -103.06479, 32.6004 ], [ -103.06476, 32.58798 ], [ -103.06474, 32.56221 ], [ -103.0647, 32.52219 ], [ -103.06456, 32.33465 ], [ -103.06442, 32.14501 ], [ -103.06435, 32.12304 ], [ -103.06434, 32.08705 ], [ -103.06442, 32.00052 ], [ -103.08588, 32.00046 ], [ -103.0887, 32.00045 ], [ -103.21564, 32.00051 ], [ -103.26763, 32.00048 ], [ -103.26771, 32.00032 ], [ -103.27038, 32.00033 ], [ -103.27852, 32.00042 ], [ -103.3265, 32.00037 ], [ -103.72288, 32.00021 ], [ -103.74832, 32.0002 ], [ -103.87548, 32.00055 ], [ -103.98018, 32.00012 ], [ -104.02452, 32.00001 ], [ -104.32964, 32.00007 ], [ -104.53176, 32.00012 ], [ -104.53194, 32.00031 ], [ -104.64092, 32.0004 ], [ -104.64353, 32.00044 ], [ -104.84774, 32.00048 ], [ -104.91827, 32.0005 ], [ -104.91836, 32.0005 ], [ -105.07705, 32.00058 ], [ -105.0786, 32.00053 ], [ -105.11804, 32.00048 ], [ -105.13138, 32.00052 ], [ -105.13292, 32.00052 ], [ -105.14824, 32.00048 ], [ -105.15031, 32.0005 ], [ -105.15399, 32.0005 ], [ -105.3904, 32.00061 ], [ -105.42705, 32.00064 ], [ -105.42858, 32.0006 ], [ -105.42928, 32.00058 ], [ -105.73136, 32.00156 ], [ -105.75053, 32.00221 ], [ -105.85406, 32.00235 ], [ -105.88616, 32.00197 ], [ -105.9006, 32.0021 ], [ -105.998, 32.00233 ], [ -106.09974, 32.00249 ], [ -106.12553, 32.00253 ], [ -106.18184, 32.00205 ], [ -106.2007, 32.00178 ], [ -106.20592, 32.00176 ], [ -106.31331, 32.00151 ], [ -106.32347, 32.00146 ], [ -106.37686, 32.00117 ], [ -106.37718, 32.00118 ], [ -106.3943, 32.00148 ], [ -106.40896, 32.00141 ], [ -106.44392, 32.00124 ], [ -106.46279, 32.00114 ], [ -106.48114, 32.00105 ], [ -106.51399, 32.00093 ], [ -106.5643, 32.00075 ], [ -106.58264, 32.00072 ], [ -106.58264, 32.00072 ], [ -106.59694, 32.0007 ], [ -106.59859, 32.00068 ], [ -106.61849, 32.0005 ], [ -106.61858, 31.99992 ], [ -106.61945, 31.99473 ], [ -106.62357, 31.991 ], [ -106.62851, 31.99023 ], [ -106.6294, 31.99009 ], [ -106.63118, 31.98981 ], [ -106.63649, 31.98572 ], [ -106.63953, 31.98035 ], [ -106.63819, 31.97682 ], [ -106.63011, 31.97126 ], [ -106.62319, 31.97292 ], [ -106.61937, 31.96478 ], [ -106.62213, 31.961 ], [ -106.62136, 31.95741 ], [ -106.61771, 31.95601 ], [ -106.61437, 31.95275 ], [ -106.61525, 31.94897 ], [ -106.62241, 31.941 ], [ -106.62194, 31.93613 ], [ -106.62397, 31.931 ], [ -106.62109, 31.92709 ], [ -106.61244, 31.921 ], [ -106.61206, 31.91866 ], [ -106.61833, 31.91576 ], [ -106.62595, 31.91223 ], [ -106.63367, 31.90979 ], [ -106.64084, 31.9046 ], [ -106.64548, 31.89867 ], [ -106.6453, 31.89486 ], [ -106.6429, 31.89293 ], [ -106.63815, 31.89166 ], [ -106.63069, 31.88641 ], [ -106.63037, 31.88583 ], [ -106.6292, 31.88372 ], [ -106.63187, 31.87937 ], [ -106.63487, 31.87448 ], [ -106.63588, 31.87151 ], [ -106.63593, 31.86623 ], [ -106.62781, 31.86059 ], [ -106.62576, 31.85628 ], [ -106.62186, 31.85285 ], [ -106.61464, 31.84649 ], [ -106.60585, 31.84631 ], [ -106.60575, 31.84624 ], [ -106.60524, 31.8459 ], [ -106.60205, 31.8444 ], [ -106.60195, 31.8396 ], [ -106.60527, 31.82791 ], [ -106.60273, 31.82502 ], [ -106.60123, 31.825 ], [ -106.59383, 31.8249 ], [ -106.58904, 31.82271 ], [ -106.58804, 31.82211 ], [ -106.58214, 31.81551 ], [ -106.58134, 31.81391 ], [ -106.57724, 31.81041 ], [ -106.57094, 31.81021 ], [ -106.56684, 31.81331 ], [ -106.56344, 31.81261 ], [ -106.56294, 31.8111 ], [ -106.55844, 31.81041 ], [ -106.55083, 31.80832 ], [ -106.54853, 31.80769 ], [ -106.54714, 31.8073 ], [ -106.54534, 31.80501 ], [ -106.54471, 31.80429 ], [ -106.54214, 31.80211 ], [ -106.5421, 31.80215 ], [ -106.53846, 31.80009 ], [ -106.53584, 31.79861 ], [ -106.53534, 31.79751 ], [ -106.53515, 31.79709 ], [ -106.53474, 31.79611 ], [ -106.53304, 31.79191 ], [ -106.533, 31.79183 ], [ -106.53248, 31.79191 ], [ -106.53051, 31.7921 ], [ -106.52794, 31.79051 ], [ -106.52774, 31.78976 ], [ -106.52762, 31.78912 ], [ -106.528, 31.78694 ], [ -106.52812, 31.78498 ], [ -106.52824, 31.78315 ], [ -106.53173, 31.78391 ], [ -106.56931, 31.78387 ], [ -106.75055, 31.78371 ], [ -106.75055, 31.7839 ], [ -106.99354, 31.78369 ], [ -106.99823, 31.78367 ], [ -107.00056, 31.78368 ], [ -107.00056, 31.78351 ], [ -107.29679, 31.78376 ], [ -107.29682, 31.78376 ], [ -107.42225, 31.7836 ], [ -107.42249, 31.7836 ], [ -107.62794, 31.78371 ], [ -107.64113, 31.78372 ], [ -107.84835, 31.78363 ], [ -107.86586, 31.78363 ], [ -107.89307, 31.78362 ], [ -108.05135, 31.78359 ], [ -108.20839, 31.7836 ], [ -108.20809, 31.61349 ], [ -108.20852, 31.4998 ], [ -108.20857, 31.49974 ], [ -108.20857, 31.33339 ], [ -108.47535, 31.33344 ], [ -108.70766, 31.33319 ], [ -108.78871, 31.33236 ], [ -108.85111, 31.3323 ], [ -108.86103, 31.33232 ], [ -109.05004, 31.3325 ], [ -109.05017, 31.48 ] ] ] } },
{ "type": "Feature", "properties": { "STATEFP": "41", "GEOID": "41", "STUSPS": "OR", "NAME": "Oregon" }, "geometry": { "type": "Polygon", "coordinates": [ [ [ -124.55244, 42.84057 ], [ -124.50014, 42.9175 ], [ -124.48094, 42.9515 ], [ -124.47964, 42.95433 ], [ -124.46262, 42.99143 ], [ -124.45692, 43.00032 ], [ -124.4362, 43.07131 ], [ -124.43301, 43.09232 ], [ -124.43224, 43.09738 ], [ -124.43445, 43.11599 ], [ -124.4276, 43.1232 ], [ -124.42411, 43.12686 ], [ -124.41763, 43.14368 ], [ -124.40173, 43.1849 ], [ -124.3953, 43.2111 ], [ -124.39531, 43.21125 ], [ -124.39561, 43.22391 ], [ -124.38246, 43.27017 ], [ -124.38889, 43.29052 ], [ -124.39399, 43.29926 ], [ -124.4004, 43.30212 ], [ -124.40281, 43.30587 ], [ -124.38764, 43.32597 ], [ -124.37304, 43.33895 ], [ -124.35333, 43.34267 ], [ -124.34159, 43.35134 ], [ -124.31501, 43.38839 ], [ -124.2869, 43.4363 ], [ -124.27822, 43.45456 ], [ -124.25561, 43.50217 ], [ -124.23353, 43.55713 ], [ -124.23203, 43.5626 ], [ -124.21871, 43.61093 ], [ -124.20303, 43.66783 ], [ -124.20377, 43.67028 ], [ -124.20489, 43.67398 ], [ -124.19827, 43.68948 ], [ -124.19346, 43.70609 ], [ -124.16839, 43.8089 ], [ -124.15865, 43.86372 ], [ -124.15027, 43.91085 ], [ -124.1427, 43.95818 ], [ -124.13814, 43.9969 ], [ -124.13577, 44.01701 ], [ -124.13355, 44.03585 ], [ -124.12429, 44.09284 ], [ -124.12241, 44.10444 ], [ -124.12582, 44.12613 ], [ -124.11701, 44.17191 ], [ -124.11442, 44.19816 ], [ -124.11567, 44.20655 ], [ -124.11105, 44.23507 ], [ -124.10895, 44.26548 ], [ -124.10974, 44.2706 ], [ -124.11487, 44.27272 ], [ -124.11595, 44.27464 ], [ -124.11585, 44.27623 ], [ -124.1152, 44.28649 ], [ -124.10907, 44.30371 ], [ -124.10809, 44.30993 ], [ -124.10956, 44.31455 ], [ -124.10059, 44.33193 ], [ -124.0921, 44.37039 ], [ -124.09186, 44.37178 ], [ -124.0844, 44.41561 ], [ -124.08374, 44.42314 ], [ -124.08211, 44.44152 ], [ -124.08206, 44.47817 ], [ -124.08443, 44.48693 ], [ -124.0836, 44.50112 ], [ -124.07803, 44.52435 ], [ -124.07639, 44.53121 ], [ -124.06725, 44.60804 ], [ -124.06914, 44.61298 ], [ -124.06806, 44.61557 ], [ -124.0652, 44.62244 ], [ -124.06501, 44.6325 ], [ -124.06212, 44.64382 ], [ -124.05831, 44.65874 ], [ -124.05828, 44.65887 ], [ -124.06004, 44.66936 ], [ -124.07039, 44.68351 ], [ -124.06341, 44.70318 ], [ -124.05908, 44.73766 ], [ -124.06633, 44.76267 ], [ -124.07547, 44.7714 ], [ -124.0751, 44.77848 ], [ -124.07407, 44.79811 ], [ -124.06675, 44.83119 ], [ -124.06315, 44.83533 ], [ -124.05415, 44.83823 ], [ -124.04881, 44.85001 ], [ -124.0459, 44.85896 ], [ -124.0323, 44.90081 ], [ -124.02545, 44.92698 ], [ -124.02514, 44.92818 ], [ -124.02568, 44.93654 ], [ -124.02499, 44.94148 ], [ -124.02383, 44.94982 ], [ -124.01709, 44.97579 ], [ -124.01524, 44.9829 ], [ -124.01448, 44.98732 ], [ -124.0046, 45.04497 ], [ -124.00439, 45.0462 ], [ -124.00467, 45.04817 ], [ -124.00977, 45.04727 ], [ -124.01799, 45.04981 ], [ -124.01585, 45.06476 ], [ -124.01216, 45.07692 ], [ -124.00606, 45.08474 ], [ -124.00486, 45.08423 ], [ -123.98953, 45.09405 ], [ -123.97543, 45.14548 ], [ -123.97359, 45.15958 ], [ -123.96819, 45.20122 ], [ -123.96851, 45.20229 ], [ -123.97292, 45.21678 ], [ -123.96289, 45.28022 ], [ -123.96417, 45.31703 ], [ -123.9729, 45.33689 ], [ -123.97867, 45.33885 ], [ -124.00776, 45.33681 ], [ -124.00749, 45.33974 ], [ -123.97971, 45.34772 ], [ -123.97896, 45.34857 ], [ -123.9734, 45.35479 ], [ -123.97219, 45.35975 ], [ -123.96573, 45.38624 ], [ -123.96056, 45.43078 ], [ -123.96407, 45.44911 ], [ -123.97295, 45.46751 ], [ -123.97376, 45.47248 ], [ -123.97654, 45.48973 ], [ -123.97079, 45.49351 ], [ -123.96634, 45.49342 ], [ -123.95757, 45.5104 ], [ -123.94756, 45.56488 ], [ -123.95093, 45.56724 ], [ -123.95671, 45.5713 ], [ -123.95125, 45.58577 ], [ -123.94168, 45.64528 ], [ -123.93992, 45.65623 ], [ -123.939, 45.66192 ], [ -123.93921, 45.68382 ], [ -123.93945, 45.7088 ], [ -123.94104, 45.71668 ], [ -123.94312, 45.72703 ], [ -123.94603, 45.73325 ], [ -123.95409, 45.74175 ], [ -123.96856, 45.75702 ], [ -123.98258, 45.76181 ], [ -123.98186, 45.76828 ], [ -123.96946, 45.78237 ], [ -123.96935, 45.7831 ], [ -123.96154, 45.8371 ], [ -123.96274, 45.86997 ], [ -123.96763, 45.90781 ], [ -123.9795, 45.93039 ], [ -123.99304, 45.93884 ], [ -123.9937, 45.94643 ], [ -123.98291, 45.95676 ], [ -123.97929, 45.96023 ], [ -123.96999, 45.96914 ], [ -123.95744, 45.97447 ], [ -123.94183, 45.97566 ], [ -123.93747, 45.97731 ], [ -123.93642, 45.98085 ], [ -123.92789, 46.00956 ], [ -123.92793, 46.01047 ], [ -123.92933, 46.04198 ], [ -123.92998, 46.04679 ], [ -123.93337, 46.07167 ], [ -123.94753, 46.11613 ], [ -123.95919, 46.14167 ], [ -123.96163, 46.1461 ], [ -123.97412, 46.1688 ], [ -123.99677, 46.20399 ], [ -124.01034, 46.22351 ], [ -124.0243, 46.22926 ], [ -124.01135, 46.23622 ], [ -124.002, 46.23732 ], [ -123.99805, 46.23533 ], [ -123.98887, 46.22715 ], [ -123.97294, 46.21268 ], [ -123.95015, 46.2041 ], [ -123.92704, 46.19162 ], [ -123.91241, 46.17945 ], [ -123.9042, 46.16929 ], [ -123.89119, 46.16478 ], [ -123.85905, 46.15821 ], [ -123.8548, 46.15734 ], [ -123.84285, 46.16053 ], [ -123.84179, 46.16793 ], [ -123.84152, 46.16982 ], [ -123.86335, 46.18235 ], [ -123.86664, 46.18767 ], [ -123.86421, 46.18953 ], [ -123.84967, 46.19106 ], [ -123.8388, 46.19221 ], [ -123.82441, 46.19058 ], [ -123.82183, 46.19029 ], [ -123.79394, 46.19628 ], [ -123.7832, 46.19854 ], [ -123.77187, 46.20344 ], [ -123.76687, 46.20626 ], [ -123.76331, 46.21103 ], [ -123.75759, 46.213 ], [ -123.75047, 46.20805 ], [ -123.74577, 46.20479 ], [ -123.73573, 46.20126 ], [ -123.72779, 46.19656 ], [ -123.71815, 46.18899 ], [ -123.69343, 46.18981 ], [ -123.67418, 46.1982 ], [ -123.67538, 46.2124 ], [ -123.67383, 46.21542 ], [ -123.66675, 46.21823 ], [ -123.66087, 46.2163 ], [ -123.64423, 46.21317 ], [ -123.63235, 46.21317 ], [ -123.62644, 46.21416 ], [ -123.61951, 46.21531 ], [ -123.60196, 46.22475 ], [ -123.58621, 46.22865 ], [ -123.54819, 46.24824 ], [ -123.54766, 46.25911 ], [ -123.53809, 46.26061 ], [ -123.52639, 46.2634 ], [ -123.51619, 46.26615 ], [ -123.50124, 46.271 ], [ -123.47964, 46.26913 ], [ -123.47484, 46.26783 ], [ -123.46874, 46.26453 ], [ -123.44759, 46.24983 ], [ -123.42763, 46.22935 ], [ -123.43085, 46.18183 ], [ -123.37143, 46.14637 ], [ -123.36374, 46.14632 ], [ -123.33234, 46.14613 ], [ -123.30103, 46.14463 ], [ -123.28017, 46.14484 ], [ -123.25123, 46.15645 ], [ -123.2312, 46.16615 ], [ -123.21305, 46.17254 ], [ -123.16641, 46.18897 ], [ -123.1159, 46.18527 ], [ -123.10502, 46.17768 ], [ -123.05106, 46.1536 ], [ -123.0413, 46.14635 ], [ -123.03382, 46.14434 ], [ -123.02289, 46.13944 ], [ -123.02215, 46.13911 ], [ -123.00944, 46.13604 ], [ -123.00423, 46.13382 ], [ -122.96268, 46.10482 ], [ -122.90412, 46.08373 ], [ -122.88448, 46.06028 ], [ -122.88133, 46.04597 ], [ -122.87809, 46.03128 ], [ -122.87766, 46.03095 ], [ -122.85616, 46.01447 ], [ -122.83764, 45.98082 ], [ -122.83342, 45.97728 ], [ -122.814, 45.96098 ], [ -122.81222, 45.95446 ], [ -122.80619, 45.93242 ], [ -122.8112, 45.91386 ], [ -122.81151, 45.91273 ], [ -122.79809, 45.88433 ], [ -122.79468, 45.87998 ], [ -122.78503, 45.8677 ], [ -122.7853, 45.8581 ], [ -122.78552, 45.85054 ], [ -122.7857, 45.84422 ], [ -122.79596, 45.82502 ], [ -122.7956, 45.81 ], [ -122.77898, 45.79125 ], [ -122.77065, 45.78184 ], [ -122.76953, 45.78058 ], [ -122.76145, 45.75916 ], [ -122.76011, 45.73441 ], [ -122.76219, 45.72858 ], [ -122.77251, 45.69964 ], [ -122.77451, 45.68044 ], [ -122.76381, 45.65714 ], [ -122.76241, 45.65643 ], [ -122.73811, 45.64414 ], [ -122.71331, 45.63744 ], [ -122.69119, 45.62484 ], [ -122.69101, 45.62474 ], [ -122.67509, 45.61807 ], [ -122.67501, 45.61804 ], [ -122.64391, 45.60974 ], [ -122.60772, 45.6079 ], [ -122.60261, 45.60764 ], [ -122.58601, 45.60474 ], [ -122.58233, 45.6041 ], [ -122.58141, 45.60394 ], [ -122.54996, 45.59716 ], [ -122.54815, 45.59677 ], [ -122.54598, 45.59614 ], [ -122.52367, 45.58963 ], [ -122.50535, 45.58593 ], [ -122.49226, 45.58328 ], [ -122.47931, 45.57976 ], [ -122.47466, 45.57831 ], [ -122.47098, 45.57636 ], [ -122.45389, 45.56731 ], [ -122.43867, 45.56359 ], [ -122.41071, 45.56763 ], [ -122.40122, 45.5711 ], [ -122.3971, 45.5726 ], [ -122.3918, 45.57454 ], [ -122.3803, 45.57594 ], [ -122.37219, 45.57402 ], [ -122.3528, 45.56944 ], [ -122.3315, 45.54824 ], [ -122.2949, 45.54354 ], [ -122.2667, 45.54384 ], [ -122.26262, 45.54432 ], [ -122.24899, 45.54774 ], [ -122.24891, 45.54777 ], [ -122.2017, 45.56414 ], [ -122.1837, 45.5777 ], [ -122.14075, 45.58451 ], [ -122.12955, 45.58295 ], [ -122.12949, 45.58297 ], [ -122.1262, 45.58257 ], [ -122.1262, 45.58262 ], [ -122.11236, 45.58141 ], [ -122.10168, 45.58352 ], [ -122.04437, 45.60952 ], [ -122.02257, 45.61515 ], [ -122.00369, 45.61593 ], [ -121.98304, 45.62281 ], [ -121.9798, 45.62484 ], [ -121.96355, 45.63278 ], [ -121.95573, 45.64356 ], [ -121.95184, 45.64495 ], [ -121.93515, 45.64417 ], [ -121.92203, 45.64916 ], [ -121.90827, 45.6544 ], [ -121.90086, 45.66201 ], [ -121.9009, 45.66235 ], [ -121.90185, 45.67072 ], [ -121.86717, 45.69328 ], [ -121.85821, 45.69544 ], [ -121.83811, 45.70029 ], [ -121.8113, 45.70676 ], [ -121.7351, 45.69404 ], [ -121.70736, 45.69481 ], [ -121.66836, 45.70508 ], [ -121.63812, 45.70474 ], [ -121.63117, 45.70466 ], [ -121.56273, 45.71993 ], [ -121.53311, 45.72654 ], [ -121.52369, 45.7249 ], [ -121.52239, 45.72468 ], [ -121.49915, 45.72085 ], [ -121.49469, 45.71845 ], [ -121.48367, 45.71254 ], [ -121.46285, 45.70137 ], [ -121.44122, 45.6973 ], [ -121.42359, 45.69399 ], [ -121.40174, 45.69289 ], [ -121.37257, 45.70311 ], [ -121.35127, 45.70424 ], [ -121.33777, 45.70495 ], [ -121.3122, 45.69993 ], [ -121.28732, 45.68702 ], [ -121.25118, 45.67839 ], [ -121.21578, 45.67124 ], [ -121.20037, 45.64983 ], [ -121.19663, 45.63505 ], [ -121.19523, 45.62951 ], [ -121.19615, 45.62063 ], [ -121.19656, 45.61669 ], [ -121.18445, 45.60693 ], [ -121.18384, 45.60644 ], [ -121.17047, 45.60615 ], [ -121.16785, 45.6061 ], [ -121.14553, 45.60789 ], [ -121.13948, 45.61196 ], [ -121.13195, 45.60976 ], [ -121.12379, 45.61504 ], [ -121.1222, 45.61607 ], [ -121.11705, 45.61812 ], [ -121.12006, 45.62313 ], [ -121.08493, 45.64789 ], [ -121.06437, 45.65255 ], [ -121.03358, 45.651 ], [ -121.00745, 45.65322 ], [ -120.98348, 45.64834 ], [ -120.97798, 45.64934 ], [ -120.95308, 45.65675 ], [ -120.94398, 45.65644 ], [ -120.91588, 45.64135 ], [ -120.9158, 45.6413 ], [ -120.91348, 45.64005 ], [ -120.89557, 45.64294 ], [ -120.87004, 45.66124 ], [ -120.85567, 45.67155 ], [ -120.83614, 45.67584 ], [ -120.78887, 45.68625 ], [ -120.72417, 45.70645 ], [ -120.68937, 45.71585 ], [ -120.66887, 45.73015 ], [ -120.65353, 45.73725 ], [ -120.63497, 45.74585 ], [ -120.59117, 45.74655 ], [ -120.55947, 45.73835 ], [ -120.55332, 45.73368 ], [ -120.52196, 45.70985 ], [ -120.50586, 45.70005 ], [ -120.48236, 45.69445 ], [ -120.40396, 45.69925 ], [ -120.32906, 45.71105 ], [ -120.28866, 45.72015 ], [ -120.28216, 45.72125 ], [ -120.21075, 45.72595 ], [ -120.17045, 45.76195 ], [ -120.14135, 45.77315 ], [ -120.07015, 45.78515 ], [ -120.00115, 45.8119 ], [ -119.9995, 45.81248 ], [ -119.96574, 45.82437 ], [ -119.90746, 45.82814 ], [ -119.87614, 45.83472 ], [ -119.86827, 45.83594 ], [ -119.86813, 45.83596 ], [ -119.80266, 45.84753 ], [ -119.77293, 45.84558 ], [ -119.6722, 45.85661 ], [ -119.66988, 45.85687 ], [ -119.62339, 45.90564 ], [ -119.60055, 45.91958 ], [ -119.57158, 45.92546 ], [ -119.52463, 45.90861 ], [ -119.48783, 45.90631 ], [ -119.45026, 45.91735 ], [ -119.43215, 45.91825 ], [ -119.3644, 45.9216 ], [ -119.32251, 45.93318 ], [ -119.31278, 45.93419 ], [ -119.25715, 45.93993 ], [ -119.22575, 45.93272 ], [ -119.19553, 45.92787 ], [ -119.1695, 45.9276 ], [ -119.14139, 45.93101 ], [ -119.12612, 45.93286 ], [ -119.09322, 45.94275 ], [ -119.06146, 45.95853 ], [ -119.02706, 45.96913 ], [ -119.00856, 45.97927 ], [ -118.9872, 45.99979 ], [ -118.98713, 45.99985 ], [ -118.94124, 46.00057 ], [ -118.78869, 46.00078 ], [ -118.78577, 46.00079 ], [ -118.67787, 46.00093 ], [ -118.65872, 46.00095 ], [ -118.63933, 46.00099 ], [ -118.63773, 46.00097 ], [ -118.57991, 46.00082 ], [ -118.57571, 46.00072 ], [ -118.56939, 46.00077 ], [ -118.53712, 46.00084 ], [ -118.49703, 46.00062 ], [ -118.47076, 46.00063 ], [ -118.42403, 46.0006 ], [ -118.40382, 46.00059 ], [ -118.38729, 46.00058 ], [ -118.37836, 46.00057 ], [ -118.36779, 46.00062 ], [ -118.31498, 46.00045 ], [ -118.28353, 46.00079 ], [ -118.25637, 46.00044 ], [ -118.25253, 46.00046 ], [ -118.23667, 46.00042 ], [ -118.23658, 46.00042 ], [ -118.22894, 46.00042 ], [ -118.14603, 46.0007 ], [ -118.13102, 46.00028 ], [ -118.1262, 46.00028 ], [ -117.99695, 46.00079 ], [ -117.99691, 46.00079 ], [ -117.97766, 46.00072 ], [ -117.71785, 45.99987 ], [ -117.60342, 45.99889 ], [ -117.60316, 45.99889 ], [ -117.50483, 45.99832 ], [ -117.4801, 45.99787 ], [ -117.47994, 45.99787 ], [ -117.47536, 45.99786 ], [ -117.47515, 45.99789 ], [ -117.43994, 45.99863 ], [ -117.39074, 45.9986 ], [ -117.35393, 45.99635 ], [ -117.33767, 45.99866 ], [ -117.21673, 45.99836 ], [ -117.21453, 45.99832 ], [ -117.21262, 45.99832 ], [ -117.09019, 45.99762 ], [ -117.07005, 45.99751 ], [ -117.0513, 45.99685 ], [ -116.98588, 45.99697 ], [ -116.94068, 45.99627 ], [ -116.91599, 45.99541 ], [ -116.91141, 45.98891 ], [ -116.89293, 45.9744 ], [ -116.88684, 45.95862 ], [ -116.87571, 45.94501 ], [ -116.86965, 45.9238 ], [ -116.86654, 45.91696 ], [ -116.8598, 45.90726 ], [ -116.85725, 45.90416 ], [ -116.84355, 45.89227 ], [ -116.83, 45.88641 ], [ -116.81918, 45.88094 ], [ -116.81414, 45.87755 ], [ -116.79605, 45.85847 ], [ -116.79445, 45.85614 ], [ -116.79015, 45.84985 ], [ -116.78779, 45.84427 ], [ -116.78752, 45.8402 ], [ -116.78892, 45.83674 ], [ -116.78907, 45.83347 ], [ -116.78833, 45.83193 ], [ -116.78268, 45.82538 ], [ -116.7634, 45.81658 ], [ -116.75979, 45.81617 ], [ -116.75529, 45.81706 ], [ -116.75098, 45.81854 ], [ -116.74522, 45.82139 ], [ -116.74049, 45.82446 ], [ -116.73627, 45.82618 ], [ -116.71553, 45.82677 ], [ -116.71182, 45.82627 ], [ -116.70845, 45.82512 ], [ -116.69808, 45.82085 ], [ -116.69719, 45.82014 ], [ -116.68701, 45.80632 ], [ -116.68014, 45.79359 ], [ -116.66534, 45.782 ], [ -116.65963, 45.78002 ], [ -116.64634, 45.77981 ], [ -116.63964, 45.78127 ], [ -116.63581, 45.78364 ], [ -116.63203, 45.78498 ], [ -116.60504, 45.78102 ], [ -116.593, 45.77854 ], [ -116.57742, 45.76753 ], [ -116.55944, 45.75519 ], [ -116.55355, 45.75339 ], [ -116.54909, 45.75274 ], [ -116.54664, 45.75097 ], [ -116.54386, 45.74695 ], [ -116.53717, 45.73729 ], [ -116.5357, 45.73423 ], [ -116.53801, 45.71493 ], [ -116.53639, 45.69665 ], [ -116.5354, 45.69173 ], [ -116.52827, 45.68147 ], [ -116.52396, 45.67764 ], [ -116.51233, 45.67022 ], [ -116.49451, 45.65568 ], [ -116.48789, 45.64977 ], [ -116.4825, 45.63992 ], [ -116.48058, 45.63662 ], [ -116.47745, 45.63127 ], [ -116.47288, 45.62488 ], [ -116.46981, 45.6206 ], [ -116.46517, 45.61799 ], [ -116.4635, 45.61579 ], [ -116.46363, 45.60278 ], [ -116.48194, 45.5779 ], [ -116.48297, 45.57701 ], [ -116.49028, 45.5745 ], [ -116.50276, 45.56661 ], [ -116.52364, 45.54661 ], [ -116.53548, 45.52508 ], [ -116.54384, 45.51419 ], [ -116.54868, 45.51038 ], [ -116.55347, 45.49911 ], [ -116.5588, 45.48119 ], [ -116.5588, 45.48008 ], [ -116.55498, 45.4728 ], [ -116.55483, 45.46293 ], [ -116.56174, 45.46121 ], [ -116.56399, 45.46017 ], [ -116.57595, 45.45252 ], [ -116.58138, 45.44898 ], [ -116.58819, 45.44292 ], [ -116.59242, 45.42736 ], [ -116.59745, 45.41277 ], [ -116.61906, 45.39821 ], [ -116.62663, 45.38804 ], [ -116.65325, 45.35108 ], [ -116.67379, 45.32151 ], [ -116.67465, 45.31434 ], [ -116.67259, 45.29802 ], [ -116.67216, 45.28894 ], [ -116.67273, 45.28318 ], [ -116.67449, 45.27635 ], [ -116.67559, 45.27487 ], [ -116.68101, 45.27072 ], [ -116.68703, 45.26786 ], [ -116.68721, 45.26768 ], [ -116.69139, 45.26374 ], [ -116.69605, 45.25468 ], [ -116.70361, 45.23976 ], [ -116.70937, 45.21946 ], [ -116.70975, 45.21724 ], [ -116.70855, 45.20736 ], [ -116.70954, 45.20302 ], [ -116.7242, 45.1715 ], [ -116.72419, 45.16292 ], [ -116.72876, 45.14438 ], [ -116.72961, 45.14209 ], [ -116.73122, 45.13993 ], [ -116.75464, 45.11397 ], [ -116.77485, 45.10554 ], [ -116.78249, 45.09579 ], [ -116.78354, 45.0936 ], [ -116.78424, 45.08813 ], [ -116.78377, 45.07827 ], [ -116.78371, 45.07697 ], [ -116.79733, 45.06027 ], [ -116.80858, 45.05065 ], [ -116.82513, 45.03784 ], [ -116.83012, 45.03532 ], [ -116.84131, 45.03091 ], [ -116.84794, 45.0226 ], [ -116.84804, 45.02173 ], [ -116.84585, 45.01847 ], [ -116.8448, 45.01531 ], [ -116.84462, 45.00144 ], [ -116.8461, 44.99988 ], [ -116.85675, 44.9843 ], [ -116.85831, 44.97876 ], [ -116.85141, 44.95984 ], [ -116.85074, 44.95811 ], [ -116.84646, 44.95152 ], [ -116.8357, 44.94063 ], [ -116.83199, 44.93301 ], [ -116.83218, 44.93137 ], [ -116.83363, 44.92898 ], [ -116.83847, 44.9236 ], [ -116.84211, 44.91492 ], [ -116.84606, 44.90525 ], [ -116.85051, 44.89352 ], [ -116.85243, 44.88758 ], [ -116.85704, 44.88077 ], [ -116.86534, 44.8706 ], [ -116.8836, 44.85827 ], [ -116.89625, 44.84833 ], [ -116.90103, 44.84154 ], [ -116.90577, 44.83479 ], [ -116.9205, 44.81438 ], [ -116.9281, 44.80838 ], [ -116.9311, 44.80478 ], [ -116.9337, 44.79878 ], [ -116.9338, 44.79678 ], [ -116.9331, 44.79448 ], [ -116.9308, 44.79098 ], [ -116.9307, 44.78988 ], [ -116.9318, 44.78718 ], [ -116.9347, 44.78388 ], [ -116.9368, 44.78288 ], [ -116.949, 44.77798 ], [ -116.9668, 44.77518 ], [ -116.9709, 44.77388 ], [ -116.9729, 44.77258 ], [ -116.9778, 44.76798 ], [ -116.9865, 44.76238 ], [ -116.992, 44.75918 ], [ -116.9989, 44.75638 ], [ -117.00605, 44.75602 ], [ -117.0138, 44.75684 ], [ -117.03827, 44.74818 ], [ -117.04422, 44.74514 ], [ -117.06227, 44.72714 ], [ -117.06045, 44.72167 ], [ -117.0618, 44.70665 ], [ -117.06382, 44.70362 ], [ -117.07222, 44.70052 ], [ -117.07912, 44.69217 ], [ -117.08056, 44.68671 ], [ -117.08077, 44.68416 ], [ -117.08124, 44.68348 ], [ -117.09122, 44.66881 ], [ -117.09587, 44.66474 ], [ -117.09679, 44.65738 ], [ -117.09497, 44.65201 ], [ -117.09822, 44.64069 ], [ -117.10823, 44.62711 ], [ -117.11475, 44.62488 ], [ -117.11781, 44.62014 ], [ -117.12052, 44.61466 ], [ -117.12527, 44.59382 ], [ -117.12475, 44.58383 ], [ -117.12601, 44.58155 ], [ -117.13396, 44.57524 ], [ -117.13807, 44.573 ], [ -117.14248, 44.57143 ], [ -117.14603, 44.5686 ], [ -117.14826, 44.56437 ], [ -117.14793, 44.56214 ], [ -117.14293, 44.55724 ], [ -117.14416, 44.54565 ], [ -117.14924, 44.53615 ], [ -117.15241, 44.5318 ], [ -117.16103, 44.52517 ], [ -117.16719, 44.52343 ], [ -117.18158, 44.52296 ], [ -117.18539, 44.51926 ], [ -117.18976, 44.51338 ], [ -117.19163, 44.50989 ], [ -117.19133, 44.50678 ], [ -117.19249, 44.50327 ], [ -117.19432, 44.49988 ], [ -117.20024, 44.49203 ], [ -117.20894, 44.48566 ], [ -117.21115, 44.48536 ], [ -117.21637, 44.48616 ], [ -117.22148, 44.48456 ], [ -117.2241, 44.48373 ], [ -117.22508, 44.48235 ], [ -117.22593, 44.47939 ], [ -117.22576, 44.47722 ], [ -117.22445, 44.47388 ], [ -117.22155, 44.47015 ], [ -117.21702, 44.45904 ], [ -117.21557, 44.45375 ], [ -117.21464, 44.44803 ], [ -117.21507, 44.42716 ], [ -117.21828, 44.42066 ], [ -117.22546, 44.40773 ], [ -117.22698, 44.40558 ], [ -117.23484, 44.39967 ], [ -117.24268, 44.39655 ], [ -117.24303, 44.39097 ], [ -117.23512, 44.37385 ], [ -117.22794, 44.36798 ], [ -117.21691, 44.36016 ], [ -117.21059, 44.3577 ], [ -117.20696, 44.35521 ], [ -117.19734, 44.34741 ], [ -117.19615, 44.34636 ], [ -117.18977, 44.33658 ], [ -117.18984, 44.33501 ], [ -117.19155, 44.32962 ], [ -117.1922, 44.32863 ], [ -117.20332, 44.31302 ], [ -117.2055, 44.31179 ], [ -117.21521, 44.30912 ], [ -117.2168, 44.30824 ], [ -117.21784, 44.30718 ], [ -117.22006, 44.3014 ], [ -117.22007, 44.30138 ], [ -117.22245, 44.29896 ], [ -117.22265, 44.29758 ], [ -117.21697, 44.28836 ], [ -117.19815, 44.27383 ], [ -117.19313, 44.27096 ], [ -117.17034, 44.25889 ], [ -117.15706, 44.25749 ], [ -117.14339, 44.25826 ], [ -117.13852, 44.25937 ], [ -117.13398, 44.26297 ], [ -117.1331, 44.26424 ], [ -117.13253, 44.26705 ], [ -117.1309, 44.26945 ], [ -117.12104, 44.27759 ], [ -117.11802, 44.27895 ], [ -117.11162, 44.28067 ], [ -117.10767, 44.28076 ], [ -117.10421, 44.27994 ], [ -117.10224, 44.2788 ], [ -117.09853, 44.27553 ], [ -117.09457, 44.27098 ], [ -117.09358, 44.26938 ], [ -117.09093, 44.26031 ], [ -117.0895, 44.25823 ], [ -117.07835, 44.24988 ], [ -117.06728, 44.24401 ], [ -117.05935, 44.23724 ], [ -117.05651, 44.23087 ], [ -117.05303, 44.22908 ], [ -117.05006, 44.22883 ], [ -117.04706, 44.22974 ], [ -117.04551, 44.23201 ], [ -117.04228, 44.24278 ], [ -117.03585, 44.24681 ], [ -117.03186, 44.24864 ], [ -117.02756, 44.24888 ], [ -117.02528, 44.24851 ], [ -117.02023, 44.24606 ], [ -117.01692, 44.24539 ], [ -117.001, 44.24539 ], [ -116.98687, 44.24548 ], [ -116.9759, 44.24284 ], [ -116.97354, 44.23998 ], [ -116.97283, 44.23804 ], [ -116.97196, 44.23568 ], [ -116.97395, 44.22593 ], [ -116.9737, 44.20802 ], [ -116.97168, 44.19726 ], [ -116.96726, 44.19458 ], [ -116.9655, 44.19413 ], [ -116.94759, 44.19126 ], [ -116.94526, 44.19168 ], [ -116.94053, 44.19371 ], [ -116.93544, 44.19396 ], [ -116.92539, 44.19154 ], [ -116.90275, 44.17947 ], [ -116.9001, 44.17685 ], [ -116.89576, 44.17127 ], [ -116.89408, 44.16019 ], [ -116.89431, 44.15811 ], [ -116.89593, 44.15429 ], [ -116.89713, 44.1526 ], [ -116.92769, 44.10944 ], [ -116.92831, 44.10733 ], [ -116.9337, 44.10004 ], [ -116.93784, 44.09694 ], [ -116.94027, 44.09562 ], [ -116.94313, 44.09406 ], [ -116.95701, 44.09174 ], [ -116.9672, 44.09094 ], [ -116.97425, 44.0883 ], [ -116.97735, 44.08536 ], [ -116.97698, 44.08183 ], [ -116.97402, 44.05366 ], [ -116.97319, 44.04942 ], [ -116.9725, 44.04877 ], [ -116.97205, 44.04861 ], [ -116.95625, 44.04289 ], [ -116.95574, 44.0426 ], [ -116.94336, 44.03565 ], [ -116.93734, 44.02938 ], [ -116.93473, 44.02381 ], [ -116.93448, 44.02125 ], [ -116.93676, 44.01061 ], [ -116.94067, 44.00506 ], [ -116.94316, 44.00154 ], [ -116.93638, 43.99157 ], [ -116.93819, 43.98459 ], [ -116.95987, 43.98293 ], [ -116.96874, 43.97748 ], [ -116.97586, 43.97391 ], [ -116.96984, 43.96759 ], [ -116.96355, 43.96846 ], [ -116.95921, 43.96636 ], [ -116.95981, 43.96381 ], [ -116.96127, 43.95919 ], [ -116.96148, 43.95266 ], [ -116.96518, 43.94374 ], [ -116.969, 43.93921 ], [ -116.96764, 43.93479 ], [ -116.95999, 43.93065 ], [ -116.9601, 43.92123 ], [ -116.96583, 43.91714 ], [ -116.97958, 43.91525 ], [ -116.97733, 43.90581 ], [ -116.97643, 43.90129 ], [ -116.97602, 43.89555 ], [ -116.97967, 43.88013 ], [ -116.98235, 43.86884 ], [ -116.98294, 43.86771 ], [ -116.9896, 43.8643 ], [ -116.99142, 43.86386 ], [ -116.99739, 43.86487 ], [ -116.99906, 43.86464 ], [ -117.01077, 43.86227 ], [ -117.02107, 43.85896 ], [ -117.02199, 43.85641 ], [ -117.02271, 43.8544 ], [ -117.01944, 43.85211 ], [ -117.0107, 43.84975 ], [ -117.0077, 43.84624 ], [ -117.009, 43.84232 ], [ -117.01283, 43.84 ], [ -117.01847, 43.84134 ], [ -117.02516, 43.84133 ], [ -117.02956, 43.83906 ], [ -117.03288, 43.83002 ], [ -117.02358, 43.82381 ], [ -117.02188, 43.81816 ], [ -117.02663, 43.8081 ], [ -117.02665, 43.73394 ], [ -117.02684, 43.73291 ], [ -117.02672, 43.71482 ], [ -117.02683, 43.70619 ], [ -117.0267, 43.69374 ], [ -117.02659, 43.683 ], [ -117.02662, 43.6808 ], [ -117.02672, 43.67552 ], [ -117.02666, 43.66439 ], [ -117.02671, 43.63166 ], [ -117.0269, 43.62488 ], [ -117.027, 43.62103 ], [ -117.02694, 43.61761 ], [ -117.02679, 43.61067 ], [ -117.02676, 43.60191 ], [ -117.02682, 43.60036 ], [ -117.02689, 43.59603 ], [ -117.02692, 43.59363 ], [ -117.02677, 43.57867 ], [ -117.02675, 43.57753 ], [ -117.02675, 43.57371 ], [ -117.02674, 43.56472 ], [ -117.02665, 43.02513 ], [ -117.02668, 43.02488 ], [ -117.02625, 42.80745 ], [ -117.0263, 42.80717 ], [ -117.02633, 42.80701 ], [ -117.02666, 42.62488 ], [ -117.02655, 42.37856 ], [ -117.02613, 42.35719 ], [ -117.0262, 42.1664 ], [ -117.02659, 42.13326 ], [ -117.0261, 42.11765 ], [ -117.0262, 41.99989 ], [ -117.04091, 41.99989 ], [ -117.0554, 41.99989 ], [ -117.06861, 42.00003 ], [ -117.1978, 42.00038 ], [ -117.21755, 41.99989 ], [ -117.40361, 41.99929 ], [ -117.44306, 41.99966 ], [ -117.50668, 41.99924 ], [ -117.61321, 41.99854 ], [ -117.62373, 41.99847 ], [ -117.62597, 41.9981 ], [ -117.87347, 41.99833 ], [ -118.19719, 41.99699 ], [ -118.19737, 41.99699 ], [ -118.501, 41.99545 ], [ -118.60181, 41.9939 ], [ -118.69641, 41.99179 ], [ -118.77587, 41.99269 ], [ -118.77723, 41.99267 ], [ -118.79561, 41.99239 ], [ -119.00102, 41.99379 ], [ -119.20828, 41.99318 ], [ -119.23188, 41.99421 ], [ -119.25103, 41.99384 ], [ -119.32418, 41.99421 ], [ -119.36012, 41.99438 ], [ -119.36018, 41.99438 ], [ -119.4446, 41.99548 ], [ -119.72573, 41.9963 ], [ -119.79009, 41.99754 ], [ -119.84891, 41.99728 ], [ -119.87234, 41.99748 ], [ -119.88651, 41.99747 ], [ -119.98689, 41.99608 ], [ -119.99917, 41.99484 ], [ -119.99917, 41.99454 ], [ -120.00106, 41.99514 ], [ -120.15874, 41.99466 ], [ -120.15941, 41.99466 ], [ -120.18156, 41.99459 ], [ -120.28642, 41.99306 ], [ -120.326, 41.99312 ], [ -120.50107, 41.99379 ], [ -120.64717, 41.99308 ], [ -120.69222, 41.99368 ], [ -120.69394, 41.99368 ], [ -120.81228, 41.99418 ], [ -120.87948, 41.99378 ], [ -120.87992, 41.99378 ], [ -121.0352, 41.99332 ], [ -121.09493, 41.99466 ], [ -121.12609, 41.99601 ], [ -121.24762, 41.99705 ], [ -121.25032, 41.99745 ], [ -121.2511, 41.99757 ], [ -121.30998, 41.99761 ], [ -121.31649, 41.99736 ], [ -121.33438, 41.99665 ], [ -121.33573, 41.99652 ], [ -121.34052, 41.99622 ], [ -121.36025, 41.99668 ], [ -121.3761, 41.99703 ], [ -121.43498, 41.99702 ], [ -121.43961, 41.99708 ], [ -121.44754, 41.99717 ], [ -121.51945, 41.99797 ], [ -121.52025, 41.99798 ], [ -121.58087, 41.99867 ], [ -121.59919, 41.99899 ], [ -121.67535, 42.00035 ], [ -121.68916, 42.00058 ], [ -121.70504, 42.00077 ], [ -121.7082, 42.00082 ], [ -121.82507, 42.00272 ], [ -121.84671, 42.00307 ], [ -122.00032, 42.00397 ], [ -122.10192, 42.00577 ], [ -122.15541, 42.00743 ], [ -122.15667, 42.00738 ], [ -122.16044, 42.00764 ], [ -122.16133, 42.00764 ], [ -122.18627, 42.00757 ], [ -122.26113, 42.00736 ], [ -122.28953, 42.00776 ], [ -122.28975, 42.00777 ], [ -122.36806, 42.00932 ], [ -122.37819, 42.00952 ], [ -122.39798, 42.00876 ], [ -122.50114, 42.00846 ], [ -122.61534, 42.00538 ], [ -122.63474, 42.00486 ], [ -122.71294, 42.00416 ], [ -122.80008, 42.00407 ], [ -122.87615, 42.00325 ], [ -122.89396, 42.00261 ], [ -122.9416, 42.00308 ], [ -122.96166, 42.00308 ], [ -123.04525, 42.00305 ], [ -123.06566, 42.00495 ], [ -123.08396, 42.00545 ], [ -123.14596, 42.00925 ], [ -123.15491, 42.00804 ], [ -123.19236, 42.00545 ], [ -123.23076, 42.00384 ], [ -123.23111, 42.00383 ], [ -123.34756, 41.99911 ], [ -123.38178, 41.99927 ], [ -123.43477, 42.00164 ], [ -123.49883, 42.00053 ], [ -123.4989, 42.00047 ], [ -123.502, 42.00053 ], [ -123.51791, 42.00088 ], [ -123.52524, 42.00105 ], [ -123.55256, 42.00025 ], [ -123.62455, 41.99984 ], [ -123.63161, 41.99881 ], [ -123.657, 41.99514 ], [ -123.72816, 41.99701 ], [ -123.78929, 41.99611 ], [ -123.81399, 41.9951 ], [ -123.82147, 41.99547 ], [ -123.82204, 41.9955 ], [ -123.83421, 41.99612 ], [ -124.00119, 41.99615 ], [ -124.08666, 41.99687 ], [ -124.08783, 41.99689 ], [ -124.10022, 41.99684 ], [ -124.10092, 41.99696 ], [ -124.12619, 41.99699 ], [ -124.21161, 41.99846 ], [ -124.21421, 42.00594 ], [ -124.24481, 42.02748 ], [ -124.27009, 42.04529 ], [ -124.27046, 42.04555 ], [ -124.28737, 42.04602 ], [ -124.29965, 42.05174 ], [ -124.31429, 42.06786 ], [ -124.31548, 42.06899 ], [ -124.34101, 42.09293 ], [ -124.35623, 42.11495 ], [ -124.35712, 42.11802 ], [ -124.35153, 42.1298 ], [ -124.35178, 42.13497 ], [ -124.3557, 42.14196 ], [ -124.36156, 42.14377 ], [ -124.36603, 42.15234 ], [ -124.36683, 42.15845 ], [ -124.36339, 42.15859 ], [ -124.36032, 42.16227 ], [ -124.36101, 42.18075 ], [ -124.36775, 42.18832 ], [ -124.37318, 42.19022 ], [ -124.37495, 42.19313 ], [ -124.37622, 42.19638 ], [ -124.37555, 42.20882 ], [ -124.37776, 42.21881 ], [ -124.38363, 42.22716 ], [ -124.41098, 42.25055 ], [ -124.41153, 42.25411 ], [ -124.40851, 42.26059 ], [ -124.40519, 42.27788 ], [ -124.40515, 42.27811 ], [ -124.41056, 42.30743 ], [ -124.42929, 42.33175 ], [ -124.42722, 42.33488 ], [ -124.42555, 42.35187 ], [ -124.42407, 42.37724 ], [ -124.42486, 42.39543 ], [ -124.42807, 42.42033 ], [ -124.42861, 42.42149 ], [ -124.43488, 42.43492 ], [ -124.4351, 42.44016 ], [ -124.42204, 42.46123 ], [ -124.42308, 42.47895 ], [ -124.42138, 42.49174 ], [ -124.39906, 42.53993 ], [ -124.39066, 42.56659 ], [ -124.38998, 42.57476 ], [ -124.40092, 42.59752 ], [ -124.39942, 42.61808 ], [ -124.40118, 42.62719 ], [ -124.41312, 42.65793 ], [ -124.41677, 42.66159 ], [ -124.45074, 42.6758 ], [ -124.45148, 42.67779 ], [ -124.44787, 42.68407 ], [ -124.44749, 42.68474 ], [ -124.44842, 42.68991 ], [ -124.47386, 42.73267 ], [ -124.49168, 42.74179 ], [ -124.49847, 42.74108 ], [ -124.49912, 42.73861 ], [ -124.51002, 42.73475 ], [ -124.51337, 42.73507 ], [ -124.51467, 42.73681 ], [ -124.51624, 42.75363 ], [ -124.52444, 42.78979 ], [ -124.53607, 42.81417 ], [ -124.54418, 42.82296 ], [ -124.55244, 42.84057 ] ] ] } },
{ "type": "Feature", "properties": { "STATEFP": "49", "GEOID": "49", "STUSPS": "UT", "NAME": "Utah" }, "geometry": { "type": "Polygon", "coordinates": [ [ [ -114.05296, 37.59278 ], [ -114.05247, 37.60478 ], [ -114.05173, 37.746 ], [ -114.05178, 37.74625 ], [ -114.05167, 37.74696 ], [ -114.05111, 37.75628 ], [ -114.04992, 37.76559 ], [ -114.04847, 37.80986 ], [ -114.04968, 37.82364 ], [ -114.04993, 37.85251 ], [ -114.04966, 37.88137 ], [ -114.05042, 37.99996 ], [ -114.0499, 38.1486 ], [ -114.0499, 38.14876 ], [ -114.05014, 38.24996 ], [ -114.04942, 38.2647 ], [ -114.05012, 38.40454 ], [ -114.05009, 38.40467 ], [ -114.05048, 38.49995 ], [ -114.04983, 38.54378 ], [ -114.04986, 38.54776 ], [ -114.05015, 38.57292 ], [ -114.05015, 38.57297 ], [ -114.04988, 38.67737 ], [ -114.04975, 38.72921 ], [ -114.04917, 38.74995 ], [ -114.04946, 38.87495 ], [ -114.04852, 38.8762 ], [ -114.04805, 38.87869 ], [ -114.0491, 39.00551 ], [ -114.04708, 39.49994 ], [ -114.04773, 39.54274 ], [ -114.04727, 39.75941 ], [ -114.04778, 39.79416 ], [ -114.04721, 39.82102 ], [ -114.04713, 39.90604 ], [ -114.04713, 39.9061 ], [ -114.04655, 39.9969 ], [ -114.04684, 40.03013 ], [ -114.04639, 40.0979 ], [ -114.04674, 40.10423 ], [ -114.04668, 40.11694 ], [ -114.04615, 40.23197 ], [ -114.04618, 40.39831 ], [ -114.04583, 40.42482 ], [ -114.04522, 40.43028 ], [ -114.04552, 40.49447 ], [ -114.04558, 40.4958 ], [ -114.04528, 40.50659 ], [ -114.0435, 40.72629 ], [ -114.04383, 40.75867 ], [ -114.0438, 40.75921 ], [ -114.04318, 40.77168 ], [ -114.04215, 40.9999 ], [ -114.04215, 40.99993 ], [ -114.04145, 41.20775 ], [ -114.04255, 41.21092 ], [ -114.0414, 41.21996 ], [ -114.04023, 41.49169 ], [ -114.04094, 41.49992 ], [ -114.04044, 41.61483 ], [ -114.04044, 41.61538 ], [ -114.03997, 41.62492 ], [ -114.0399, 41.75378 ], [ -114.04115, 41.85059 ], [ -114.04111, 41.85057 ], [ -114.03965, 41.88482 ], [ -114.04172, 41.99372 ], [ -113.9939, 41.9927 ], [ -113.89326, 41.98806 ], [ -113.82216, 41.98848 ], [ -113.79608, 41.9891 ], [ -113.76472, 41.98946 ], [ -113.76453, 41.98946 ], [ -113.50084, 41.9928 ], [ -113.49655, 41.9933 ], [ -113.43156, 41.9938 ], [ -113.40223, 41.99416 ], [ -113.3965, 41.99425 ], [ -113.35761, 41.99386 ], [ -113.34007, 41.99475 ], [ -113.25083, 41.99561 ], [ -113.24916, 41.9962 ], [ -113.00082, 41.99822 ], [ -113.00004, 41.99822 ], [ -112.97922, 41.99826 ], [ -112.90959, 41.99879 ], [ -112.88237, 41.99892 ], [ -112.88062, 41.99892 ], [ -112.83312, 41.99934 ], [ -112.83308, 41.9993 ], [ -112.78854, 41.99968 ], [ -112.70937, 42.00031 ], [ -112.64802, 42.00031 ], [ -112.45081, 42.00095 ], [ -112.45057, 42.00109 ], [ -112.38617, 42.00113 ], [ -112.26494, 42.00099 ], [ -112.23911, 42.00122 ], [ -112.19298, 42.00117 ], [ -112.17335, 41.99657 ], [ -112.16475, 41.9967 ], [ -112.16396, 41.99671 ], [ -112.10953, 41.9976 ], [ -112.10944, 41.9976 ], [ -112.01218, 41.99835 ], [ -111.93359, 41.99849 ], [ -111.91584, 41.99852 ], [ -111.91562, 41.9985 ], [ -111.89611, 41.99851 ], [ -111.87649, 41.99853 ], [ -111.75078, 41.99933 ], [ -111.7397, 41.99934 ], [ -111.50781, 41.99952 ], [ -111.50779, 41.99952 ], [ -111.50726, 41.99952 ], [ -111.47138, 41.99974 ], [ -111.42553, 42.00084 ], [ -111.4209, 42.00079 ], [ -111.41587, 42.00075 ], [ -111.29996, 42.00101 ], [ -111.04669, 42.00157 ], [ -111.04582, 41.57984 ], [ -111.04579, 41.56557 ], [ -111.0459, 41.52159 ], [ -111.04626, 41.37773 ], [ -111.0466, 41.36069 ], [ -111.04655, 41.25172 ], [ -111.04655, 41.25163 ], [ -111.04655, 41.24811 ], [ -111.04672, 40.99796 ], [ -111.03383, 40.99791 ], [ -110.87206, 40.9973 ], [ -110.75073, 40.99685 ], [ -110.71503, 40.99635 ], [ -110.60682, 40.99635 ], [ -110.53982, 40.99635 ], [ -110.50072, 40.99475 ], [ -110.37571, 40.99495 ], [ -110.25071, 40.99609 ], [ -110.23785, 40.99543 ], [ -110.12571, 40.99655 ], [ -110.12164, 40.9971 ], [ -110.04848, 40.99755 ], [ -110.0065, 40.99782 ], [ -110.00071, 40.99735 ], [ -109.99984, 40.99733 ], [ -109.97553, 40.99791 ], [ -109.8553, 40.99761 ], [ -109.8543, 40.99766 ], [ -109.71541, 40.99819 ], [ -109.71388, 40.99827 ], [ -109.67642, 40.9984 ], [ -109.56509, 40.9982 ], [ -109.53493, 40.99814 ], [ -109.50069, 40.99913 ], [ -109.25074, 41.00101 ], [ -109.23198, 41.00206 ], [ -109.17368, 41.00086 ], [ -109.05008, 41.00066 ], [ -109.04846, 40.82608 ], [ -109.04909, 40.71456 ], [ -109.04837, 40.66261 ], [ -109.04825, 40.6536 ], [ -109.04804, 40.61923 ], [ -109.05007, 40.54036 ], [ -109.04995, 40.5399 ], [ -109.0507, 40.49996 ], [ -109.05031, 40.49509 ], [ -109.05095, 40.44437 ], [ -109.05097, 40.22265 ], [ -109.05097, 40.18085 ], [ -109.05094, 40.18071 ], [ -109.05094, 40.17305 ], [ -109.05081, 40.05958 ], [ -109.05087, 40.05891 ], [ -109.05061, 39.87497 ], [ -109.05104, 39.66047 ], [ -109.05136, 39.4977 ], [ -109.05136, 39.49767 ], [ -109.05076, 39.36668 ], [ -109.05151, 39.12609 ], [ -109.05158, 39.11651 ], [ -109.05244, 38.99999 ], [ -109.05329, 38.94288 ], [ -109.05323, 38.94247 ], [ -109.0538, 38.90528 ], [ -109.05394, 38.90441 ], [ -109.05419, 38.87498 ], [ -109.05739, 38.79546 ], [ -109.05954, 38.71989 ], [ -109.06025, 38.59933 ], [ -109.05996, 38.50003 ], [ -109.05996, 38.49999 ], [ -109.06006, 38.27549 ], [ -109.05465, 38.24492 ], [ -109.04176, 38.16469 ], [ -109.04184, 38.15303 ], [ -109.04282, 37.9993 ], [ -109.04282, 37.99707 ], [ -109.04312, 37.97426 ], [ -109.04106, 37.90724 ], [ -109.04165, 37.88109 ], [ -109.04184, 37.87279 ], [ -109.04172, 37.84205 ], [ -109.04175, 37.83583 ], [ -109.04146, 37.80011 ], [ -109.0421, 37.74999 ], [ -109.04164, 37.74021 ], [ -109.04176, 37.71318 ], [ -109.04173, 37.71121 ], [ -109.04227, 37.66607 ], [ -109.04209, 37.6238 ], [ -109.04213, 37.61766 ], [ -109.04181, 37.60417 ], [ -109.04187, 37.53073 ], [ -109.04192, 37.53065 ], [ -109.04314, 37.49999 ], [ -109.04346, 37.48482 ], [ -109.04581, 37.37499 ], [ -109.04584, 37.35998 ], [ -109.04604, 37.24999 ], [ -109.04558, 37.24935 ], [ -109.04556, 37.2399 ], [ -109.04549, 37.21084 ], [ -109.04598, 37.20183 ], [ -109.046, 37.17728 ], [ -109.04516, 37.11206 ], [ -109.0452, 37.11196 ], [ -109.04517, 37.10946 ], [ -109.04519, 37.09627 ], [ -109.045, 37.08643 ], [ -109.04506, 37.07466 ], [ -109.04517, 37.07274 ], [ -109.04522, 36.99908 ], [ -109.1812, 36.99927 ], [ -109.23385, 36.99927 ], [ -109.24692, 36.99935 ], [ -109.26339, 36.99926 ], [ -109.26821, 36.99924 ], [ -109.2701, 36.99927 ], [ -109.37804, 36.99914 ], [ -109.38123, 36.99915 ], [ -109.49534, 36.99911 ], [ -109.62567, 36.99831 ], [ -109.69923, 36.99837 ], [ -109.70977, 36.99837 ], [ -109.87567, 36.9985 ], [ -110.00068, 36.99797 ], [ -110.00068, 36.99798 ], [ -110.00088, 36.9985 ], [ -110.02178, 36.9986 ], [ -110.46731, 36.998 ], [ -110.47019, 36.998 ], [ -110.49091, 37.00357 ], [ -110.50069, 37.00426 ], [ -110.59951, 37.00345 ], [ -110.6256, 37.00342 ], [ -110.62569, 37.00372 ], [ -110.75069, 37.0032 ], [ -111.0665, 37.00239 ], [ -111.13372, 37.00078 ], [ -111.25485, 37.00108 ], [ -111.27829, 37.00046 ], [ -111.34147, 37.00098 ], [ -111.40552, 37.0015 ], [ -111.40587, 37.00148 ], [ -111.41168, 37.00148 ], [ -111.41301, 37.00148 ], [ -112.35769, 37.00102 ], [ -112.36895, 37.00113 ], [ -112.37834, 37.0011 ], [ -112.53858, 37.00067 ], [ -112.54037, 37.00067 ], [ -112.54509, 37.00073 ], [ -112.55897, 37.00069 ], [ -112.60979, 37.00075 ], [ -112.8295, 37.00042 ], [ -112.86145, 37.00038 ], [ -112.89919, 37.00032 ], [ -112.95961, 37.00023 ], [ -112.96647, 37.00022 ], [ -112.99883, 37.00021 ], [ -113.0799, 37.00019 ], [ -113.27454, 37.00014 ], [ -113.30641, 37.00014 ], [ -113.40958, 37.00011 ], [ -113.45776, 37.0001 ], [ -113.62429, 37.00006 ], [ -113.96591, 36.99998 ], [ -113.96591, 37.00003 ], [ -114.0506, 37.0004 ], [ -114.05175, 37.08843 ], [ -114.05182, 37.09098 ], [ -114.05283, 37.10396 ], [ -114.05187, 37.13429 ], [ -114.05218, 37.14711 ], [ -114.05167, 37.17237 ], [ -114.05141, 37.23385 ], [ -114.05197, 37.28385 ], [ -114.05197, 37.28451 ], [ -114.0518, 37.29304 ], [ -114.0518, 37.29355 ], [ -114.05193, 37.37046 ], [ -114.05193, 37.37073 ], [ -114.05177, 37.41808 ], [ -114.05245, 37.43144 ], [ -114.05262, 37.47234 ], [ -114.0527, 37.49201 ], [ -114.05268, 37.50251 ], [ -114.05269, 37.50309 ], [ -114.05272, 37.51726 ], [ -114.05269, 37.51786 ], [ -114.05274, 37.53103 ], [ -114.05296, 37.59278 ] ] ] } },
{ "type": "Feature", "properties": { "STATEFP": "53", "GEOID": "53", "STUSPS": "WA", "NAME": "Washington" }, "geometry": { "type": "MultiPolygon", "coordinates": [ [ [ [ -122.32834, 48.02134 ], [ -122.32172, 48.01998 ], [ -122.31294, 48.01306 ], [ -122.30345, 48.0056 ], [ -122.30663, 48.0044 ], [ -122.32612, 48.01029 ], [ -122.33452, 48.01892 ], [ -122.32834, 48.02134 ] ] ], [ [ [ -122.50446, 47.55167 ], [ -122.47713, 47.54606 ], [ -122.47713, 47.53242 ], [ -122.48957, 47.52555 ], [ -122.4902, 47.5252 ], [ -122.50208, 47.52841 ], [ -122.51159, 47.54766 ], [ -122.50446, 47.55167 ] ] ], [ [ [ -122.52603, 47.35891 ], [ -122.51425, 47.3723 ], [ -122.52673, 47.39858 ], [ -122.52138, 47.40546 ], [ -122.5147, 47.41405 ], [ -122.51333, 47.44911 ], [ -122.49786, 47.47592 ], [ -122.48274, 47.48313 ], [ -122.47468, 47.51107 ], [ -122.4524, 47.50347 ], [ -122.46044, 47.49376 ], [ -122.46003, 47.48686 ], [ -122.43339, 47.46643 ], [ -122.43941, 47.45863 ], [ -122.43992, 47.41765 ], [ -122.43993, 47.41701 ], [ -122.43766, 47.40742 ], [ -122.42733, 47.40213 ], [ -122.39505, 47.39928 ], [ -122.37363, 47.38872 ], [ -122.37848, 47.38533 ], [ -122.40177, 47.38132 ], [ -122.43781, 47.36561 ], [ -122.4484, 47.35499 ], [ -122.454, 47.34334 ], [ -122.45749, 47.34257 ], [ -122.4697, 47.34462 ], [ -122.48131, 47.33953 ], [ -122.48353, 47.33855 ], [ -122.49124, 47.33517 ], [ -122.49312, 47.33025 ], [ -122.50491, 47.33068 ], [ -122.51885, 47.33332 ], [ -122.52813, 47.34554 ], [ -122.52603, 47.35891 ] ] ], [ [ [ -122.65361, 48.54897 ], [ -122.65079, 48.55402 ], [ -122.65238, 48.58343 ], [ -122.64941, 48.58846 ], [ -122.6426, 48.58834 ], [ -122.62932, 48.5722 ], [ -122.61084, 48.56115 ], [ -122.5929, 48.55363 ], [ -122.58398, 48.55153 ], [ -122.57886, 48.54813 ], [ -122.57297, 48.52903 ], [ -122.58356, 48.53234 ], [ -122.59019, 48.53626 ], [ -122.59995, 48.5369 ], [ -122.61986, 48.52925 ], [ -122.63574, 48.52602 ], [ -122.64041, 48.52586 ], [ -122.64926, 48.52877 ], [ -122.65204, 48.53133 ], [ -122.65434, 48.53796 ], [ -122.65361, 48.54897 ] ] ], [ [ [ -122.69806, 48.62308 ], [ -122.67417, 48.62994 ], [ -122.65702, 48.60989 ], [ -122.66614, 48.60809 ], [ -122.66615, 48.60809 ], [ -122.6768, 48.61006 ], [ -122.68614, 48.61327 ], [ -122.69927, 48.62112 ], [ -122.69806, 48.62308 ] ] ], [ [ [ -122.72226, 48.73162 ], [ -122.71571, 48.74867 ], [ -122.70306, 48.7436 ], [ -122.69591, 48.73727 ], [ -122.66895, 48.70664 ], [ -122.66326, 48.69708 ], [ -122.6449, 48.69139 ], [ -122.61822, 48.67072 ], [ -122.60958, 48.64502 ], [ -122.61696, 48.64556 ], [ -122.6353, 48.65185 ], [ -122.67354, 48.68081 ], [ -122.69179, 48.7115 ], [ -122.70222, 48.717 ], [ -122.71883, 48.71682 ], [ -122.72198, 48.72337 ], [ -122.72226, 48.73162 ] ] ], [ [ [ -122.7399, 48.58395 ], [ -122.72493, 48.60326 ], [ -122.71451, 48.60878 ], [ -122.69467, 48.5966 ], [ -122.69174, 48.59061 ], [ -122.67064, 48.56881 ], [ -122.68944, 48.5439 ], [ -122.7164, 48.53987 ], [ -122.71728, 48.53974 ], [ -122.72241, 48.54061 ], [ -122.72403, 48.54991 ], [ -122.73048, 48.5656 ], [ -122.7362, 48.569 ], [ -122.73944, 48.57389 ], [ -122.7399, 48.58395 ] ] ], [ [ [ -122.76994, 48.22755 ], [ -122.75256, 48.26006 ], [ -122.74792, 48.26444 ], [ -122.73202, 48.27943 ], [ -122.72259, 48.30427 ], [ -122.72243, 48.30438 ], [ -122.71733, 48.308 ], [ -122.70708, 48.31529 ], [ -122.69459, 48.33004 ], [ -122.67373, 48.35468 ], [ -122.6671, 48.36985 ], [ -122.66493, 48.37482 ], [ -122.66466, 48.40151 ], [ -122.6448, 48.40549 ], [ -122.63499, 48.40424 ], [ -122.62429, 48.40049 ], [ -122.61717, 48.40714 ], [ -122.60971, 48.41157 ], [ -122.60198, 48.40991 ], [ -122.59673, 48.40563 ], [ -122.59535, 48.3972 ], [ -122.58504, 48.39517 ], [ -122.58817, 48.36899 ], [ -122.58889, 48.36301 ], [ -122.58516, 48.3533 ], [ -122.56552, 48.34822 ], [ -122.55133, 48.34214 ], [ -122.51598, 48.32042 ], [ -122.50657, 48.31004 ], [ -122.50473, 48.30037 ], [ -122.50583, 48.29768 ], [ -122.51954, 48.28831 ], [ -122.52276, 48.2855 ], [ -122.53098, 48.28245 ], [ -122.55179, 48.28151 ], [ -122.55594, 48.28186 ], [ -122.55833, 48.28206 ], [ -122.57487, 48.2949 ], [ -122.58409, 48.29799 ], [ -122.59953, 48.2983 ], [ -122.61847, 48.29416 ], [ -122.62676, 48.28899 ], [ -122.62075, 48.28296 ], [ -122.62378, 48.26943 ], [ -122.63767, 48.26734 ], [ -122.64819, 48.26575 ], [ -122.65264, 48.26508 ], [ -122.65343, 48.25934 ], [ -122.66921, 48.24061 ], [ -122.68088, 48.23924 ], [ -122.72177, 48.23441 ], [ -122.72618, 48.22266 ], [ -122.71097, 48.21411 ], [ -122.66839, 48.22397 ], [ -122.66532, 48.2237 ], [ -122.63126, 48.22069 ], [ -122.62835, 48.22247 ], [ -122.60641, 48.20826 ], [ -122.58814, 48.18594 ], [ -122.58578, 48.18235 ], [ -122.58259, 48.17042 ], [ -122.57491, 48.15559 ], [ -122.57384, 48.15453 ], [ -122.56794, 48.14862 ], [ -122.55821, 48.11958 ], [ -122.55991, 48.11419 ], [ -122.57161, 48.10511 ], [ -122.57185, 48.10214 ], [ -122.55456, 48.07739 ], [ -122.54512, 48.05255 ], [ -122.53794, 48.01607 ], [ -122.52985, 48.01865 ], [ -122.51797, 48.02243 ], [ -122.50965, 48.03976 ], [ -122.51399, 48.05908 ], [ -122.51108, 48.0753 ], [ -122.51691, 48.08109 ], [ -122.52542, 48.09654 ], [ -122.51328, 48.09754 ], [ -122.4911, 48.09424 ], [ -122.46161, 48.0685 ], [ -122.44842, 48.05432 ], [ -122.43127, 48.045 ], [ -122.41987, 48.04186 ], [ -122.40063, 48.03656 ], [ -122.38738, 48.03403 ], [ -122.37626, 48.03446 ], [ -122.37326, 48.00079 ], [ -122.36916, 47.99529 ], [ -122.35361, 47.98143 ], [ -122.35283, 47.97863 ], [ -122.35025, 47.96936 ], [ -122.3496, 47.9588 ], [ -122.35074, 47.95323 ], [ -122.35881, 47.93742 ], [ -122.36788, 47.93241 ], [ -122.37684, 47.9237 ], [ -122.37578, 47.91025 ], [ -122.3773, 47.90594 ], [ -122.3805, 47.90402 ], [ -122.39042, 47.9057 ], [ -122.39735, 47.9124 ], [ -122.41927, 47.91213 ], [ -122.43103, 47.91473 ], [ -122.44552, 47.93023 ], [ -122.44576, 47.93619 ], [ -122.44079, 47.94659 ], [ -122.44076, 47.95184 ], [ -122.44668, 47.96316 ], [ -122.47037, 47.98622 ], [ -122.47266, 47.98845 ], [ -122.4875, 47.99073 ], [ -122.50126, 47.98709 ], [ -122.51481, 47.98115 ], [ -122.51778, 47.97492 ], [ -122.52122, 47.973 ], [ -122.54682, 47.96722 ], [ -122.55205, 47.97364 ], [ -122.55103, 47.97735 ], [ -122.54306, 47.98598 ], [ -122.54156, 47.993 ], [ -122.54292, 47.9964 ], [ -122.56002, 48.0065 ], [ -122.56207, 48.00687 ], [ -122.57978, 48.01003 ], [ -122.58178, 48.01039 ], [ -122.60734, 48.03099 ], [ -122.59679, 48.03883 ], [ -122.59362, 48.0472 ], [ -122.59492, 48.05632 ], [ -122.61403, 48.07279 ], [ -122.61322, 48.07948 ], [ -122.60729, 48.08803 ], [ -122.5983, 48.11062 ], [ -122.60211, 48.13525 ], [ -122.60957, 48.15186 ], [ -122.6121, 48.15417 ], [ -122.61746, 48.15906 ], [ -122.63317, 48.16328 ], [ -122.65602, 48.16251 ], [ -122.67123, 48.15731 ], [ -122.67734, 48.15459 ], [ -122.67956, 48.15511 ], [ -122.68663, 48.17465 ], [ -122.69308, 48.18151 ], [ -122.71151, 48.19357 ], [ -122.7159, 48.19477 ], [ -122.73503, 48.19996 ], [ -122.74461, 48.20965 ], [ -122.76304, 48.21534 ], [ -122.77004, 48.2244 ], [ -122.76994, 48.22755 ] ] ], [ [ [ -122.91806, 48.76841 ], [ -122.8985, 48.76965 ], [ -122.87751, 48.76389 ], [ -122.88034, 48.75109 ], [ -122.8968, 48.746 ], [ -122.90295, 48.74845 ], [ -122.9086, 48.7507 ], [ -122.92075, 48.75554 ], [ -122.91806, 48.76841 ] ] ], [ [ [ -123.07043, 48.69997 ], [ -123.04018, 48.7173 ], [ -123.02549, 48.71797 ], [ -123.0197, 48.72131 ], [ -123.00979, 48.72229 ], [ -123.00751, 48.71886 ], [ -123.00509, 48.69434 ], [ -123.01445, 48.68498 ], [ -123.02121, 48.68142 ], [ -123.04234, 48.67566 ], [ -123.04165, 48.67863 ], [ -123.03567, 48.68535 ], [ -123.03636, 48.69008 ], [ -123.04706, 48.69577 ], [ -123.07043, 48.69997 ] ] ], [ [ [ -123.09055, 49.00198 ], [ -123.03539, 49.00215 ], [ -123.02146, 48.9773 ], [ -123.02809, 48.97394 ], [ -123.04097, 48.97731 ], [ -123.06072, 48.97539 ], [ -123.08383, 48.97614 ], [ -123.0845, 48.98654 ], [ -123.09055, 49.00198 ] ] ], [ [ [ -123.20303, 48.59618 ], [ -123.19572, 48.60706 ], [ -123.17843, 48.62212 ], [ -123.15164, 48.62369 ], [ -123.13971, 48.62279 ], [ -123.13564, 48.62017 ], [ -123.10736, 48.62245 ], [ -123.09846, 48.61283 ], [ -123.09825, 48.61009 ], [ -123.10207, 48.60404 ], [ -123.10155, 48.59782 ], [ -123.07461, 48.59182 ], [ -123.06004, 48.5821 ], [ -123.0484, 48.56922 ], [ -123.03367, 48.56341 ], [ -123.02395, 48.56206 ], [ -123.01505, 48.56082 ], [ -123.00589, 48.56118 ], [ -122.9873, 48.56189 ], [ -122.98611, 48.56998 ], [ -122.98965, 48.57467 ], [ -122.99503, 48.57816 ], [ -123.0048, 48.58079 ], [ -123.01665, 48.58024 ], [ -123.02321, 48.58458 ], [ -123.0341, 48.59177 ], [ -123.0249, 48.59448 ], [ -123.02343, 48.59948 ], [ -123.04119, 48.61195 ], [ -123.04653, 48.61149 ], [ -123.04865, 48.621 ], [ -123.02349, 48.634 ], [ -123.01559, 48.64257 ], [ -123.01483, 48.6475 ], [ -123.00992, 48.65506 ], [ -122.98888, 48.66725 ], [ -122.98485, 48.67269 ], [ -122.94912, 48.6934 ], [ -122.94132, 48.7029 ], [ -122.94237, 48.70672 ], [ -122.91825, 48.7135 ], [ -122.90625, 48.71428 ], [ -122.8946, 48.71503 ], [ -122.87594, 48.71212 ], [ -122.83312, 48.69817 ], [ -122.80254, 48.68268 ], [ -122.80027, 48.67962 ], [ -122.74305, 48.66199 ], [ -122.74208, 48.66069 ], [ -122.75503, 48.64951 ], [ -122.78387, 48.63542 ], [ -122.79215, 48.6335 ], [ -122.80962, 48.61903 ], [ -122.80886, 48.61531 ], [ -122.79901, 48.60468 ], [ -122.79877, 48.60235 ], [ -122.80022, 48.60169 ], [ -122.80487, 48.59593 ], [ -122.80261, 48.58963 ], [ -122.8011, 48.58543 ], [ -122.78659, 48.57667 ], [ -122.77121, 48.56243 ], [ -122.77035, 48.55811 ], [ -122.77238, 48.55214 ], [ -122.78262, 48.54519 ], [ -122.7885, 48.53039 ], [ -122.78735, 48.52301 ], [ -122.77747, 48.5178 ], [ -122.77912, 48.50891 ], [ -122.80041, 48.49447 ], [ -122.81633, 48.48784 ], [ -122.81791, 48.48389 ], [ -122.81973, 48.45884 ], [ -122.8131, 48.45286 ], [ -122.81076, 48.44904 ], [ -122.80771, 48.44406 ], [ -122.80251, 48.4331 ], [ -122.80352, 48.42875 ], [ -122.81221, 48.42233 ], [ -122.8258, 48.42413 ], [ -122.87413, 48.4182 ], [ -122.88376, 48.41879 ], [ -122.89365, 48.42265 ], [ -122.88902, 48.43595 ], [ -122.90321, 48.43698 ], [ -122.91389, 48.44323 ], [ -122.91777, 48.43978 ], [ -122.928, 48.43997 ], [ -122.91646, 48.45326 ], [ -122.9201, 48.45843 ], [ -122.9269, 48.46087 ], [ -122.93788, 48.45622 ], [ -122.95056, 48.45356 ], [ -122.96201, 48.45116 ], [ -123.03916, 48.46 ], [ -123.05815, 48.47152 ], [ -123.06767, 48.4795 ], [ -123.11945, 48.49258 ], [ -123.12107, 48.49351 ], [ -123.14148, 48.50529 ], [ -123.1485, 48.51164 ], [ -123.15107, 48.51396 ], [ -123.16323, 48.52954 ], [ -123.16406, 48.53562 ], [ -123.16185, 48.53925 ], [ -123.16147, 48.54762 ], [ -123.17241, 48.55649 ], [ -123.17627, 48.56213 ], [ -123.17585, 48.56848 ], [ -123.17196, 48.57225 ], [ -123.17306, 48.57909 ], [ -123.18494, 48.58697 ], [ -123.19775, 48.58622 ], [ -123.20268, 48.59021 ], [ -123.20303, 48.59618 ] ] ], [ [ [ -123.23657, 48.68895 ], [ -123.21289, 48.68971 ], [ -123.19795, 48.68466 ], [ -123.18608, 48.68492 ], [ -123.17207, 48.67987 ], [ -123.14799, 48.668 ], [ -123.13096, 48.65679 ], [ -123.12202, 48.64706 ], [ -123.10617, 48.63347 ], [ -123.11968, 48.63297 ], [ -123.13496, 48.63724 ], [ -123.17074, 48.65143 ], [ -123.1796, 48.65495 ], [ -123.21592, 48.66935 ], [ -123.23715, 48.68347 ], [ -123.23657, 48.68895 ] ] ], [ [ [ -124.73175, 48.17 ], [ -124.70415, 48.18442 ], [ -124.69611, 48.1986 ], [ -124.6909, 48.21262 ], [ -124.69039, 48.21975 ], [ -124.70503, 48.23877 ], [ -124.70592, 48.23989 ], [ -124.69966, 48.24581 ], [ -124.68468, 48.25523 ], [ -124.68088, 48.26535 ], [ -124.67936, 48.27526 ], [ -124.67632, 48.29514 ], [ -124.66926, 48.29635 ], [ -124.66591, 48.29932 ], [ -124.66207, 48.31045 ], [ -124.65894, 48.33106 ], [ -124.67007, 48.34134 ], [ -124.6967, 48.34975 ], [ -124.71382, 48.36631 ], [ -124.72702, 48.3711 ], [ -124.73086, 48.3762 ], [ -124.73183, 48.38116 ], [ -124.72584, 48.38601 ], [ -124.71695, 48.38978 ], [ -124.69451, 48.389 ], [ -124.65324, 48.39069 ], [ -124.63939, 48.38552 ], [ -124.63111, 48.37652 ], [ -124.62382, 48.3691 ], [ -124.61029, 48.36672 ], [ -124.59936, 48.37051 ], [ -124.59073, 48.3736 ], [ -124.57286, 48.36623 ], [ -124.56484, 48.36792 ], [ -124.54754, 48.35458 ], [ -124.54626, 48.35359 ], [ -124.53882, 48.34989 ], [ -124.52545, 48.34902 ], [ -124.51058, 48.34324 ], [ -124.41401, 48.30089 ], [ -124.39559, 48.28877 ], [ -124.38087, 48.2847 ], [ -124.36135, 48.28758 ], [ -124.34241, 48.2777 ], [ -124.29915, 48.26824 ], [ -124.29559, 48.26298 ], [ -124.29692, 48.2618 ], [ -124.29764, 48.26068 ], [ -124.29569, 48.25928 ], [ -124.27202, 48.25441 ], [ -124.26582, 48.25484 ], [ -124.25511, 48.25897 ], [ -124.25227, 48.261 ], [ -124.25088, 48.26477 ], [ -124.23858, 48.26247 ], [ -124.21787, 48.25329 ], [ -124.19269, 48.24632 ], [ -124.14129, 48.22741 ], [ -124.11097, 48.22056 ], [ -124.10177, 48.21688 ], [ -124.10721, 48.20008 ], [ -124.09072, 48.19646 ], [ -124.07212, 48.1899 ], [ -124.05073, 48.17775 ], [ -123.98103, 48.16476 ], [ -123.95535, 48.16546 ], [ -123.94422, 48.16294 ], [ -123.93492, 48.16084 ], [ -123.91559, 48.15935 ], [ -123.88007, 48.16062 ], [ -123.86668, 48.1548 ], [ -123.85882, 48.15427 ], [ -123.83157, 48.15794 ], [ -123.77812, 48.15547 ], [ -123.75639, 48.16106 ], [ -123.72874, 48.1628 ], [ -123.72829, 48.16086 ], [ -123.72535, 48.15919 ], [ -123.71835, 48.15871 ], [ -123.70623, 48.1634 ], [ -123.70643, 48.16582 ], [ -123.70274, 48.16678 ], [ -123.67244, 48.16271 ], [ -123.65141, 48.15695 ], [ -123.63697, 48.15032 ], [ -123.64111, 48.14613 ], [ -123.62882, 48.13928 ], [ -123.59084, 48.13495 ], [ -123.57421, 48.14076 ], [ -123.565, 48.14748 ], [ -123.56059, 48.1507 ], [ -123.55113, 48.15138 ], [ -123.53488, 48.14578 ], [ -123.52232, 48.13554 ], [ -123.52028, 48.13504 ], [ -123.50723, 48.13181 ], [ -123.47338, 48.13408 ], [ -123.45546, 48.14005 ], [ -123.44013, 48.14201 ], [ -123.43913, 48.14128 ], [ -123.44197, 48.12426 ], [ -123.43787, 48.12279 ], [ -123.43009, 48.12001 ], [ -123.42467, 48.11807 ], [ -123.4155, 48.11688 ], [ -123.40573, 48.11562 ], [ -123.39505, 48.11424 ], [ -123.36092, 48.11586 ], [ -123.34395, 48.11412 ], [ -123.3327, 48.11297 ], [ -123.31458, 48.11373 ], [ -123.28963, 48.12066 ], [ -123.28826, 48.12104 ], [ -123.28018, 48.11731 ], [ -123.26892, 48.11609 ], [ -123.24862, 48.11574 ], [ -123.23913, 48.11822 ], [ -123.21719, 48.1272 ], [ -123.19447, 48.14191 ], [ -123.19152, 48.14382 ], [ -123.1644, 48.16589 ], [ -123.14478, 48.17594 ], [ -123.13344, 48.17728 ], [ -123.13242, 48.1747 ], [ -123.13926, 48.16648 ], [ -123.14323, 48.15663 ], [ -123.13764, 48.15479 ], [ -123.13142, 48.15274 ], [ -123.12482, 48.15347 ], [ -123.11648, 48.15021 ], [ -123.08515, 48.12714 ], [ -123.06621, 48.12047 ], [ -123.05045, 48.10283 ], [ -123.03978, 48.08309 ], [ -123.0391, 48.08182 ], [ -123.03873, 48.08114 ], [ -123.01665, 48.08538 ], [ -123.00413, 48.09052 ], [ -122.97941, 48.09594 ], [ -122.94612, 48.09855 ], [ -122.9291, 48.09624 ], [ -122.91794, 48.09154 ], [ -122.92091, 48.0882 ], [ -122.92664, 48.0741 ], [ -122.92798, 48.06665 ], [ -122.92724, 48.0653 ], [ -122.92685, 48.06459 ], [ -122.9186, 48.05824 ], [ -122.87764, 48.04702 ], [ -122.86096, 48.02132 ], [ -122.87582, 47.99604 ], [ -122.85085, 47.9959 ], [ -122.83946, 48.00177 ], [ -122.83185, 48.01942 ], [ -122.82748, 48.04677 ], [ -122.84604, 48.05276 ], [ -122.84927, 48.05381 ], [ -122.85773, 48.06577 ], [ -122.87825, 48.07607 ], [ -122.88201, 48.10078 ], [ -122.87628, 48.11088 ], [ -122.83317, 48.13441 ], [ -122.82179, 48.13639 ], [ -122.79255, 48.14149 ], [ -122.78408, 48.14297 ], [ -122.76045, 48.14324 ], [ -122.74891, 48.11703 ], [ -122.75408, 48.11486 ], [ -122.77318, 48.10686 ], [ -122.77847, 48.10614 ], [ -122.78134, 48.10435 ], [ -122.7929, 48.09718 ], [ -122.79846, 48.09245 ], [ -122.8014, 48.08756 ], [ -122.77056, 48.05343 ], [ -122.77055, 48.05283 ], [ -122.7705, 48.0479 ], [ -122.76665, 48.04429 ], [ -122.74229, 48.04932 ], [ -122.74001, 48.05412 ], [ -122.73927, 48.06915 ], [ -122.74118, 48.07096 ], [ -122.74739, 48.07079 ], [ -122.74835, 48.0721 ], [ -122.73326, 48.09123 ], [ -122.71856, 48.09757 ], [ -122.69846, 48.1031 ], [ -122.68724, 48.10166 ], [ -122.69164, 48.09673 ], [ -122.69222, 48.08708 ], [ -122.68226, 48.04272 ], [ -122.67715, 48.03635 ], [ -122.66894, 48.03203 ], [ -122.66987, 48.01722 ], [ -122.6869, 48.00831 ], [ -122.69007, 48.00842 ], [ -122.69719, 48.01498 ], [ -122.70184, 48.01611 ], [ -122.71036, 48.01294 ], [ -122.72337, 48.00809 ], [ -122.71808, 47.98774 ], [ -122.70129, 47.97298 ], [ -122.68322, 47.97223 ], [ -122.6788, 47.96793 ], [ -122.67621, 47.95874 ], [ -122.68469, 47.94405 ], [ -122.68445, 47.93959 ], [ -122.68192, 47.93641 ], [ -122.66914, 47.93268 ], [ -122.66238, 47.9307 ], [ -122.65772, 47.93116 ], [ -122.65106, 47.92099 ], [ -122.65399, 47.91589 ], [ -122.65508, 47.90506 ], [ -122.64649, 47.89477 ], [ -122.63742, 47.88994 ], [ -122.61887, 47.89024 ], [ -122.61034, 47.88734 ], [ -122.63186, 47.87481 ], [ -122.63388, 47.8684 ], [ -122.63636, 47.86619 ], [ -122.65008, 47.86386 ], [ -122.66642, 47.8675 ], [ -122.69376, 47.868 ], [ -122.69097, 47.86012 ], [ -122.6816, 47.85041 ], [ -122.68374, 47.83877 ], [ -122.6886, 47.83144 ], [ -122.71961, 47.81304 ], [ -122.73196, 47.80974 ], [ -122.74002, 47.80514 ], [ -122.74806, 47.80055 ], [ -122.75054, 47.77397 ], [ -122.75789, 47.75774 ], [ -122.7585, 47.74604 ], [ -122.78168, 47.70392 ], [ -122.81193, 47.67986 ], [ -122.83214, 47.69551 ], [ -122.79062, 47.7926 ], [ -122.81262, 47.84003 ], [ -122.82018, 47.8359 ], [ -122.81503, 47.80749 ], [ -122.84561, 47.77747 ], [ -122.849, 47.77195 ], [ -122.88046, 47.72064 ], [ -122.89652, 47.67484 ], [ -122.97244, 47.6149 ], [ -122.97949, 47.60666 ], [ -123.10649, 47.45817 ], [ -123.15598, 47.35574 ], [ -123.14017, 47.3475 ], [ -123.12627, 47.35478 ], [ -123.1113, 47.36262 ], [ -123.0721, 47.35159 ], [ -123.03027, 47.35095 ], [ -122.98392, 47.37461 ], [ -122.93876, 47.38331 ], [ -122.91143, 47.3891 ], [ -122.90213, 47.39517 ], [ -122.87791, 47.41098 ], [ -122.87245, 47.42352 ], [ -122.87297, 47.42349 ], [ -122.90121, 47.42159 ], [ -122.90862, 47.41781 ], [ -122.91666, 47.41371 ], [ -122.9775, 47.39616 ], [ -123.01315, 47.37864 ], [ -123.05689, 47.3685 ], [ -123.08564, 47.37477 ], [ -123.11547, 47.37609 ], [ -123.12023, 47.39149 ], [ -123.03394, 47.49697 ], [ -123.01641, 47.5203 ], [ -122.96728, 47.58568 ], [ -122.96237, 47.58912 ], [ -122.92379, 47.61607 ], [ -122.9171, 47.62074 ], [ -122.85891, 47.64852 ], [ -122.85661, 47.64961 ], [ -122.8045, 47.65336 ], [ -122.78753, 47.65952 ], [ -122.75419, 47.67161 ], [ -122.74369, 47.71996 ], [ -122.74016, 47.73623 ], [ -122.73301, 47.73763 ], [ -122.72269, 47.74883 ], [ -122.71971, 47.76098 ], [ -122.7148, 47.76818 ], [ -122.70535, 47.77215 ], [ -122.69056, 47.77837 ], [ -122.68408, 47.79857 ], [ -122.68202, 47.80088 ], [ -122.6581, 47.81798 ], [ -122.64811, 47.82512 ], [ -122.62319, 47.8362 ], [ -122.61459, 47.85081 ], [ -122.6081, 47.85673 ], [ -122.57789, 47.85748 ], [ -122.57367, 47.85758 ], [ -122.5731, 47.87408 ], [ -122.58634, 47.90202 ], [ -122.58823, 47.91292 ], [ -122.59623, 47.92021 ], [ -122.6167, 47.92514 ], [ -122.62032, 47.93155 ], [ -122.61702, 47.93899 ], [ -122.61196, 47.94077 ], [ -122.60386, 47.94048 ], [ -122.57893, 47.92584 ], [ -122.54907, 47.91907 ], [ -122.53553, 47.91076 ], [ -122.52759, 47.90588 ], [ -122.51399, 47.88081 ], [ -122.51278, 47.86388 ], [ -122.50612, 47.83174 ], [ -122.50222, 47.82639 ], [ -122.48253, 47.81551 ], [ -122.48244, 47.80926 ], [ -122.48521, 47.80413 ], [ -122.49535, 47.79704 ], [ -122.49546, 47.78669 ], [ -122.4714, 47.76597 ], [ -122.47033, 47.75711 ], [ -122.47184, 47.74982 ], [ -122.47712, 47.74617 ], [ -122.47734, 47.74602 ], [ -122.48849, 47.74361 ], [ -122.50764, 47.74304 ], [ -122.51519, 47.74391 ], [ -122.51932, 47.74622 ], [ -122.53732, 47.74714 ], [ -122.55445, 47.7457 ], [ -122.5478, 47.72524 ], [ -122.54316, 47.71094 ], [ -122.53094, 47.70481 ], [ -122.52585, 47.7051 ], [ -122.52396, 47.70803 ], [ -122.5112, 47.70871 ], [ -122.5046, 47.69914 ], [ -122.50445, 47.68589 ], [ -122.50871, 47.67084 ], [ -122.51828, 47.65132 ], [ -122.51807, 47.65117 ], [ -122.50212, 47.63907 ], [ -122.49321, 47.63512 ], [ -122.49281, 47.62959 ], [ -122.49452, 47.62362 ], [ -122.49785, 47.62031 ], [ -122.50036, 47.61782 ], [ -122.49824, 47.59824 ], [ -122.49393, 47.58896 ], [ -122.48381, 47.58672 ], [ -122.47909, 47.58365 ], [ -122.50367, 47.57518 ], [ -122.51837, 47.57408 ], [ -122.52991, 47.56844 ], [ -122.53466, 47.56612 ], [ -122.54312, 47.55633 ], [ -122.54236, 47.53784 ], [ -122.54721, 47.52826 ], [ -122.54661, 47.52355 ], [ -122.54623, 47.52351 ], [ -122.53291, 47.52218 ], [ -122.52305, 47.524 ], [ -122.50054, 47.51528 ], [ -122.49488, 47.51026 ], [ -122.53051, 47.46904 ], [ -122.53074, 47.46255 ], [ -122.53189, 47.42883 ], [ -122.53698, 47.41973 ], [ -122.54612, 47.40341 ], [ -122.55114, 47.39446 ], [ -122.53704, 47.3759 ], [ -122.55154, 47.35954 ], [ -122.55584, 47.34752 ], [ -122.57134, 47.32722 ], [ -122.57544, 47.32651 ], [ -122.57599, 47.32642 ], [ -122.57374, 47.31842 ], [ -122.5718, 47.31624 ], [ -122.57124, 47.31562 ], [ -122.55013, 47.2905 ], [ -122.54752, 47.28534 ], [ -122.55821, 47.27471 ], [ -122.57821, 47.2548 ], [ -122.57976, 47.25224 ], [ -122.58886, 47.23714 ], [ -122.59049, 47.22775 ], [ -122.60254, 47.21751 ], [ -122.61424, 47.22087 ], [ -122.627, 47.23563 ], [ -122.66857, 47.27045 ], [ -122.67758, 47.27406 ], [ -122.69243, 47.28003 ], [ -122.69738, 47.28397 ], [ -122.67553, 47.33398 ], [ -122.67126, 47.34377 ], [ -122.63482, 47.37058 ], [ -122.63246, 47.37639 ], [ -122.63417, 47.37676 ], [ -122.63913, 47.37782 ], [ -122.67149, 47.36688 ], [ -122.68719, 47.35634 ], [ -122.72574, 47.33047 ], [ -122.74525, 47.29716 ], [ -122.74956, 47.27668 ], [ -122.74962, 47.27641 ], [ -122.71812, 47.25005 ], [ -122.72482, 47.23589 ], [ -122.70871, 47.23198 ], [ -122.70457, 47.23098 ], [ -122.68523, 47.23238 ], [ -122.67987, 47.23119 ], [ -122.6675, 47.22339 ], [ -122.65964, 47.21929 ], [ -122.64872, 47.21565 ], [ -122.6418, 47.20501 ], [ -122.64426, 47.1996 ], [ -122.65727, 47.19352 ], [ -122.67772, 47.1911 ], [ -122.67977, 47.17962 ], [ -122.67393, 47.17468 ], [ -122.67344, 47.1499 ], [ -122.6755, 47.14196 ], [ -122.68425, 47.13986 ], [ -122.69296, 47.13065 ], [ -122.69475, 47.1259 ], [ -122.70243, 47.12387 ], [ -122.712, 47.12768 ], [ -122.72216, 47.13713 ], [ -122.74293, 47.15147 ], [ -122.75059, 47.15685 ], [ -122.7638, 47.16612 ], [ -122.77162, 47.16711 ], [ -122.8328, 47.24341 ], [ -122.83975, 47.25272 ], [ -122.84329, 47.25747 ], [ -122.84233, 47.26756 ], [ -122.83369, 47.27375 ], [ -122.81663, 47.27646 ], [ -122.79903, 47.28931 ], [ -122.79665, 47.34165 ], [ -122.79757, 47.34341 ], [ -122.80283, 47.35344 ], [ -122.80461, 47.35683 ], [ -122.81749, 47.36149 ], [ -122.82187, 47.36307 ], [ -122.82524, 47.3534 ], [ -122.81974, 47.32796 ], [ -122.82234, 47.31976 ], [ -122.83664, 47.30678 ], [ -122.84586, 47.29841 ], [ -122.86373, 47.27022 ], [ -122.85617, 47.23379 ], [ -122.8383, 47.20835 ], [ -122.859, 47.16744 ], [ -122.85994, 47.16557 ], [ -122.85205, 47.16436 ], [ -122.84137, 47.16863 ], [ -122.8261, 47.17474 ], [ -122.81424, 47.17948 ], [ -122.78431, 47.13642 ], [ -122.77506, 47.12311 ], [ -122.72466, 47.10438 ], [ -122.72144, 47.10318 ], [ -122.69372, 47.10362 ], [ -122.67813, 47.10387 ], [ -122.65063, 47.13245 ], [ -122.64505, 47.13509 ], [ -122.64348, 47.13517 ], [ -122.63617, 47.13557 ], [ -122.63839, 47.14229 ], [ -122.64064, 47.14912 ], [ -122.63588, 47.16396 ], [ -122.63113, 47.16768 ], [ -122.61486, 47.16914 ], [ -122.60534, 47.17269 ], [ -122.59083, 47.17811 ], [ -122.59026, 47.17987 ], [ -122.58968, 47.18171 ], [ -122.58786, 47.18742 ], [ -122.58052, 47.21042 ], [ -122.57513, 47.2202 ], [ -122.56196, 47.2441 ], [ -122.56056, 47.24602 ], [ -122.54659, 47.26531 ], [ -122.53857, 47.27637 ], [ -122.5283, 47.29055 ], [ -122.52759, 47.29153 ], [ -122.54775, 47.3164 ], [ -122.54741, 47.31773 ], [ -122.54024, 47.31852 ], [ -122.53334, 47.31662 ], [ -122.49893, 47.2947 ], [ -122.47732, 47.28093 ], [ -122.47165, 47.27732 ], [ -122.46529, 47.27486 ], [ -122.45158, 47.26957 ], [ -122.44872, 47.26847 ], [ -122.4442, 47.26672 ], [ -122.4296, 47.26971 ], [ -122.41807, 47.28177 ], [ -122.4092, 47.28856 ], [ -122.41374, 47.29392 ], [ -122.42423, 47.29752 ], [ -122.43233, 47.29602 ], [ -122.44464, 47.30042 ], [ -122.44301, 47.30633 ], [ -122.42354, 47.31912 ], [ -122.41805, 47.32068 ], [ -122.4059, 47.32412 ], [ -122.38233, 47.3308 ], [ -122.38101, 47.33118 ], [ -122.38014, 47.33142 ], [ -122.36417, 47.33595 ], [ -122.34674, 47.33945 ], [ -122.33693, 47.34142 ], [ -122.32483, 47.34852 ], [ -122.32533, 47.37209 ], [ -122.32573, 47.39152 ], [ -122.32762, 47.39786 ], [ -122.32843, 47.40062 ], [ -122.33179, 47.40447 ], [ -122.33261, 47.40542 ], [ -122.33394, 47.40694 ], [ -122.33523, 47.40842 ], [ -122.34803, 47.41592 ], [ -122.35119, 47.42308 ], [ -122.35119, 47.4308 ], [ -122.35514, 47.44192 ], [ -122.36191, 47.44516 ], [ -122.36704, 47.44762 ], [ -122.38314, 47.45052 ], [ -122.36804, 47.45922 ], [ -122.36669, 47.46366 ], [ -122.36134, 47.48142 ], [ -122.36524, 47.48842 ], [ -122.3766, 47.49575 ], [ -122.38664, 47.50222 ], [ -122.39654, 47.51522 ], [ -122.3952, 47.52015 ], [ -122.39394, 47.52482 ], [ -122.3941, 47.52576 ], [ -122.39656, 47.53992 ], [ -122.39834, 47.55012 ], [ -122.40487, 47.56081 ], [ -122.40984, 47.56892 ], [ -122.42114, 47.57602 ], [ -122.40184, 47.58392 ], [ -122.38714, 47.59572 ], [ -122.37613, 47.58582 ], [ -122.37542, 47.58518 ], [ -122.37017, 47.58309 ], [ -122.35824, 47.58482 ], [ -122.34433, 47.59064 ], [ -122.34294, 47.59122 ], [ -122.33951, 47.59911 ], [ -122.33957, 47.59922 ], [ -122.34117, 47.60217 ], [ -122.34233, 47.6043 ], [ -122.34494, 47.60912 ], [ -122.34628, 47.61001 ], [ -122.35089, 47.61304 ], [ -122.35929, 47.61859 ], [ -122.35949, 47.61872 ], [ -122.36782, 47.62421 ], [ -122.38604, 47.63172 ], [ -122.38968, 47.63139 ], [ -122.39374, 47.63102 ], [ -122.40424, 47.63392 ], [ -122.41464, 47.63977 ], [ -122.42304, 47.65035 ], [ -122.42984, 47.65892 ], [ -122.41314, 47.67501 ], [ -122.40784, 47.68012 ], [ -122.405, 47.68672 ], [ -122.40384, 47.68942 ], [ -122.40089, 47.69281 ], [ -122.39325, 47.7016 ], [ -122.39211, 47.70227 ], [ -122.38075, 47.70894 ], [ -122.38044, 47.70912 ], [ -122.3787, 47.71233 ], [ -122.37644, 47.71652 ], [ -122.37314, 47.72922 ], [ -122.37551, 47.73417 ], [ -122.38264, 47.74912 ], [ -122.38024, 47.75852 ], [ -122.38532, 47.76342 ], [ -122.39444, 47.77222 ], [ -122.39642, 47.77793 ], [ -122.39704, 47.77972 ], [ -122.39495, 47.8033 ], [ -122.39494, 47.80332 ], [ -122.39204, 47.80772 ], [ -122.38031, 47.81767 ], [ -122.36072, 47.83428 ], [ -122.35324, 47.84062 ], [ -122.34654, 47.84242 ], [ -122.33994, 47.84672 ], [ -122.33595, 47.85231 ], [ -122.33312, 47.85988 ], [ -122.33136, 47.86457 ], [ -122.32954, 47.86942 ], [ -122.33015, 47.87532 ], [ -122.3329, 47.87931 ], [ -122.33354, 47.88025 ], [ -122.32855, 47.89792 ], [ -122.32758, 47.89992 ], [ -122.32185, 47.91182 ], [ -122.31193, 47.9237 ], [ -122.31075, 47.92512 ], [ -122.30975, 47.92912 ], [ -122.31115, 47.93672 ], [ -122.30705, 47.94912 ], [ -122.29111, 47.95318 ], [ -122.27805, 47.95652 ], [ -122.25975, 47.9584 ], [ -122.24901, 47.95951 ], [ -122.23132, 47.97015 ], [ -122.23005, 47.97092 ], [ -122.22635, 47.97642 ], [ -122.22879, 47.98099 ], [ -122.23214, 47.98723 ], [ -122.23239, 47.98771 ], [ -122.23022, 48.00715 ], [ -122.22877, 48.01247 ], [ -122.22498, 48.01663 ], [ -122.2258, 48.01823 ], [ -122.2307, 48.0278 ], [ -122.23176, 48.02988 ], [ -122.28109, 48.04979 ], [ -122.28829, 48.05667 ], [ -122.30584, 48.07341 ], [ -122.32171, 48.08551 ], [ -122.32612, 48.09288 ], [ -122.34324, 48.09763 ], [ -122.36335, 48.12331 ], [ -122.36384, 48.12393 ], [ -122.36508, 48.12582 ], [ -122.3638, 48.14276 ], [ -122.36474, 48.1513 ], [ -122.37014, 48.16454 ], [ -122.37025, 48.16481 ], [ -122.36348, 48.17444 ], [ -122.36204, 48.18757 ], [ -122.37249, 48.19302 ], [ -122.3821, 48.20711 ], [ -122.3857, 48.21781 ], [ -122.39541, 48.22846 ], [ -122.39612, 48.22923 ], [ -122.42557, 48.23289 ], [ -122.43058, 48.23624 ], [ -122.43377, 48.23655 ], [ -122.44961, 48.2326 ], [ -122.45371, 48.22886 ], [ -122.45362, 48.22683 ], [ -122.44951, 48.21474 ], [ -122.44451, 48.21452 ], [ -122.44173, 48.21178 ], [ -122.44205, 48.20935 ], [ -122.45493, 48.19664 ], [ -122.46189, 48.19314 ], [ -122.4648, 48.19477 ], [ -122.47025, 48.19401 ], [ -122.47853, 48.18809 ], [ -122.47901, 48.1757 ], [ -122.47828, 48.17367 ], [ -122.47667, 48.16921 ], [ -122.4758, 48.16679 ], [ -122.44238, 48.13084 ], [ -122.41165, 48.11321 ], [ -122.37948, 48.08738 ], [ -122.36034, 48.06153 ], [ -122.35837, 48.05613 ], [ -122.36311, 48.05455 ], [ -122.37711, 48.05757 ], [ -122.38769, 48.06519 ], [ -122.39079, 48.06948 ], [ -122.39341, 48.07847 ], [ -122.40069, 48.08525 ], [ -122.4237, 48.10294 ], [ -122.44966, 48.11404 ], [ -122.4675, 48.13035 ], [ -122.47798, 48.12905 ], [ -122.48674, 48.12095 ], [ -122.48999, 48.12062 ], [ -122.51203, 48.13393 ], [ -122.51424, 48.13974 ], [ -122.52258, 48.16171 ], [ -122.53722, 48.18375 ], [ -122.53827, 48.19986 ], [ -122.53892, 48.20968 ], [ -122.53443, 48.22301 ], [ -122.53521, 48.24021 ], [ -122.531, 48.24982 ], [ -122.50379, 48.25704 ], [ -122.49965, 48.25661 ], [ -122.49773, 48.25339 ], [ -122.49345, 48.25204 ], [ -122.48372, 48.25178 ], [ -122.48092, 48.25171 ], [ -122.47449, 48.25523 ], [ -122.4668, 48.2696 ], [ -122.46396, 48.27054 ], [ -122.40654, 48.25164 ], [ -122.40555, 48.25213 ], [ -122.39533, 48.25719 ], [ -122.39206, 48.26963 ], [ -122.37169, 48.28784 ], [ -122.37682, 48.2961 ], [ -122.3783, 48.29768 ], [ -122.38431, 48.30412 ], [ -122.40872, 48.32641 ], [ -122.4241, 48.33435 ], [ -122.44268, 48.33793 ], [ -122.47553, 48.35991 ], [ -122.4786, 48.36072 ], [ -122.48242, 48.36174 ], [ -122.49206, 48.3618 ], [ -122.49769, 48.36184 ], [ -122.50744, 48.36467 ], [ -122.52907, 48.38025 ], [ -122.53345, 48.38341 ], [ -122.53945, 48.39719 ], [ -122.54749, 48.39989 ], [ -122.55454, 48.40604 ], [ -122.5584, 48.42676 ], [ -122.55122, 48.43946 ], [ -122.5544, 48.44206 ], [ -122.5573, 48.44444 ], [ -122.56835, 48.44499 ], [ -122.57525, 48.44333 ], [ -122.58161, 48.42924 ], [ -122.61266, 48.41833 ], [ -122.6548, 48.41107 ], [ -122.66534, 48.41645 ], [ -122.67416, 48.42473 ], [ -122.67893, 48.43947 ], [ -122.67707, 48.44406 ], [ -122.67419, 48.44333 ], [ -122.67409, 48.44198 ], [ -122.66725, 48.4425 ], [ -122.65484, 48.45409 ], [ -122.65754, 48.47154 ], [ -122.65775, 48.47294 ], [ -122.66462, 48.47813 ], [ -122.67039, 48.47783 ], [ -122.68544, 48.47704 ], [ -122.68912, 48.47685 ], [ -122.69572, 48.46478 ], [ -122.69559, 48.46056 ], [ -122.7006, 48.45763 ], [ -122.71036, 48.46158 ], [ -122.71232, 48.46414 ], [ -122.71298, 48.47879 ], [ -122.70809, 48.48692 ], [ -122.70164, 48.49762 ], [ -122.68452, 48.50912 ], [ -122.67912, 48.5078 ], [ -122.67825, 48.50648 ], [ -122.67692, 48.50448 ], [ -122.67139, 48.50398 ], [ -122.63646, 48.51482 ], [ -122.61552, 48.52132 ], [ -122.61518, 48.52143 ], [ -122.60696, 48.52215 ], [ -122.59995, 48.52095 ], [ -122.59847, 48.51217 ], [ -122.5868, 48.49661 ], [ -122.58568, 48.49659 ], [ -122.55676, 48.49617 ], [ -122.53736, 48.46675 ], [ -122.53284, 48.46606 ], [ -122.5279, 48.46769 ], [ -122.52694, 48.468 ], [ -122.51506, 48.46555 ], [ -122.51474, 48.46523 ], [ -122.51135, 48.46182 ], [ -122.50072, 48.46089 ], [ -122.47183, 48.47072 ], [ -122.46963, 48.47219 ], [ -122.46967, 48.47498 ], [ -122.47376, 48.47975 ], [ -122.47885, 48.48174 ], [ -122.4835, 48.49243 ], [ -122.485, 48.50962 ], [ -122.48405, 48.51999 ], [ -122.48387, 48.52189 ], [ -122.48529, 48.52811 ], [ -122.49846, 48.55621 ], [ -122.50443, 48.56477 ], [ -122.52537, 48.56734 ], [ -122.53198, 48.56864 ], [ -122.53472, 48.57425 ], [ -122.53479, 48.57596 ], [ -122.51237, 48.57807 ], [ -122.4959, 48.57593 ], [ -122.48842, 48.56466 ], [ -122.48241, 48.55965 ], [ -122.47843, 48.5593 ], [ -122.45492, 48.56681 ], [ -122.44456, 48.57012 ], [ -122.43306, 48.58161 ], [ -122.42527, 48.59952 ], [ -122.4487, 48.62262 ], [ -122.46425, 48.62572 ], [ -122.48688, 48.64312 ], [ -122.48879, 48.6454 ], [ -122.49399, 48.6516 ], [ -122.50031, 48.65616 ], [ -122.50672, 48.66969 ], [ -122.51056, 48.68307 ], [ -122.51917, 48.7131 ], [ -122.51551, 48.72099 ], [ -122.50568, 48.72452 ], [ -122.50505, 48.72531 ], [ -122.4953, 48.73733 ], [ -122.49276, 48.74449 ], [ -122.49128, 48.74866 ], [ -122.4904, 48.75113 ], [ -122.49607, 48.75295 ], [ -122.5109, 48.75773 ], [ -122.51167, 48.7582 ], [ -122.5282, 48.76843 ], [ -122.53035, 48.7706 ], [ -122.5358, 48.77613 ], [ -122.5675, 48.77918 ], [ -122.5731, 48.77772 ], [ -122.59684, 48.77149 ], [ -122.59803, 48.76949 ], [ -122.60679, 48.75914 ], [ -122.62781, 48.74466 ], [ -122.63715, 48.73571 ], [ -122.63808, 48.73249 ], [ -122.62629, 48.72093 ], [ -122.61256, 48.71493 ], [ -122.60573, 48.70107 ], [ -122.6061, 48.69856 ], [ -122.61517, 48.69384 ], [ -122.62034, 48.69365 ], [ -122.63042, 48.69662 ], [ -122.64632, 48.708 ], [ -122.67347, 48.73308 ], [ -122.66695, 48.74844 ], [ -122.66111, 48.75396 ], [ -122.64744, 48.774 ], [ -122.64574, 48.78154 ], [ -122.64678, 48.78501 ], [ -122.65653, 48.78497 ], [ -122.65971, 48.78652 ], [ -122.66421, 48.79008 ], [ -122.68025, 48.80275 ], [ -122.69368, 48.80447 ], [ -122.69722, 48.80281 ], [ -122.69867, 48.80052 ], [ -122.69951, 48.79491 ], [ -122.6993, 48.78906 ], [ -122.70311, 48.78632 ], [ -122.70982, 48.78621 ], [ -122.7112, 48.79146 ], [ -122.70917, 48.81783 ], [ -122.70947, 48.81949 ], [ -122.7118, 48.83241 ], [ -122.71707, 48.84719 ], [ -122.72268, 48.85285 ], [ -122.78566, 48.88507 ], [ -122.79318, 48.89293 ], [ -122.79258, 48.89473 ], [ -122.78375, 48.89464 ], [ -122.76964, 48.90185 ], [ -122.75129, 48.91124 ], [ -122.74751, 48.91558 ], [ -122.74537, 48.92123 ], [ -122.7466, 48.93073 ], [ -122.74945, 48.93324 ], [ -122.75562, 48.93866 ], [ -122.7648, 48.94155 ], [ -122.7661, 48.94196 ], [ -122.77043, 48.94253 ], [ -122.78754, 48.9317 ], [ -122.81823, 48.93906 ], [ -122.82163, 48.94137 ], [ -122.82246, 48.94491 ], [ -122.81723, 48.95597 ], [ -122.79689, 48.97503 ], [ -122.77428, 48.99104 ], [ -122.76857, 48.99149 ], [ -122.76631, 48.99167 ], [ -122.75632, 48.99688 ], [ -122.75604, 48.99951 ], [ -122.75802, 49.00236 ], [ -122.73534, 49.00235 ], [ -122.70541, 49.00233 ], [ -122.59587, 49.00228 ], [ -122.55071, 49.00226 ], [ -122.46281, 49.00222 ], [ -122.40783, 49.00219 ], [ -122.40599, 49.00224 ], [ -122.25106, 49.00249 ], [ -122.13664, 49.00223 ], [ -122.09836, 49.00215 ], [ -121.94947, 49.00011 ], [ -121.75125, 48.9974 ], [ -121.39554, 48.99985 ], [ -121.34529, 49.00084 ], [ -121.25693, 49.00009 ], [ -121.25124, 49.00017 ], [ -121.24895, 49.00093 ], [ -121.2299, 49.00116 ], [ -121.12624, 49.00141 ], [ -121.05997, 49.00062 ], [ -120.97895, 49.00037 ], [ -120.85156, 49.00028 ], [ -120.7166, 49.00019 ], [ -120.37622, 49.00071 ], [ -120.0012, 48.99942 ], [ -119.91926, 49.00009 ], [ -119.87619, 49.00045 ], [ -119.70202, 49.00027 ], [ -119.70122, 49.00026 ], [ -119.4577, 49.00026 ], [ -119.44209, 49.00026 ], [ -119.42868, 49.00025 ], [ -119.18073, 49.00029 ], [ -119.13727, 49.0003 ], [ -119.1321, 49.00026 ], [ -118.83661, 49.00031 ], [ -118.19738, 49.00041 ], [ -118.00205, 49.00044 ], [ -118.00111, 48.99991 ], [ -117.8844, 48.99991 ], [ -117.8761, 49.00055 ], [ -117.63091, 49.00082 ], [ -117.60732, 49.00084 ], [ -117.42997, 49.00036 ], [ -117.26819, 48.99993 ], [ -117.26825, 48.99982 ], [ -117.12608, 48.99889 ], [ -117.03235, 48.99919 ], [ -117.03211, 48.87493 ], [ -117.03238, 48.84667 ], [ -117.03333, 48.74992 ], [ -117.03367, 48.6569 ], [ -117.03436, 48.62852 ], [ -117.0345, 48.62077 ], [ -117.03543, 48.49991 ], [ -117.03538, 48.47882 ], [ -117.03529, 48.43011 ], [ -117.03529, 48.42982 ], [ -117.03525, 48.42314 ], [ -117.03529, 48.42273 ], [ -117.03518, 48.37122 ], [ -117.03518, 48.37088 ], [ -117.03751, 48.25983 ], [ -117.0386, 48.20794 ], [ -117.03908, 48.19664 ], [ -117.03928, 48.19189 ], [ -117.0396, 48.18439 ], [ -117.03961, 48.18402 ], [ -117.03958, 48.18112 ], [ -117.03958, 48.18085 ], [ -117.03958, 48.18031 ], [ -117.03962, 48.17814 ], [ -117.03941, 48.17725 ], [ -117.03955, 48.17396 ], [ -117.03979, 48.16657 ], [ -117.04111, 48.1249 ], [ -117.0414, 48.08554 ], [ -117.0414, 48.0855 ], [ -117.04168, 48.04556 ], [ -117.04168, 48.04546 ], [ -117.04226, 47.97745 ], [ -117.04236, 47.96634 ], [ -117.04243, 47.88615 ], [ -117.04245, 47.86131 ], [ -117.04247, 47.83901 ], [ -117.042, 47.8224 ], [ -117.04206, 47.77863 ], [ -117.04248, 47.76653 ], [ -117.04252, 47.7649 ], [ -117.04262, 47.76122 ], [ -117.04266, 47.76086 ], [ -117.04206, 47.7451 ], [ -117.04214, 47.7441 ], [ -117.04167, 47.73592 ], [ -117.04167, 47.73586 ], [ -117.04163, 47.7353 ], [ -117.04168, 47.72271 ], [ -117.04163, 47.7064 ], [ -117.0416, 47.69768 ], [ -117.04159, 47.6954 ], [ -117.04153, 47.68319 ], [ -117.04143, 47.68 ], [ -117.04143, 47.67818 ], [ -117.04143, 47.67814 ], [ -117.04113, 47.62357 ], [ -117.04099, 47.59852 ], [ -117.04091, 47.58474 ], [ -117.04085, 47.57412 ], [ -117.04117, 47.55853 ], [ -117.04128, 47.55821 ], [ -117.04075, 47.53291 ], [ -117.04054, 47.52756 ], [ -117.04052, 47.52333 ], [ -117.04051, 47.52235 ], [ -117.04051, 47.52229 ], [ -117.03995, 47.47782 ], [ -117.03997, 47.46331 ], [ -117.03995, 47.43489 ], [ -117.03995, 47.41241 ], [ -117.03988, 47.39908 ], [ -117.04018, 47.3749 ], [ -117.04007, 47.36603 ], [ -117.03984, 47.3472 ], [ -117.04002, 47.25927 ], [ -117.0399, 47.22552 ], [ -117.03989, 47.20328 ], [ -117.03987, 47.18186 ], [ -117.03984, 47.15473 ], [ -117.03982, 47.13399 ], [ -117.03982, 47.12727 ], [ -117.03966, 46.82601 ], [ -117.03966, 46.8258 ], [ -117.03982, 46.81607 ], [ -117.03983, 46.81544 ], [ -117.03952, 46.7324 ], [ -117.03952, 46.7324 ], [ -117.0394, 46.70019 ], [ -117.03953, 46.62081 ], [ -117.03953, 46.62077 ], [ -117.03966, 46.54171 ], [ -117.03977, 46.47178 ], [ -117.03976, 46.46957 ], [ -117.03974, 46.4627 ], [ -117.03981, 46.4259 ], [ -117.03981, 46.42542 ], [ -117.03656, 46.4226 ], [ -117.03563, 46.42045 ], [ -117.0347, 46.41832 ], [ -117.03554, 46.41001 ], [ -117.03646, 46.40779 ], [ -117.03828, 46.40604 ], [ -117.04147, 46.39604 ], [ -117.0415, 46.39594 ], [ -117.04174, 46.3952 ], [ -117.04195, 46.39216 ], [ -117.04691, 46.37958 ], [ -117.04947, 46.37682 ], [ -117.05178, 46.37564 ], [ -117.05305, 46.37469 ], [ -117.05752, 46.3714 ], [ -117.06104, 46.36775 ], [ -117.06128, 46.36742 ], [ -117.06279, 46.36529 ], [ -117.06275, 46.35362 ], [ -117.06263, 46.35252 ], [ -117.0607, 46.34902 ], [ -117.05598, 46.34553 ], [ -117.05173, 46.34383 ], [ -117.04547, 46.34249 ], [ -117.03445, 46.34132 ], [ -117.03067, 46.34031 ], [ -117.02774, 46.33875 ], [ -117.02384, 46.33598 ], [ -117.02315, 46.33476 ], [ -117.02271, 46.32899 ], [ -117.02342, 46.32643 ], [ -117.02294, 46.32017 ], [ -117.02229, 46.31747 ], [ -117.02066, 46.31479 ], [ -117.01641, 46.31124 ], [ -117.00749, 46.3053 ], [ -116.99726, 46.30315 ], [ -116.98979, 46.29939 ], [ -116.98669, 46.29666 ], [ -116.98463, 46.2927 ], [ -116.98491, 46.28974 ], [ -116.99089, 46.28037 ], [ -116.99142, 46.27847 ], [ -116.99113, 46.27634 ], [ -116.98739, 46.27287 ], [ -116.97605, 46.26601 ], [ -116.97259, 46.26327 ], [ -116.9703, 46.26123 ], [ -116.96674, 46.25692 ], [ -116.96438, 46.25328 ], [ -116.9588, 46.24232 ], [ -116.95526, 46.23088 ], [ -116.95603, 46.22598 ], [ -116.95943, 46.21981 ], [ -116.96613, 46.20945 ], [ -116.96657, 46.2075 ], [ -116.96584, 46.20342 ], [ -116.96297, 46.19968 ], [ -116.95242, 46.19351 ], [ -116.94172, 46.18503 ], [ -116.92396, 46.17092 ], [ -116.92187, 46.16781 ], [ -116.92126, 46.16479 ], [ -116.92265, 46.16074 ], [ -116.93547, 46.14245 ], [ -116.94834, 46.12588 ], [ -116.95028, 46.12346 ], [ -116.95098, 46.11885 ], [ -116.95127, 46.11116 ], [ -116.95526, 46.10224 ], [ -116.95955, 46.09906 ], [ -116.97406, 46.09771 ], [ -116.97696, 46.09667 ], [ -116.97882, 46.09573 ], [ -116.98175, 46.09288 ], [ -116.9825, 46.09135 ], [ -116.98248, 46.08939 ], [ -116.98196, 46.08492 ], [ -116.97894, 46.08001 ], [ -116.97001, 46.07677 ], [ -116.96319, 46.0759 ], [ -116.96042, 46.07635 ], [ -116.95737, 46.07545 ], [ -116.94856, 46.06793 ], [ -116.94266, 46.061 ], [ -116.93171, 46.03965 ], [ -116.92301, 46.01829 ], [ -116.91868, 45.99988 ], [ -116.91718, 45.99657 ], [ -116.91599, 45.99541 ], [ -116.94068, 45.99627 ], [ -116.98588, 45.99697 ], [ -117.0513, 45.99685 ], [ -117.07005, 45.99751 ], [ -117.09019, 45.99762 ], [ -117.21262, 45.99832 ], [ -117.21453, 45.99832 ], [ -117.21673, 45.99836 ], [ -117.33767, 45.99866 ], [ -117.35393, 45.99635 ], [ -117.39074, 45.9986 ], [ -117.43994, 45.99863 ], [ -117.47515, 45.99789 ], [ -117.47536, 45.99786 ], [ -117.47994, 45.99787 ], [ -117.4801, 45.99787 ], [ -117.50483, 45.99832 ], [ -117.60316, 45.99889 ], [ -117.60342, 45.99889 ], [ -117.71785, 45.99987 ], [ -117.97766, 46.00072 ], [ -117.99691, 46.00079 ], [ -117.99695, 46.00079 ], [ -118.1262, 46.00028 ], [ -118.13102, 46.00028 ], [ -118.14603, 46.0007 ], [ -118.22894, 46.00042 ], [ -118.23658, 46.00042 ], [ -118.23667, 46.00042 ], [ -118.25253, 46.00046 ], [ -118.25637, 46.00044 ], [ -118.28353, 46.00079 ], [ -118.31498, 46.00045 ], [ -118.36779, 46.00062 ], [ -118.37836, 46.00057 ], [ -118.38729, 46.00058 ], [ -118.40382, 46.00059 ], [ -118.42403, 46.0006 ], [ -118.47076, 46.00063 ], [ -118.49703, 46.00062 ], [ -118.53712, 46.00084 ], [ -118.56939, 46.00077 ], [ -118.57571, 46.00072 ], [ -118.57991, 46.00082 ], [ -118.63773, 46.00097 ], [ -118.63933, 46.00099 ], [ -118.65872, 46.00095 ], [ -118.67787, 46.00093 ], [ -118.78577, 46.00079 ], [ -118.78869, 46.00078 ], [ -118.94124, 46.00057 ], [ -118.98713, 45.99985 ], [ -118.9872, 45.99979 ], [ -119.00856, 45.97927 ], [ -119.02706, 45.96913 ], [ -119.06146, 45.95853 ], [ -119.09322, 45.94275 ], [ -119.12612, 45.93286 ], [ -119.14139, 45.93101 ], [ -119.1695, 45.9276 ], [ -119.19553, 45.92787 ], [ -119.22575, 45.93272 ], [ -119.25715, 45.93993 ], [ -119.31278, 45.93419 ], [ -119.32251, 45.93318 ], [ -119.3644, 45.9216 ], [ -119.43215, 45.91825 ], [ -119.45026, 45.91735 ], [ -119.48783, 45.90631 ], [ -119.52463, 45.90861 ], [ -119.57158, 45.92546 ], [ -119.60055, 45.91958 ], [ -119.62339, 45.90564 ], [ -119.66988, 45.85687 ], [ -119.6722, 45.85661 ], [ -119.77293, 45.84558 ], [ -119.80266, 45.84753 ], [ -119.86813, 45.83596 ], [ -119.86827, 45.83594 ], [ -119.87614, 45.83472 ], [ -119.90746, 45.82814 ], [ -119.96574, 45.82437 ], [ -119.9995, 45.81248 ], [ -120.00115, 45.8119 ], [ -120.07015, 45.78515 ], [ -120.14135, 45.77315 ], [ -120.17045, 45.76195 ], [ -120.21075, 45.72595 ], [ -120.28216, 45.72125 ], [ -120.28866, 45.72015 ], [ -120.32906, 45.71105 ], [ -120.40396, 45.69925 ], [ -120.48236, 45.69445 ], [ -120.50586, 45.70005 ], [ -120.52196, 45.70985 ], [ -120.55332, 45.73368 ], [ -120.55947, 45.73835 ], [ -120.59117, 45.74655 ], [ -120.63497, 45.74585 ], [ -120.65353, 45.73725 ], [ -120.66887, 45.73015 ], [ -120.68937, 45.71585 ], [ -120.72417, 45.70645 ], [ -120.78887, 45.68625 ], [ -120.83614, 45.67584 ], [ -120.85567, 45.67155 ], [ -120.87004, 45.66124 ], [ -120.89557, 45.64294 ], [ -120.91348, 45.64005 ], [ -120.9158, 45.6413 ], [ -120.91588, 45.64135 ], [ -120.94398, 45.65644 ], [ -120.95308, 45.65675 ], [ -120.97798, 45.64934 ], [ -120.98348, 45.64834 ], [ -121.00745, 45.65322 ], [ -121.03358, 45.651 ], [ -121.06437, 45.65255 ], [ -121.08493, 45.64789 ], [ -121.12006, 45.62313 ], [ -121.11705, 45.61812 ], [ -121.1222, 45.61607 ], [ -121.12379, 45.61504 ], [ -121.13195, 45.60976 ], [ -121.13948, 45.61196 ], [ -121.14553, 45.60789 ], [ -121.16785, 45.6061 ], [ -121.17047, 45.60615 ], [ -121.18384, 45.60644 ], [ -121.18445, 45.60693 ], [ -121.19656, 45.61669 ], [ -121.19615, 45.62063 ], [ -121.19523, 45.62951 ], [ -121.19663, 45.63505 ], [ -121.20037, 45.64983 ], [ -121.21578, 45.67124 ], [ -121.25118, 45.67839 ], [ -121.28732, 45.68702 ], [ -121.3122, 45.69993 ], [ -121.33777, 45.70495 ], [ -121.35127, 45.70424 ], [ -121.37257, 45.70311 ], [ -121.40174, 45.69289 ], [ -121.42359, 45.69399 ], [ -121.44122, 45.6973 ], [ -121.46285, 45.70137 ], [ -121.48367, 45.71254 ], [ -121.49469, 45.71845 ], [ -121.49915, 45.72085 ], [ -121.52239, 45.72468 ], [ -121.52369, 45.7249 ], [ -121.53311, 45.72654 ], [ -121.56273, 45.71993 ], [ -121.63117, 45.70466 ], [ -121.63812, 45.70474 ], [ -121.66836, 45.70508 ], [ -121.70736, 45.69481 ], [ -121.7351, 45.69404 ], [ -121.8113, 45.70676 ], [ -121.83811, 45.70029 ], [ -121.85821, 45.69544 ], [ -121.86717, 45.69328 ], [ -121.90185, 45.67072 ], [ -121.9009, 45.66235 ], [ -121.90086, 45.66201 ], [ -121.90827, 45.6544 ], [ -121.92203, 45.64916 ], [ -121.93515, 45.64417 ], [ -121.95184, 45.64495 ], [ -121.95573, 45.64356 ], [ -121.96355, 45.63278 ], [ -121.9798, 45.62484 ], [ -121.98304, 45.62281 ], [ -122.00369, 45.61593 ], [ -122.02257, 45.61515 ], [ -122.04437, 45.60952 ], [ -122.10168, 45.58352 ], [ -122.11236, 45.58141 ], [ -122.1262, 45.58262 ], [ -122.1262, 45.58257 ], [ -122.12949, 45.58297 ], [ -122.12955, 45.58295 ], [ -122.14075, 45.58451 ], [ -122.1837, 45.5777 ], [ -122.2017, 45.56414 ], [ -122.24891, 45.54777 ], [ -122.24899, 45.54774 ], [ -122.26262, 45.54432 ], [ -122.2667, 45.54384 ], [ -122.2949, 45.54354 ], [ -122.3315, 45.54824 ], [ -122.3528, 45.56944 ], [ -122.37219, 45.57402 ], [ -122.3803, 45.57594 ], [ -122.3918, 45.57454 ], [ -122.3971, 45.5726 ], [ -122.40122, 45.5711 ], [ -122.41071, 45.56763 ], [ -122.43867, 45.56359 ], [ -122.45389, 45.56731 ], [ -122.47098, 45.57636 ], [ -122.47466, 45.57831 ], [ -122.47931, 45.57976 ], [ -122.49226, 45.58328 ], [ -122.50535, 45.58593 ], [ -122.52367, 45.58963 ], [ -122.54598, 45.59614 ], [ -122.54815, 45.59677 ], [ -122.54996, 45.59716 ], [ -122.58141, 45.60394 ], [ -122.58233, 45.6041 ], [ -122.58601, 45.60474 ], [ -122.60261, 45.60764 ], [ -122.60772, 45.6079 ], [ -122.64391, 45.60974 ], [ -122.67501, 45.61804 ], [ -122.67509, 45.61807 ], [ -122.69101, 45.62474 ], [ -122.69119, 45.62484 ], [ -122.71331, 45.63744 ], [ -122.73811, 45.64414 ], [ -122.76241, 45.65643 ], [ -122.76381, 45.65714 ], [ -122.77451, 45.68044 ], [ -122.77251, 45.69964 ], [ -122.76219, 45.72858 ], [ -122.76011, 45.73441 ], [ -122.76145, 45.75916 ], [ -122.76953, 45.78058 ], [ -122.77065, 45.78184 ], [ -122.77898, 45.79125 ], [ -122.7956, 45.81 ], [ -122.79596, 45.82502 ], [ -122.7857, 45.84422 ], [ -122.78552, 45.85054 ], [ -122.7853, 45.8581 ], [ -122.78503, 45.8677 ], [ -122.79468, 45.87998 ], [ -122.79809, 45.88433 ], [ -122.81151, 45.91273 ], [ -122.8112, 45.91386 ], [ -122.80619, 45.93242 ], [ -122.81222, 45.95446 ], [ -122.814, 45.96098 ], [ -122.83342, 45.97728 ], [ -122.83764, 45.98082 ], [ -122.85616, 46.01447 ], [ -122.87766, 46.03095 ], [ -122.87809, 46.03128 ], [ -122.88133, 46.04597 ], [ -122.88448, 46.06028 ], [ -122.90412, 46.08373 ], [ -122.96268, 46.10482 ], [ -123.00423, 46.13382 ], [ -123.00944, 46.13604 ], [ -123.02215, 46.13911 ], [ -123.02289, 46.13944 ], [ -123.03382, 46.14434 ], [ -123.0413, 46.14635 ], [ -123.05106, 46.1536 ], [ -123.10502, 46.17768 ], [ -123.1159, 46.18527 ], [ -123.16641, 46.18897 ], [ -123.21305, 46.17254 ], [ -123.2312, 46.16615 ], [ -123.25123, 46.15645 ], [ -123.28017, 46.14484 ], [ -123.30103, 46.14463 ], [ -123.33234, 46.14613 ], [ -123.36374, 46.14632 ], [ -123.37143, 46.14637 ], [ -123.43085, 46.18183 ], [ -123.42763, 46.22935 ], [ -123.44759, 46.24983 ], [ -123.46874, 46.26453 ], [ -123.47484, 46.26783 ], [ -123.47964, 46.26913 ], [ -123.50124, 46.271 ], [ -123.51619, 46.26615 ], [ -123.52639, 46.2634 ], [ -123.53809, 46.26061 ], [ -123.54766, 46.25911 ], [ -123.54764, 46.26559 ], [ -123.55992, 46.2651 ], [ -123.5644, 46.26217 ], [ -123.58164, 46.2605 ], [ -123.61354, 46.25999 ], [ -123.6695, 46.26683 ], [ -123.67912, 46.2725 ], [ -123.68008, 46.27794 ], [ -123.67807, 46.28647 ], [ -123.67876, 46.29072 ], [ -123.68057, 46.29603 ], [ -123.68776, 46.29924 ], [ -123.70076, 46.30528 ], [ -123.72427, 46.30116 ], [ -123.72404, 46.29506 ], [ -123.7279, 46.28969 ], [ -123.72858, 46.28872 ], [ -123.74148, 46.29027 ], [ -123.75956, 46.27507 ], [ -123.76668, 46.2735 ], [ -123.77505, 46.2746 ], [ -123.78265, 46.28023 ], [ -123.79556, 46.2845 ], [ -123.80614, 46.28359 ], [ -123.87552, 46.23979 ], [ -123.90931, 46.24549 ], [ -123.91958, 46.25122 ], [ -123.95435, 46.277 ], [ -123.96943, 46.2914 ], [ -123.97091, 46.29387 ], [ -123.97035, 46.29935 ], [ -123.97451, 46.30306 ], [ -123.9852, 46.30904 ], [ -124.00126, 46.31326 ], [ -124.02041, 46.31572 ], [ -124.02055, 46.31574 ], [ -124.02992, 46.30831 ], [ -124.0356, 46.29684 ], [ -124.0388, 46.28368 ], [ -124.04402, 46.27593 ], [ -124.06096, 46.27876 ], [ -124.08067, 46.26724 ], [ -124.08219, 46.26916 ], [ -124.08173, 46.27471 ], [ -124.07626, 46.2965 ], [ -124.07138, 46.3055 ], [ -124.06462, 46.3269 ], [ -124.06426, 46.33037 ], [ -124.06337, 46.33882 ], [ -124.06032, 46.3678 ], [ -124.05835, 46.3865 ], [ -124.05799, 46.39528 ], [ -124.05742, 46.40931 ], [ -124.05715, 46.46665 ], [ -124.05703, 46.49134 ], [ -124.05702, 46.49334 ], [ -124.05855, 46.51274 ], [ -124.06195, 46.55617 ], [ -124.06842, 46.6014 ], [ -124.06958, 46.63065 ], [ -124.06866, 46.63488 ], [ -124.06271, 46.64258 ], [ -124.05648, 46.64565 ], [ -124.04844, 46.64583 ], [ -124.03587, 46.63082 ], [ -124.05271, 46.6228 ], [ -124.05084, 46.61742 ], [ -124.0288, 46.59104 ], [ -124.02357, 46.58256 ], [ -124.02315, 46.56411 ], [ -124.02602, 46.53159 ], [ -124.02947, 46.51036 ], [ -124.03174, 46.49638 ], [ -124.03096, 46.49182 ], [ -124.02603, 46.46298 ], [ -124.02557, 46.45938 ], [ -124.01697, 46.39208 ], [ -124.01526, 46.37868 ], [ -124.00718, 46.37147 ], [ -123.98484, 46.37868 ], [ -123.96392, 46.37671 ], [ -123.95805, 46.37794 ], [ -123.9537, 46.37884 ], [ -123.9499, 46.41032 ], [ -123.96197, 46.4089 ], [ -123.96701, 46.41573 ], [ -123.96535, 46.43326 ], [ -123.97661, 46.44125 ], [ -123.9884, 46.44505 ], [ -123.99062, 46.46302 ], [ -123.99087, 46.46574 ], [ -123.99418, 46.46887 ], [ -123.99268, 46.48862 ], [ -123.98839, 46.49701 ], [ -123.98369, 46.49854 ], [ -123.97905, 46.49738 ], [ -123.97921, 46.48995 ], [ -123.97083, 46.47537 ], [ -123.96804, 46.4735 ], [ -123.94253, 46.46519 ], [ -123.93944, 46.46715 ], [ -123.94367, 46.4772 ], [ -123.92119, 46.50773 ], [ -123.90588, 46.51707 ], [ -123.8967, 46.52267 ], [ -123.89724, 46.52848 ], [ -123.89425, 46.53703 ], [ -123.90332, 46.55191 ], [ -123.9169, 46.56263 ], [ -123.92025, 46.56734 ], [ -123.92233, 46.57706 ], [ -123.92886, 46.58888 ], [ -123.93914, 46.59633 ], [ -123.95556, 46.60357 ], [ -123.95918, 46.61358 ], [ -123.96064, 46.63636 ], [ -123.94062, 46.64086 ], [ -123.92191, 46.65026 ], [ -123.92092, 46.65358 ], [ -123.92327, 46.67271 ], [ -123.9156, 46.67865 ], [ -123.8956, 46.68367 ], [ -123.8649, 46.69868 ], [ -123.85136, 46.70256 ], [ -123.83755, 46.70249 ], [ -123.83301, 46.70247 ], [ -123.82924, 46.70898 ], [ -123.83347, 46.71832 ], [ -123.84873, 46.7199 ], [ -123.86215, 46.72775 ], [ -123.87078, 46.72833 ], [ -123.87668, 46.73066 ], [ -123.88961, 46.74609 ], [ -123.89305, 46.7502 ], [ -123.89864, 46.75021 ], [ -123.91072, 46.74672 ], [ -123.91637, 46.74132 ], [ -123.91584, 46.73732 ], [ -123.91285, 46.73065 ], [ -123.91687, 46.72674 ], [ -123.92907, 46.72528 ], [ -123.94868, 46.72537 ], [ -123.96856, 46.73611 ], [ -123.97499, 46.73339 ], [ -123.97965, 46.72466 ], [ -123.97516, 46.71397 ], [ -123.96689, 46.70518 ], [ -123.97366, 46.70335 ], [ -123.98752, 46.70751 ], [ -123.99424, 46.70793 ], [ -124.00346, 46.70234 ], [ -124.02241, 46.70897 ], [ -124.04248, 46.72004 ], [ -124.04211, 46.72278 ], [ -124.0464, 46.72569 ], [ -124.06312, 46.73366 ], [ -124.08098, 46.735 ], [ -124.09218, 46.74162 ], [ -124.09651, 46.7462 ], [ -124.09504, 46.75681 ], [ -124.09665, 46.78437 ], [ -124.09834, 46.79407 ], [ -124.10123, 46.81066 ], [ -124.10808, 46.83639 ], [ -124.1157, 46.8586 ], [ -124.12298, 46.87981 ], [ -124.13823, 46.90553 ], [ -124.11771, 46.91238 ], [ -124.11064, 46.91252 ], [ -124.09339, 46.90117 ], [ -124.09042, 46.8955 ], [ -124.08929, 46.86772 ], [ -124.07311, 46.86149 ], [ -124.06807, 46.86299 ], [ -124.06635, 46.8635 ], [ -124.06105, 46.86513 ], [ -124.05509, 46.87043 ], [ -124.04928, 46.89125 ], [ -124.04634, 46.89397 ], [ -124.03624, 46.89847 ], [ -124.01366, 46.90363 ], [ -124.00952, 46.91033 ], [ -123.98508, 46.92192 ], [ -123.97938, 46.92304 ], [ -123.95749, 46.92126 ], [ -123.91526, 46.93296 ], [ -123.88288, 46.93995 ], [ -123.87786, 46.94185 ], [ -123.86018, 46.94856 ], [ -123.86331, 46.95101 ], [ -123.87614, 46.96105 ], [ -123.88539, 46.96653 ], [ -123.8894, 46.9689 ], [ -123.89825, 46.97193 ], [ -123.92162, 46.97186 ], [ -123.93921, 46.96974 ], [ -123.948, 46.97182 ], [ -123.95919, 46.98176 ], [ -123.99161, 46.98022 ], [ -124.01222, 46.98518 ], [ -124.01973, 46.99119 ], [ -124.01007, 46.99788 ], [ -124.0058, 47.00323 ], [ -124.00525, 47.00391 ], [ -124.01704, 47.01172 ], [ -124.017, 47.01485 ], [ -124.02635, 47.03019 ], [ -124.06049, 47.03965 ], [ -124.06586, 47.04114 ], [ -124.10638, 47.04264 ], [ -124.12206, 47.04165 ], [ -124.14152, 47.03514 ], [ -124.14904, 47.02929 ], [ -124.15129, 47.02111 ], [ -124.14972, 47.01668 ], [ -124.13973, 46.98837 ], [ -124.13804, 46.97096 ], [ -124.12439, 46.94387 ], [ -124.14127, 46.94027 ], [ -124.15862, 46.92944 ], [ -124.18011, 46.92636 ], [ -124.1745, 46.94162 ], [ -124.17116, 46.95844 ], [ -124.16911, 46.99451 ], [ -124.17052, 47.01748 ], [ -124.1735, 47.06637 ], [ -124.17674, 47.093 ], [ -124.18383, 47.12481 ], [ -124.1828, 47.13404 ], [ -124.18581, 47.13602 ], [ -124.18972, 47.14683 ], [ -124.19589, 47.174 ], [ -124.20902, 47.21815 ], [ -124.21951, 47.2447 ], [ -124.23635, 47.28729 ], [ -124.24223, 47.2951 ], [ -124.25359, 47.30248 ], [ -124.25745, 47.30406 ], [ -124.27119, 47.30503 ], [ -124.28637, 47.32516 ], [ -124.29329, 47.33931 ], [ -124.29994, 47.34836 ], [ -124.30751, 47.35227 ], [ -124.31938, 47.35556 ], [ -124.32409, 47.3676 ], [ -124.32665, 47.38876 ], [ -124.33672, 47.416 ], [ -124.34516, 47.48903 ], [ -124.35364, 47.53354 ], [ -124.35595, 47.5457 ], [ -124.35903, 47.54762 ], [ -124.36622, 47.58244 ], [ -124.37175, 47.59958 ], [ -124.37493, 47.60389 ], [ -124.38222, 47.6323 ], [ -124.39598, 47.66553 ], [ -124.41211, 47.6912 ], [ -124.42022, 47.72529 ], [ -124.4252, 47.73843 ], [ -124.43055, 47.74625 ], [ -124.45393, 47.76533 ], [ -124.47169, 47.76691 ], [ -124.47657, 47.76967 ], [ -124.48215, 47.79745 ], [ -124.48974, 47.81699 ], [ -124.49799, 47.82261 ], [ -124.50668, 47.82391 ], [ -124.51278, 47.82252 ], [ -124.53993, 47.83697 ], [ -124.55825, 47.85598 ], [ -124.55903, 47.86308 ], [ -124.56236, 47.86622 ], [ -124.58817, 47.87788 ], [ -124.60954, 47.88 ], [ -124.61076, 47.88061 ], [ -124.62551, 47.88796 ], [ -124.63015, 47.89247 ], [ -124.62971, 47.89697 ], [ -124.64544, 47.93534 ], [ -124.65197, 47.94318 ], [ -124.66233, 47.95145 ], [ -124.67243, 47.96441 ], [ -124.67083, 47.98237 ], [ -124.67902, 48.0157 ], [ -124.68216, 48.03599 ], [ -124.68539, 48.04924 ], [ -124.68836, 48.05493 ], [ -124.69368, 48.0587 ], [ -124.69654, 48.06927 ], [ -124.69511, 48.0871 ], [ -124.6886, 48.09247 ], [ -124.6871, 48.09866 ], [ -124.69509, 48.11488 ], [ -124.72173, 48.15319 ], [ -124.7317, 48.1604 ], [ -124.73317, 48.16339 ], [ -124.73175, 48.17 ] ] ] ] } },
{ "type": "Feature", "properties": { "STATEFP": "56", "GEOID": "56", "STUSPS": "WY", "NAME": "Wyoming" }, "geometry": { "type": "Polygon", "coordinates": [ [ [ -111.05689, 44.86666 ], [ -111.05563, 44.93358 ], [ -111.05621, 44.9359 ], [ -111.0552, 45.00132 ], [ -111.04507, 45.00134 ], [ -111.04427, 45.00135 ], [ -110.78501, 45.00295 ], [ -110.76155, 44.99993 ], [ -110.75077, 44.99795 ], [ -110.70527, 44.99232 ], [ -110.55243, 44.99224 ], [ -110.54717, 44.99246 ], [ -110.48807, 44.99236 ], [ -110.40293, 44.99381 ], [ -110.3627, 45.00059 ], [ -110.34213, 44.99905 ], [ -110.32444, 44.99916 ], [ -110.28677, 44.99685 ], [ -110.1995, 44.99619 ], [ -110.1101, 45.00391 ], [ -110.02635, 45.00366 ], [ -110.02554, 45.0036 ], [ -110.00151, 45.00326 ], [ -109.99505, 45.00317 ], [ -109.87574, 45.00328 ], [ -109.79869, 45.00219 ], [ -109.79848, 45.00219 ], [ -109.75073, 45.0016 ], [ -109.66367, 45.00254 ], [ -109.57432, 45.00263 ], [ -109.38643, 45.00489 ], [ -109.37571, 45.00461 ], [ -109.26929, 45.00528 ], [ -109.26343, 45.00534 ], [ -109.10344, 45.0059 ], [ -109.08301, 44.99961 ], [ -109.06256, 44.99962 ], [ -109.06226, 44.99962 ], [ -109.05775, 44.99963 ], [ -108.62132, 45.00041 ], [ -108.57848, 45.00048 ], [ -108.56592, 45.00058 ], [ -108.50068, 44.99969 ], [ -108.2712, 45.00025 ], [ -108.24943, 44.99946 ], [ -108.24935, 44.99946 ], [ -108.23814, 45.00021 ], [ -108.21848, 45.00054 ], [ -108.14939, 45.00106 ], [ -108.00066, 45.00122 ], [ -107.99735, 45.00156 ], [ -107.91152, 45.00129 ], [ -107.88252, 45.0012 ], [ -107.75065, 45.00078 ], [ -107.60885, 45.00086 ], [ -107.60782, 45.00093 ], [ -107.49205, 45.00148 ], [ -107.35144, 45.00141 ], [ -107.13418, 45.00011 ], [ -107.12563, 44.99939 ], [ -107.10568, 44.99873 ], [ -107.08494, 44.9966 ], [ -107.075, 44.997 ], [ -107.0508, 44.99642 ], [ -107.00516, 44.99629 ], [ -106.90159, 44.99597 ], [ -106.89288, 44.99595 ], [ -106.88877, 44.99589 ], [ -106.26372, 44.99379 ], [ -106.26359, 44.99379 ], [ -106.02481, 44.99369 ], [ -105.92818, 44.99365 ], [ -105.91426, 44.99999 ], [ -105.91338, 45.00094 ], [ -105.84807, 45.0004 ], [ -105.3713, 45.00037 ], [ -105.0766, 45.00035 ], [ -105.0384, 45.00035 ], [ -105.03825, 45.00034 ], [ -105.02527, 45.00029 ], [ -105.01928, 45.00033 ], [ -105.01824, 45.00044 ], [ -104.76506, 44.99918 ], [ -104.75986, 44.99907 ], [ -104.72637, 44.99952 ], [ -104.66517, 44.99862 ], [ -104.66388, 44.99887 ], [ -104.47042, 44.99845 ], [ -104.47012, 44.99845 ], [ -104.25015, 44.99822 ], [ -104.0577, 44.99743 ], [ -104.05591, 44.87499 ], [ -104.0565, 44.86703 ], [ -104.05596, 44.76824 ], [ -104.05596, 44.76796 ], [ -104.05595, 44.74929 ], [ -104.05593, 44.72372 ], [ -104.05587, 44.72342 ], [ -104.05578, 44.70047 ], [ -104.05594, 44.69388 ], [ -104.05581, 44.69134 ], [ -104.05584, 44.64118 ], [ -104.05588, 44.57102 ], [ -104.05589, 44.54334 ], [ -104.05593, 44.51773 ], [ -104.05593, 44.51762 ], [ -104.05575, 44.43109 ], [ -104.05539, 44.24998 ], [ -104.05449, 44.18038 ], [ -104.05456, 44.14108 ], [ -104.05495, 43.93809 ], [ -104.05508, 43.93653 ], [ -104.05549, 43.85348 ], [ -104.05514, 43.75042 ], [ -104.05513, 43.7471 ], [ -104.0549, 43.58385 ], [ -104.05488, 43.58351 ], [ -104.05484, 43.57937 ], [ -104.05503, 43.5586 ], [ -104.05479, 43.50333 ], [ -104.05479, 43.50307 ], [ -104.05478, 43.47782 ], [ -104.05477, 43.42891 ], [ -104.05461, 43.39095 ], [ -104.0544, 43.32591 ], [ -104.05422, 43.30437 ], [ -104.05388, 43.29705 ], [ -104.05388, 43.2898 ], [ -104.05313, 43.00059 ], [ -104.05286, 42.75457 ], [ -104.05281, 42.74997 ], [ -104.05258, 42.65006 ], [ -104.05274, 42.63398 ], [ -104.05259, 42.63092 ], [ -104.05277, 42.61177 ], [ -104.05277, 42.61159 ], [ -104.05277, 42.61081 ], [ -104.05311, 42.49996 ], [ -104.05278, 42.25822 ], [ -104.05279, 42.24996 ], [ -104.05312, 42.24996 ], [ -104.05276, 42.17028 ], [ -104.05255, 42.1668 ], [ -104.053, 42.13725 ], [ -104.05274, 42.13377 ], [ -104.0526, 42.12496 ], [ -104.05289, 42.09607 ], [ -104.05295, 42.08908 ], [ -104.05297, 42.075 ], [ -104.05288, 42.02176 ], [ -104.05273, 42.01632 ], [ -104.0527, 42.00173 ], [ -104.0527, 41.99867 ], [ -104.05276, 41.99497 ], [ -104.05283, 41.9946 ], [ -104.05284, 41.99006 ], [ -104.05286, 41.97596 ], [ -104.05273, 41.97301 ], [ -104.05299, 41.91497 ], [ -104.05293, 41.90614 ], [ -104.05303, 41.88546 ], [ -104.05298, 41.85689 ], [ -104.05277, 41.7334 ], [ -104.05283, 41.69782 ], [ -104.05291, 41.64519 ], [ -104.05294, 41.63817 ], [ -104.05298, 41.62293 ], [ -104.05273, 41.61368 ], [ -104.05286, 41.59225 ], [ -104.05254, 41.56427 ], [ -104.05253, 41.55272 ], [ -104.05258, 41.55265 ], [ -104.05269, 41.54115 ], [ -104.05269, 41.53911 ], [ -104.05248, 41.52234 ], [ -104.05248, 41.51575 ], [ -104.05234, 41.41786 ], [ -104.05216, 41.40766 ], [ -104.05229, 41.39331 ], [ -104.05229, 41.39321 ], [ -104.05269, 41.33057 ], [ -104.05232, 41.32114 ], [ -104.05248, 41.32096 ], [ -104.05257, 41.3162 ], [ -104.05245, 41.2782 ], [ -104.05257, 41.27802 ], [ -104.05267, 41.27525 ], [ -104.05321, 41.19995 ], [ -104.05351, 41.15726 ], [ -104.05314, 41.11446 ], [ -104.05308, 41.10498 ], [ -104.05303, 41.09027 ], [ -104.05318, 41.08973 ], [ -104.0531, 41.01805 ], [ -104.05316, 41.01681 ], [ -104.05325, 41.00141 ], [ -104.06696, 41.0015 ], [ -104.08607, 41.00156 ], [ -104.10459, 41.00154 ], [ -104.12359, 41.00163 ], [ -104.21147, 41.00159 ], [ -104.21419, 41.00157 ], [ -104.21469, 41.00166 ], [ -104.46767, 41.00147 ], [ -104.49706, 41.0018 ], [ -104.49715, 41.00183 ], [ -104.676, 41.00096 ], [ -104.77303, 40.99989 ], [ -104.8295, 40.99927 ], [ -104.85527, 40.99805 ], [ -104.94337, 40.99808 ], [ -105.25478, 40.99821 ], [ -105.25653, 40.99819 ], [ -105.27686, 40.99817 ], [ -105.27714, 40.99817 ], [ -105.41272, 40.99779 ], [ -105.7248, 40.99691 ], [ -105.73042, 40.99689 ], [ -105.77056, 40.9969 ], [ -106.06118, 40.997 ], [ -106.19055, 40.99761 ], [ -106.21757, 40.99773 ], [ -106.32116, 40.99912 ], [ -106.38636, 41.00114 ], [ -106.39185, 41.00118 ], [ -106.43095, 41.00175 ], [ -106.43742, 41.0018 ], [ -106.43956, 41.00198 ], [ -106.45386, 41.00206 ], [ -106.85777, 41.00266 ], [ -107.00061, 41.00344 ], [ -107.24119, 41.0028 ], [ -107.30294, 41.00294 ], [ -107.31779, 41.00297 ], [ -107.36744, 41.00307 ], [ -107.62562, 41.00212 ], [ -107.91842, 41.00204 ], [ -108.04654, 41.00206 ], [ -108.18123, 41.00046 ], [ -108.25065, 41.00011 ], [ -108.50066, 41.00011 ], [ -108.52667, 40.99961 ], [ -108.63111, 41.00016 ], [ -108.88414, 41.00009 ], [ -109.05008, 41.00066 ], [ -109.17368, 41.00086 ], [ -109.23198, 41.00206 ], [ -109.25074, 41.00101 ], [ -109.50069, 40.99913 ], [ -109.53493, 40.99814 ], [ -109.56509, 40.9982 ], [ -109.67642, 40.9984 ], [ -109.71388, 40.99827 ], [ -109.71541, 40.99819 ], [ -109.8543, 40.99766 ], [ -109.8553, 40.99761 ], [ -109.97553, 40.99791 ], [ -109.99984, 40.99733 ], [ -110.00071, 40.99735 ], [ -110.0065, 40.99782 ], [ -110.04848, 40.99755 ], [ -110.12164, 40.9971 ], [ -110.12571, 40.99655 ], [ -110.23785, 40.99543 ], [ -110.25071, 40.99609 ], [ -110.37571, 40.99495 ], [ -110.50072, 40.99475 ], [ -110.53982, 40.99635 ], [ -110.60682, 40.99635 ], [ -110.71503, 40.99635 ], [ -110.75073, 40.99685 ], [ -110.87206, 40.9973 ], [ -111.03383, 40.99791 ], [ -111.04672, 40.99796 ], [ -111.04655, 41.24811 ], [ -111.04655, 41.25163 ], [ -111.04655, 41.25172 ], [ -111.0466, 41.36069 ], [ -111.04626, 41.37773 ], [ -111.0459, 41.52159 ], [ -111.04579, 41.56557 ], [ -111.04582, 41.57984 ], [ -111.04669, 42.00157 ], [ -111.04711, 42.1425 ], [ -111.04711, 42.14897 ], [ -111.04706, 42.18267 ], [ -111.0471, 42.19477 ], [ -111.04707, 42.28079 ], [ -111.04708, 42.34942 ], [ -111.04699, 42.40085 ], [ -111.0468, 42.50495 ], [ -111.04671, 42.51392 ], [ -111.04602, 42.58272 ], [ -111.04486, 42.64855 ], [ -111.04356, 42.72262 ], [ -111.04407, 42.85735 ], [ -111.04413, 42.87492 ], [ -111.04396, 42.96445 ], [ -111.04396, 42.96948 ], [ -111.04392, 42.97506 ], [ -111.04413, 43.0187 ], [ -111.04414, 43.01941 ], [ -111.04421, 43.02261 ], [ -111.04403, 43.02458 ], [ -111.04403, 43.02484 ], [ -111.04403, 43.02641 ], [ -111.04409, 43.02927 ], [ -111.044, 43.04142 ], [ -111.04406, 43.04464 ], [ -111.04406, 43.0463 ], [ -111.04409, 43.05482 ], [ -111.04412, 43.06031 ], [ -111.04415, 43.06617 ], [ -111.04416, 43.06822 ], [ -111.04414, 43.07236 ], [ -111.04423, 43.1741 ], [ -111.04424, 43.17712 ], [ -111.04427, 43.17724 ], [ -111.04423, 43.18444 ], [ -111.04417, 43.18924 ], [ -111.04423, 43.19558 ], [ -111.04462, 43.31572 ], [ -111.0452, 43.50105 ], [ -111.04534, 43.54332 ], [ -111.04558, 43.62025 ], [ -111.04571, 43.65911 ], [ -111.04587, 43.67938 ], [ -111.04588, 43.68103 ], [ -111.04612, 43.6849 ], [ -111.04605, 43.68581 ], [ -111.04611, 43.68785 ], [ -111.04642, 43.72206 ], [ -111.04644, 43.72655 ], [ -111.04634, 43.72696 ], [ -111.04658, 43.78333 ], [ -111.04672, 43.81583 ], [ -111.04662, 43.86153 ], [ -111.04651, 43.90838 ], [ -111.04692, 43.97498 ], [ -111.04706, 43.98346 ], [ -111.04735, 43.99992 ], [ -111.04908, 44.02007 ], [ -111.04875, 44.0604 ], [ -111.04875, 44.06084 ], [ -111.04863, 44.0629 ], [ -111.04845, 44.11483 ], [ -111.04912, 44.12492 ], [ -111.04914, 44.13237 ], [ -111.04969, 44.35363 ], [ -111.04915, 44.37492 ], [ -111.04922, 44.43581 ], [ -111.04919, 44.43806 ], [ -111.04897, 44.47407 ], [ -111.05243, 44.47841 ], [ -111.05521, 44.62493 ], [ -111.05533, 44.66626 ], [ -111.05551, 44.72534 ], [ -111.05642, 44.74993 ], [ -111.05689, 44.86666 ] ] ] } }
]
}
