{
"type": "FeatureCollection",
"name": "thinning",
"crs": { "type": "name", "properties": { "name": "urn:ogc:def:crs:OGC:1.3:CRS84" } },
"xy_coordinate_resolution": 1e-05,
"features": [
{ "type": "Feature", "properties": { "name": "4FRI", "state": "Arizona", "region": "03", "project_id": "NPL005", "investment_year": 2022, "acres": 5813824, "edited": "2022-08-08" }, "geometry": { "type": "MultiPolygon", "coordinates": [ [ [ [ -111.76564, 35.58538 ], [ -111.76559, 35.5417 ], [ -111.37711, 35.53934 ], [ -111.37714, 35.49591 ], [ -111.3837, 35.49592 ], [ -111.38341, 35.33069 ], [ -111.32583, 35.33069 ], [ -111.32573, 35.22911 ], [ -111.30804, 35.22911 ], [ -111.30803, 35.21462 ], [ -111.27272, 35.21462 ], [ -111.27272, 35.17111 ], [ -111.29039, 35.17111 ], [ -111.29036, 35.15706 ], [ -111.29768, 35.15719 ], [ -111.29767, 35.1231 ], [ -111.31519, 35.12276 ], [ -111.31521, 35.07819 ], [ -111.29755, 35.07925 ], [ -111.29758, 35.06517 ], [ -111.27999, 35.06556 ], [ -111.27946, 34.97858 ], [ -111.24307, 34.97855 ], [ -111.24309, 34.9349 ], [ -111.20771, 34.93491 ], [ -111.20754, 34.86176 ], [ -111.17233, 34.86134 ], [ -111.17264, 34.80346 ], [ -111.09036, 34.80496 ], [ -111.09023, 34.7688 ], [ -110.96383, 34.76862 ], [ -110.96381, 34.74877 ], [ -110.96712, 34.74901 ], [ -110.96993, 34.74491 ], [ -110.9678, 34.74241 ], [ -110.97193, 34.74141 ], [ -110.97043, 34.73811 ], [ -110.96508, 34.73981 ], [ -110.96093, 34.73531 ], [ -110.96385, 34.73332 ], [ -110.9639, 34.72496 ], [ -110.91082, 34.72461 ], [ -110.91103, 34.69567 ], [ -110.89279, 34.69562 ], [ -110.89282, 34.68117 ], [ -110.84045, 34.68095 ], [ -110.84039, 34.6376 ], [ -110.69919, 34.63719 ], [ -110.69908, 34.61122 ], [ -110.61041, 34.61124 ], [ -110.61043, 34.59674 ], [ -110.57399, 34.59678 ], [ -110.57411, 34.56761 ], [ -110.52108, 34.56801 ], [ -110.52096, 34.53916 ], [ -110.39609, 34.54066 ], [ -110.39623, 34.51135 ], [ -110.34326, 34.51166 ], [ -110.34335, 34.49706 ], [ -110.32569, 34.49714 ], [ -110.32606, 34.46803 ], [ -110.26934, 34.46874 ], [ -110.26946, 34.46029 ], [ -110.17594, 34.46033 ], [ -110.17585, 34.44554 ], [ -110.19347, 34.44562 ], [ -110.1928, 34.43093 ], [ -110.17588, 34.43104 ], [ -110.17589, 34.42617 ], [ -110.15839, 34.42603 ], [ -110.15844, 34.41143 ], [ -110.08767, 34.41154 ], [ -110.08745, 34.38239 ], [ -110.06982, 34.38248 ], [ -110.06981, 34.38862 ], [ -110.05924, 34.38855 ], [ -110.05951, 34.37362 ], [ -110.04193, 34.37394 ], [ -110.04238, 34.34454 ], [ -110.0248, 34.34453 ], [ -110.02495, 34.33 ], [ -110.00737, 34.33037 ], [ -110.00775, 34.30111 ], [ -109.84866, 34.30144 ], [ -109.84885, 34.25771 ], [ -109.74413, 34.25719 ], [ -109.74423, 34.25022 ], [ -109.73662, 34.25014 ], [ -109.7366, 34.24271 ], [ -109.72786, 34.24275 ], [ -109.72788, 34.22811 ], [ -109.71912, 34.22821 ], [ -109.71865, 34.22089 ], [ -109.69246, 34.22087 ], [ -109.69276, 34.22828 ], [ -109.65817, 34.22846 ], [ -109.6568, 34.21359 ], [ -109.5342, 34.21297 ], [ -109.53383, 34.18387 ], [ -109.50807, 34.18396 ], [ -109.50773, 34.16826 ], [ -109.49891, 34.16836 ], [ -109.49842, 34.12531 ], [ -109.47309, 34.12496 ], [ -109.47379, 34.08985 ], [ -109.46517, 34.08943 ], [ -109.4642, 34.08227 ], [ -109.28298, 34.08159 ], [ -109.28292, 34.09638 ], [ -109.2301, 34.09659 ], [ -109.23058, 34.12551 ], [ -109.12513, 34.12619 ], [ -109.12401, 34.0955 ], [ -109.04683, 34.09587 ], [ -109.04752, 32.97653 ], [ -109.09999, 32.97652 ], [ -109.09993, 33.00552 ], [ -109.11717, 33.00551 ], [ -109.11709, 33.06361 ], [ -109.27173, 33.06409 ], [ -109.27171, 33.17935 ], [ -109.36656, 33.17942 ], [ -109.36449, 33.17166 ], [ -109.36759, 33.17168 ], [ -109.36911, 33.17384 ], [ -109.37279, 33.17213 ], [ -109.3717, 33.17587 ], [ -109.38583, 33.18684 ], [ -109.3799, 33.19718 ], [ -109.38249, 33.19839 ], [ -109.37899, 33.20382 ], [ -109.38229, 33.20412 ], [ -109.37554, 33.20995 ], [ -109.37946, 33.21651 ], [ -109.38982, 33.22031 ], [ -109.38833, 33.22507 ], [ -109.39191, 33.22502 ], [ -109.39343, 33.22871 ], [ -109.37792, 33.2374 ], [ -109.3806, 33.23827 ], [ -109.38175, 33.2396 ], [ -109.37811, 33.23879 ], [ -109.36895, 33.24939 ], [ -109.37125, 33.252 ], [ -109.3682, 33.25766 ], [ -109.37164, 33.25924 ], [ -109.36621, 33.26068 ], [ -109.35631, 33.2746 ], [ -109.35447, 33.29079 ], [ -109.36091, 33.29668 ], [ -109.35004, 33.30516 ], [ -109.35158, 33.32379 ], [ -109.34597, 33.35266 ], [ -109.34092, 33.3624 ], [ -109.33291, 33.36424 ], [ -109.32614, 33.37093 ], [ -109.33266, 33.3789 ], [ -109.32942, 33.39416 ], [ -109.33718, 33.39847 ], [ -109.33843, 33.40274 ], [ -109.34735, 33.40056 ], [ -109.35238, 33.41024 ], [ -109.36947, 33.41447 ], [ -109.37244, 33.42064 ], [ -109.37028, 33.42945 ], [ -109.37647, 33.42853 ], [ -109.37673, 33.44209 ], [ -109.37048, 33.44612 ], [ -109.36934, 33.45109 ], [ -109.36111, 33.44847 ], [ -109.36366, 33.45349 ], [ -109.36959, 33.4548 ], [ -109.37145, 33.46142 ], [ -109.3592, 33.46501 ], [ -109.37448, 33.47307 ], [ -109.37475, 33.482 ], [ -109.34338, 33.48758 ], [ -109.332, 33.49531 ], [ -109.31686, 33.5162 ], [ -109.3123, 33.51459 ], [ -109.3069, 33.51749 ], [ -109.30851, 33.52609 ], [ -109.30462, 33.52834 ], [ -109.30929, 33.53137 ], [ -109.30956, 33.5382 ], [ -109.31894, 33.54492 ], [ -109.31829, 33.55245 ], [ -109.32961, 33.56031 ], [ -109.33222, 33.56999 ], [ -109.33984, 33.57396 ], [ -109.3416, 33.57114 ], [ -109.34778, 33.57171 ], [ -109.35378, 33.56467 ], [ -109.38137, 33.57745 ], [ -109.39799, 33.5726 ], [ -109.41362, 33.57341 ], [ -109.4373, 33.56628 ], [ -109.44673, 33.5664 ], [ -109.45996, 33.57124 ], [ -109.46303, 33.56948 ], [ -109.47554, 33.57571 ], [ -109.47947, 33.582 ], [ -109.4955, 33.57955 ], [ -109.49548, 33.91599 ], [ -109.511, 33.90955 ], [ -109.51788, 33.91583 ], [ -109.52628, 33.91618 ], [ -109.53815, 33.92194 ], [ -109.56556, 33.90922 ], [ -109.56764, 33.91667 ], [ -109.57181, 33.91917 ], [ -109.55607, 33.94445 ], [ -109.54837, 33.95215 ], [ -109.54451, 33.95215 ], [ -109.54453, 33.95819 ], [ -109.53694, 33.96512 ], [ -109.53809, 33.97416 ], [ -109.52549, 33.98633 ], [ -109.53212, 33.99511 ], [ -109.52837, 34.00135 ], [ -109.53067, 34.00837 ], [ -109.52321, 34.01562 ], [ -109.54289, 34.03032 ], [ -109.55647, 34.03296 ], [ -109.56609, 34.04954 ], [ -109.58195, 34.05764 ], [ -109.59219, 34.0768 ], [ -109.59941, 34.08282 ], [ -109.60034, 34.0912 ], [ -109.60654, 34.098 ], [ -109.60557, 34.10214 ], [ -109.62986, 34.0993 ], [ -109.65301, 34.10167 ], [ -109.6603, 34.12195 ], [ -109.65388, 34.13029 ], [ -109.66202, 34.1426 ], [ -109.67224, 34.15029 ], [ -109.69339, 34.13066 ], [ -109.70364, 34.13868 ], [ -109.70342, 34.14367 ], [ -109.71081, 34.14351 ], [ -109.71789, 34.13795 ], [ -109.72744, 34.1395 ], [ -109.72948, 34.13517 ], [ -109.74, 34.13579 ], [ -109.73936, 34.12991 ], [ -109.75172, 34.1275 ], [ -109.76212, 34.11771 ], [ -109.77793, 34.11826 ], [ -109.80144, 34.12796 ], [ -109.8233, 34.11186 ], [ -109.85258, 34.11088 ], [ -109.88275, 34.10472 ], [ -109.88793, 34.09982 ], [ -109.89576, 34.09868 ], [ -109.90348, 34.10228 ], [ -109.9275, 34.10446 ], [ -109.94505, 34.11456 ], [ -109.95934, 34.11342 ], [ -109.96909, 34.10902 ], [ -109.97862, 34.11791 ], [ -109.97396, 34.12094 ], [ -109.98067, 34.13967 ], [ -110.00227, 34.142 ], [ -110.01226, 34.14761 ], [ -110.01063, 34.15162 ], [ -110.01442, 34.15871 ], [ -110.01061, 34.16086 ], [ -110.01068, 34.1651 ], [ -110.01804, 34.16772 ], [ -110.01594, 34.17463 ], [ -110.03141, 34.18732 ], [ -110.03648, 34.19666 ], [ -110.04111, 34.19782 ], [ -110.04211, 34.20414 ], [ -110.07495, 34.19132 ], [ -110.07661, 34.19863 ], [ -110.08672, 34.21236 ], [ -110.10887, 34.20198 ], [ -110.11743, 34.21356 ], [ -110.13567, 34.21396 ], [ -110.14928, 34.22215 ], [ -110.15692, 34.2219 ], [ -110.16357, 34.22822 ], [ -110.16271, 34.23423 ], [ -110.16928, 34.23901 ], [ -110.18786, 34.23861 ], [ -110.19282, 34.24783 ], [ -110.20207, 34.25122 ], [ -110.20421, 34.2462 ], [ -110.22249, 34.24122 ], [ -110.23137, 34.23077 ], [ -110.23154, 34.22509 ], [ -110.24014, 34.21983 ], [ -110.26211, 34.21689 ], [ -110.28405, 34.21819 ], [ -110.29586, 34.22304 ], [ -110.30735, 34.23561 ], [ -110.32183, 34.23937 ], [ -110.33517, 34.2333 ], [ -110.34663, 34.23905 ], [ -110.3552, 34.25306 ], [ -110.36873, 34.25603 ], [ -110.37391, 34.26186 ], [ -110.37136, 34.2666 ], [ -110.37382, 34.27908 ], [ -110.38903, 34.28204 ], [ -110.39434, 34.28847 ], [ -110.40301, 34.28834 ], [ -110.40682, 34.29234 ], [ -110.4167, 34.29406 ], [ -110.42312, 34.30664 ], [ -110.43361, 34.30562 ], [ -110.44057, 34.3 ], [ -110.45352, 34.30492 ], [ -110.47085, 34.30415 ], [ -110.47636, 34.30071 ], [ -110.51048, 34.3044 ], [ -110.52328, 34.29636 ], [ -110.5257, 34.29053 ], [ -110.53504, 34.28332 ], [ -110.54213, 34.28142 ], [ -110.5346, 34.27397 ], [ -110.54043, 34.27211 ], [ -110.54954, 34.27336 ], [ -110.56406, 34.28412 ], [ -110.56975, 34.27562 ], [ -110.57457, 34.27607 ], [ -110.58249, 34.28269 ], [ -110.58382, 34.288 ], [ -110.5919, 34.29117 ], [ -110.60337, 34.2906 ], [ -110.61419, 34.2826 ], [ -110.62239, 34.28391 ], [ -110.63183, 34.29041 ], [ -110.63993, 34.28429 ], [ -110.64367, 34.26914 ], [ -110.65056, 34.27008 ], [ -110.65279, 34.27571 ], [ -110.67385, 34.28137 ], [ -110.681, 34.27286 ], [ -110.69727, 34.27361 ], [ -110.70555, 34.2688 ], [ -110.71286, 34.27299 ], [ -110.72824, 34.26907 ], [ -110.73726, 34.27407 ], [ -110.7511, 34.26321 ], [ -110.76317, 34.25843 ], [ -110.76676, 34.25901 ], [ -110.76729, 34.26731 ], [ -110.75763, 34.27923 ], [ -110.76102, 34.28726 ], [ -110.7644, 34.2922 ], [ -110.78293, 34.29916 ], [ -110.78305, 33.84676 ], [ -110.77963, 33.83386 ], [ -110.78243, 33.82664 ], [ -110.81952, 33.78549 ], [ -110.82234, 33.77976 ], [ -110.8204, 33.77273 ], [ -110.82332, 33.77029 ], [ -110.81857, 33.76701 ], [ -110.82223, 33.76467 ], [ -110.84418, 33.75833 ], [ -110.84703, 33.76252 ], [ -110.93613, 33.76376 ], [ -110.93961, 33.75743 ], [ -110.9325, 33.74738 ], [ -110.93266, 33.73854 ], [ -110.9373, 33.72974 ], [ -110.95119, 33.72798 ], [ -110.96581, 33.73762 ], [ -110.96745, 33.74417 ], [ -110.98709, 33.76381 ], [ -110.98897, 33.77254 ], [ -110.9944, 33.77586 ], [ -110.99616, 33.7839 ], [ -110.99132, 33.79708 ], [ -110.97915, 33.81028 ], [ -111.00424, 33.80744 ], [ -111.0123, 33.81638 ], [ -111.01909, 33.83272 ], [ -111.03137, 33.84519 ], [ -111.04164, 33.84196 ], [ -111.04596, 33.84998 ], [ -111.05815, 33.85709 ], [ -111.0583, 33.87514 ], [ -111.07953, 33.88026 ], [ -111.09819, 33.90225 ], [ -111.09757, 33.90836 ], [ -111.10527, 33.90639 ], [ -111.10406, 33.9095 ], [ -111.1113, 33.90977 ], [ -111.10703, 33.91417 ], [ -111.11081, 33.91741 ], [ -111.11369, 33.91507 ], [ -111.11486, 33.91907 ], [ -111.11041, 33.92259 ], [ -111.13365, 33.92944 ], [ -111.14276, 33.92727 ], [ -111.1467, 33.93006 ], [ -111.15083, 33.92622 ], [ -111.16449, 33.92839 ], [ -111.16489, 33.93709 ], [ -111.19293, 33.95814 ], [ -111.19364, 33.96513 ], [ -111.19877, 33.97153 ], [ -111.19205, 33.9974 ], [ -111.18549, 34.00668 ], [ -111.15431, 34.02845 ], [ -111.15861, 34.03362 ], [ -111.15747, 34.04331 ], [ -111.16231, 34.05116 ], [ -111.18829, 34.05596 ], [ -111.22075, 34.06946 ], [ -111.23677, 34.06569 ], [ -111.25766, 34.06755 ], [ -111.27914, 34.07871 ], [ -111.28756, 34.07294 ], [ -111.30226, 34.07377 ], [ -111.30682, 34.08799 ], [ -111.32259, 34.09892 ], [ -111.32163, 34.1082 ], [ -111.32418, 34.10971 ], [ -111.33756, 34.10957 ], [ -111.35694, 34.10293 ], [ -111.3674, 34.10794 ], [ -111.38314, 34.10585 ], [ -111.43053, 34.0901 ], [ -111.44451, 34.07765 ], [ -111.45264, 34.07532 ], [ -111.45734, 34.06612 ], [ -111.4673, 34.05937 ], [ -111.49944, 34.07056 ], [ -111.52817, 34.09531 ], [ -111.54457, 34.11713 ], [ -111.59216, 34.14977 ], [ -111.60546, 34.16736 ], [ -111.62241, 34.19896 ], [ -111.62415, 34.2452 ], [ -111.65748, 34.27486 ], [ -111.66794, 34.27977 ], [ -111.67093, 34.28694 ], [ -111.671, 34.30776 ], [ -111.67536, 34.306 ], [ -111.67889, 34.31737 ], [ -111.69581, 34.32897 ], [ -111.69683, 34.34644 ], [ -111.71744, 34.36568 ], [ -111.72568, 34.36279 ], [ -111.75526, 34.3819 ], [ -111.76671, 34.3783 ], [ -111.76776, 34.38186 ], [ -111.76293, 34.38674 ], [ -111.76955, 34.38887 ], [ -111.77312, 34.39874 ], [ -111.78599, 34.40456 ], [ -111.78009, 34.4091 ], [ -111.7834, 34.41685 ], [ -111.77912, 34.42764 ], [ -111.76714, 34.43597 ], [ -111.77157, 34.44054 ], [ -111.78514, 34.43864 ], [ -111.79062, 34.44113 ], [ -111.78715, 34.45248 ], [ -111.78019, 34.45684 ], [ -111.78888, 34.46097 ], [ -111.78322, 34.46443 ], [ -111.78285, 34.46815 ], [ -111.80044, 34.46632 ], [ -111.80091, 34.48413 ], [ -111.80964, 34.47959 ], [ -111.8183, 34.48139 ], [ -111.81602, 34.49793 ], [ -111.83892, 34.50817 ], [ -111.83604, 34.5263 ], [ -111.86874, 34.53148 ], [ -111.86711, 34.54168 ], [ -111.85084, 34.55091 ], [ -111.84473, 34.5696 ], [ -111.85107, 34.57376 ], [ -111.86912, 34.5751 ], [ -111.87233, 34.58509 ], [ -111.88428, 34.58999 ], [ -111.87589, 34.61092 ], [ -111.89724, 34.61022 ], [ -111.9003, 34.61672 ], [ -111.898, 34.63448 ], [ -111.91878, 34.63064 ], [ -111.92903, 34.63965 ], [ -111.93973, 34.65737 ], [ -111.93815, 34.67459 ], [ -111.94471, 34.67954 ], [ -111.94815, 34.67352 ], [ -111.95184, 34.67396 ], [ -111.95554, 34.68172 ], [ -111.96499, 34.68587 ], [ -111.96481, 34.69279 ], [ -111.95564, 34.69054 ], [ -111.95588, 34.69568 ], [ -111.9598, 34.69935 ], [ -111.97013, 34.70078 ], [ -111.97432, 34.70909 ], [ -111.9743, 34.7212 ], [ -111.98745, 34.72129 ], [ -111.98741, 34.72493 ], [ -111.99178, 34.72496 ], [ -111.99201, 34.74699 ], [ -111.99649, 34.7471 ], [ -112.00079, 34.75441 ], [ -112.00959, 34.75452 ], [ -112.00942, 34.75808 ], [ -112.0138, 34.75805 ], [ -112.01377, 34.76526 ], [ -112.01816, 34.76525 ], [ -112.01851, 34.77984 ], [ -112.02729, 34.78356 ], [ -112.02727, 34.79093 ], [ -112.0361, 34.79125 ], [ -112.03604, 34.79899 ], [ -112.04048, 34.79947 ], [ -112.04036, 34.80668 ], [ -112.05354, 34.80642 ], [ -112.06547, 34.82415 ], [ -112.05187, 34.82627 ], [ -112.04671, 34.83093 ], [ -112.0495, 34.83506 ], [ -112.05741, 34.83588 ], [ -112.05547, 34.84321 ], [ -112.06524, 34.85179 ], [ -112.07218, 34.84733 ], [ -112.07186, 34.85604 ], [ -112.07843, 34.86304 ], [ -112.06908, 34.86662 ], [ -112.06715, 34.88254 ], [ -112.06964, 34.88376 ], [ -112.07161, 34.88079 ], [ -112.07585, 34.88627 ], [ -112.06847, 34.89918 ], [ -112.05154, 34.91654 ], [ -112.04196, 34.91659 ], [ -112.04921, 34.92142 ], [ -112.03118, 34.92668 ], [ -112.02635, 34.93089 ], [ -112.03094, 34.93376 ], [ -112.02827, 34.94198 ], [ -112.03569, 34.94619 ], [ -112.03191, 34.94878 ], [ -112.03327, 34.95175 ], [ -112.02722, 34.95148 ], [ -112.02782, 34.95575 ], [ -112.02393, 34.95711 ], [ -112.0272, 34.96208 ], [ -112.02344, 34.96541 ], [ -112.02723, 34.96862 ], [ -112.0095, 34.97236 ], [ -112.00596, 34.97772 ], [ -111.98036, 34.98978 ], [ -111.97921, 34.99512 ], [ -111.97255, 34.99464 ], [ -111.96914, 35.00212 ], [ -111.97429, 35.01296 ], [ -111.96966, 35.0154 ], [ -111.96424, 35.03327 ], [ -112.00472, 35.03294 ], [ -112.00464, 35.00427 ], [ -112.03943, 35.00343 ], [ -112.03958, 34.9887 ], [ -112.07321, 34.98863 ], [ -112.07323, 35.00379 ], [ -112.12587, 35.00515 ], [ -112.1259, 35.01028 ], [ -112.19658, 35.01017 ], [ -112.19669, 35.03201 ], [ -112.22917, 35.03212 ], [ -112.22936, 35.04635 ], [ -112.28268, 35.04664 ], [ -112.28285, 35.05396 ], [ -112.31792, 35.05401 ], [ -112.31807, 35.07575 ], [ -112.33528, 35.07571 ], [ -112.3353, 35.07852 ], [ -112.39572, 35.07903 ], [ -112.42135, 35.08562 ], [ -112.43795, 35.11844 ], [ -112.44968, 35.12271 ], [ -112.45487, 35.13808 ], [ -112.48802, 35.15567 ], [ -112.49252, 35.16563 ], [ -112.48904, 35.17783 ], [ -112.49366, 35.19468 ], [ -112.47844, 35.19434 ], [ -112.47827, 35.20884 ], [ -112.46076, 35.20878 ], [ -112.46024, 35.22323 ], [ -112.4425, 35.22277 ], [ -112.44206, 35.23726 ], [ -112.42447, 35.23725 ], [ -112.4243, 35.25261 ], [ -112.45917, 35.25184 ], [ -112.45947, 35.31057 ], [ -112.54895, 35.31095 ], [ -112.54788, 35.41465 ], [ -112.33535, 35.41085 ], [ -112.33512, 35.32354 ], [ -112.1244, 35.32314 ], [ -112.12159, 35.5125 ], [ -112.06794, 35.51221 ], [ -112.06796, 35.58472 ], [ -111.76564, 35.58538 ] ] ], [ [ [ -112.39479, 36.11938 ], [ -112.3849, 36.12059 ], [ -112.36992, 36.11088 ], [ -112.36184, 36.11327 ], [ -112.33871, 36.10202 ], [ -112.24431, 36.04178 ], [ -112.2443, 36.02097 ], [ -112.13695, 36.0209 ], [ -112.13691, 35.99181 ], [ -112.04784, 35.9918 ], [ -112.04782, 35.97731 ], [ -112.01216, 35.97728 ], [ -112.0122, 35.963 ], [ -111.95813, 35.96301 ], [ -111.95813, 35.97389 ], [ -111.93804, 35.97388 ], [ -111.93805, 35.9775 ], [ -111.92243, 35.97751 ], [ -111.92244, 35.99203 ], [ -111.90459, 35.99206 ], [ -111.90459, 35.99934 ], [ -111.85125, 35.99939 ], [ -111.85125, 36.00664 ], [ -111.74387, 36.00665 ], [ -111.74387, 35.99216 ], [ -111.72604, 35.99218 ], [ -111.72603, 35.97769 ], [ -111.71713, 35.97767 ], [ -111.71715, 35.94867 ], [ -111.72607, 35.94867 ], [ -111.72606, 35.84703 ], [ -111.71108, 35.84706 ], [ -111.71108, 35.8249 ], [ -111.69324, 35.82492 ], [ -111.69323, 35.7451 ], [ -112.03095, 35.74467 ], [ -112.03103, 35.78821 ], [ -112.04883, 35.78825 ], [ -112.04886, 35.80276 ], [ -112.13749, 35.80303 ], [ -112.13754, 35.81755 ], [ -112.25358, 35.8175 ], [ -112.25314, 35.89006 ], [ -112.26211, 35.89006 ], [ -112.26214, 36.02102 ], [ -112.40513, 36.02104 ], [ -112.40545, 36.13163 ], [ -112.39479, 36.11938 ] ] ] ] } },
{ "type": "Feature", "properties": { "name": "Central Oregon", "state": "Oregon", "region": "06", "project_id": "NPL010", "investment_year": 2022, "acres": 2726636, "edited": "2023-07-12" }, "geometry": { "type": "Polygon", "coordinates": [ [ [ -120.96708, 44.75128 ], [ -120.96076, 44.74454 ], [ -120.95492, 44.72567 ], [ -120.95816, 44.71424 ], [ -120.97028, 44.70799 ], [ -120.9655, 44.69869 ], [ -120.96631, 44.68882 ], [ -120.9771, 44.68005 ], [ -121.00073, 44.6792 ], [ -121.00077, 44.67674 ], [ -120.99361, 44.67155 ], [ -120.99089, 44.66415 ], [ -120.97768, 44.65864 ], [ -120.97351, 44.65045 ], [ -120.97508, 44.63686 ], [ -120.98369, 44.62909 ], [ -120.98688, 44.62013 ], [ -120.99397, 44.61532 ], [ -120.99393, 44.5943 ], [ -120.99892, 44.58601 ], [ -120.99892, 44.57923 ], [ -120.98679, 44.57079 ], [ -120.98363, 44.56259 ], [ -120.97264, 44.55739 ], [ -120.96854, 44.54984 ], [ -120.96899, 44.53823 ], [ -120.97365, 44.53174 ], [ -120.97363, 44.50046 ], [ -120.96852, 44.49084 ], [ -120.97113, 44.34059 ], [ -120.99758, 44.33426 ], [ -121.0516, 44.3347 ], [ -121.05838, 44.32957 ], [ -121.11628, 44.32734 ], [ -121.12923, 44.31999 ], [ -121.16337, 44.31983 ], [ -121.16374, 44.31279 ], [ -121.16985, 44.3127 ], [ -121.16571, 44.29676 ], [ -121.17309, 44.30251 ], [ -121.16573, 44.29676 ], [ -121.17108, 44.2709 ], [ -121.23163, 44.19755 ], [ -121.25991, 44.15702 ], [ -121.23342, 44.15432 ], [ -121.2096, 44.14609 ], [ -121.1898, 44.13259 ], [ -121.17684, 44.11533 ], [ -121.17204, 44.0973 ], [ -121.17458, 44.07239 ], [ -121.18436, 44.05542 ], [ -121.20178, 44.04048 ], [ -121.13477, 44.0199 ], [ -121.11203, 44.00791 ], [ -121.07758, 43.97691 ], [ -121.0672, 43.96311 ], [ -121.02599, 43.93198 ], [ -121.00586, 43.89592 ], [ -120.99995, 43.89243 ], [ -120.85936, 43.89137 ], [ -120.82808, 43.88488 ], [ -120.80724, 43.87422 ], [ -120.79118, 43.85908 ], [ -120.78236, 43.84177 ], [ -120.78058, 43.82272 ], [ -120.74558, 43.81283 ], [ -120.71913, 43.79254 ], [ -120.70901, 43.77355 ], [ -120.70722, 43.74928 ], [ -120.70231, 43.73147 ], [ -120.6889, 43.7083 ], [ -120.68725, 43.68479 ], [ -120.67251, 43.66645 ], [ -120.66704, 43.64452 ], [ -120.66977, 43.59652 ], [ -120.68706, 43.57173 ], [ -120.68775, 43.55029 ], [ -120.69207, 43.53657 ], [ -120.70907, 43.51559 ], [ -120.71704, 43.49935 ], [ -120.72903, 43.48668 ], [ -120.74345, 43.47724 ], [ -120.78166, 43.46608 ], [ -120.90002, 43.46577 ], [ -120.93869, 43.47468 ], [ -120.96246, 43.45798 ], [ -120.98445, 43.4493 ], [ -121.03955, 43.40852 ], [ -121.08186, 43.39252 ], [ -121.09631, 43.37427 ], [ -121.1007, 43.35815 ], [ -121.12044, 43.32188 ], [ -121.14165, 43.30563 ], [ -121.16934, 43.29581 ], [ -121.25728, 43.29357 ], [ -121.28969, 43.29946 ], [ -121.30899, 43.30849 ], [ -121.32436, 43.32087 ], [ -121.33502, 43.33636 ], [ -121.33942, 43.35266 ], [ -121.36715, 43.36044 ], [ -121.38863, 43.3737 ], [ -121.3987, 43.37466 ], [ -121.419, 43.36116 ], [ -121.44476, 43.35284 ], [ -121.52983, 43.35077 ], [ -121.55776, 43.33208 ], [ -121.58901, 43.32256 ], [ -121.60171, 43.33237 ], [ -121.60848, 43.32997 ], [ -121.61002, 43.32181 ], [ -121.61865, 43.3192 ], [ -121.62173, 43.31448 ], [ -121.63021, 43.31398 ], [ -121.63066, 43.30916 ], [ -121.63719, 43.30565 ], [ -121.64602, 43.30812 ], [ -121.64953, 43.31348 ], [ -121.64199, 43.32142 ], [ -121.64324, 43.32452 ], [ -121.6364, 43.34235 ], [ -121.64957, 43.34017 ], [ -121.65806, 43.33254 ], [ -121.65726, 43.32563 ], [ -121.66106, 43.32184 ], [ -121.68971, 43.30634 ], [ -121.70597, 43.30449 ], [ -121.70581, 43.26873 ], [ -121.92249, 43.26941 ], [ -121.94314, 43.31153 ], [ -121.94715, 43.30763 ], [ -121.95701, 43.30708 ], [ -121.97315, 43.31307 ], [ -121.98018, 43.30731 ], [ -121.98672, 43.30644 ], [ -121.99943, 43.3089 ], [ -122.01256, 43.31817 ], [ -122.01832, 43.32613 ], [ -122.02949, 43.32774 ], [ -122.03603, 43.32429 ], [ -122.04378, 43.31143 ], [ -122.04227, 43.3082 ], [ -122.05379, 43.30569 ], [ -122.06261, 43.29418 ], [ -122.06146, 43.26057 ], [ -122.05691, 43.257 ], [ -122.05703, 43.21958 ], [ -122.08983, 43.26793 ], [ -122.10244, 43.31823 ], [ -122.13098, 43.34949 ], [ -122.14293, 43.3695 ], [ -122.20231, 43.39371 ], [ -122.21911, 43.40626 ], [ -122.23283, 43.42276 ], [ -122.23878, 43.43789 ], [ -122.23927, 43.45441 ], [ -122.234, 43.4702 ], [ -122.22356, 43.48479 ], [ -122.23336, 43.50347 ], [ -122.23588, 43.52693 ], [ -122.21077, 43.52685 ], [ -122.21046, 43.52014 ], [ -122.20045, 43.52026 ], [ -122.20045, 43.51297 ], [ -122.19062, 43.51296 ], [ -122.19077, 43.49849 ], [ -122.17139, 43.49869 ], [ -122.17243, 43.4671 ], [ -122.16851, 43.46402 ], [ -122.15364, 43.46708 ], [ -122.13374, 43.46382 ], [ -122.12784, 43.46721 ], [ -122.09711, 43.47137 ], [ -122.07156, 43.47126 ], [ -122.06771, 43.47708 ], [ -122.01722, 43.47951 ], [ -121.97193, 43.50908 ], [ -121.97695, 43.52068 ], [ -121.95585, 43.53544 ], [ -121.96208, 43.5441 ], [ -121.96742, 43.54791 ], [ -121.98802, 43.55228 ], [ -122.00546, 43.56404 ], [ -122.01815, 43.56352 ], [ -122.02785, 43.5741 ], [ -122.05228, 43.58293 ], [ -122.05306, 43.58723 ], [ -122.05985, 43.59268 ], [ -122.06756, 43.58906 ], [ -122.07251, 43.59379 ], [ -122.07983, 43.5917 ], [ -122.0871, 43.59558 ], [ -122.11374, 43.59363 ], [ -122.13089, 43.60179 ], [ -122.19386, 43.60061 ], [ -122.15202, 43.62667 ], [ -122.07414, 43.65908 ], [ -122.07482, 43.66581 ], [ -122.04943, 43.66595 ], [ -122.03572, 43.68504 ], [ -122.04321, 43.68911 ], [ -122.04053, 43.69224 ], [ -122.04801, 43.69303 ], [ -122.04437, 43.70273 ], [ -122.04837, 43.70444 ], [ -122.03923, 43.70602 ], [ -122.03066, 43.71456 ], [ -122.02739, 43.72452 ], [ -122.0223, 43.72737 ], [ -122.01056, 43.74436 ], [ -122.01244, 43.74636 ], [ -122.00959, 43.75064 ], [ -122.00546, 43.7514 ], [ -122.0037, 43.75516 ], [ -122.00679, 43.76125 ], [ -121.99763, 43.76483 ], [ -121.99814, 43.78334 ], [ -122.00345, 43.78853 ], [ -121.99884, 43.79385 ], [ -121.9792, 43.80539 ], [ -121.95948, 43.80974 ], [ -121.93293, 43.80505 ], [ -121.91911, 43.79674 ], [ -121.90593, 43.79589 ], [ -121.909, 43.84938 ], [ -121.8272, 43.84837 ], [ -121.82895, 43.9081 ], [ -121.78864, 43.90436 ], [ -121.78919, 43.93854 ], [ -121.80486, 43.95377 ], [ -121.8116, 43.97146 ], [ -121.81023, 43.98125 ], [ -121.81407, 43.98387 ], [ -121.80694, 43.98509 ], [ -121.76728, 44.03761 ], [ -121.76276, 44.03845 ], [ -121.75179, 44.0322 ], [ -121.74326, 44.03455 ], [ -121.73344, 44.03193 ], [ -121.71778, 44.01982 ], [ -121.69698, 44.0211 ], [ -121.69718, 44.03736 ], [ -121.67714, 44.03744 ], [ -121.67714, 44.04804 ], [ -121.68525, 44.0512 ], [ -121.69205, 44.06383 ], [ -121.68751, 44.06352 ], [ -121.6861, 44.05923 ], [ -121.6618, 44.05924 ], [ -121.64573, 44.05478 ], [ -121.63446, 44.05805 ], [ -121.63412, 44.06349 ], [ -121.62987, 44.0652 ], [ -121.60232, 44.05877 ], [ -121.60573, 44.06342 ], [ -121.60286, 44.06981 ], [ -121.6053, 44.07482 ], [ -121.60359, 44.08161 ], [ -121.59571, 44.08995 ], [ -121.60006, 44.09526 ], [ -121.61666, 44.09535 ], [ -121.61667, 44.09173 ], [ -121.62675, 44.09181 ], [ -121.62674, 44.09544 ], [ -121.64685, 44.09549 ], [ -121.64696, 44.11938 ], [ -121.65514, 44.12379 ], [ -121.66297, 44.11566 ], [ -121.66838, 44.14655 ], [ -121.6664, 44.15926 ], [ -121.67686, 44.1592 ], [ -121.67329, 44.16184 ], [ -121.67404, 44.16575 ], [ -121.68658, 44.16002 ], [ -121.68656, 44.16792 ], [ -121.69662, 44.16799 ], [ -121.69656, 44.1825 ], [ -121.70659, 44.1826 ], [ -121.70658, 44.18969 ], [ -121.71678, 44.18969 ], [ -121.71676, 44.21896 ], [ -121.72559, 44.21896 ], [ -121.72583, 44.29158 ], [ -121.73588, 44.29157 ], [ -121.73581, 44.30025 ], [ -121.75657, 44.29034 ], [ -121.76384, 44.28985 ], [ -121.77532, 44.31009 ], [ -121.7755, 44.32141 ], [ -121.76656, 44.32257 ], [ -121.77728, 44.33932 ], [ -121.78606, 44.34589 ], [ -121.78599, 44.35897 ], [ -121.79307, 44.36007 ], [ -121.79755, 44.36674 ], [ -121.8113, 44.37251 ], [ -121.8584, 44.38028 ], [ -121.86106, 44.37172 ], [ -121.87073, 44.36405 ], [ -121.90807, 44.36406 ], [ -121.90807, 44.37418 ], [ -121.93205, 44.37418 ], [ -121.9327, 44.44196 ], [ -121.89809, 44.44013 ], [ -121.89547, 44.43533 ], [ -121.88498, 44.4318 ], [ -121.87421, 44.43478 ], [ -121.87045, 44.42954 ], [ -121.85614, 44.42769 ], [ -121.82533, 44.43188 ], [ -121.79574, 44.42929 ], [ -121.79069, 44.43613 ], [ -121.79414, 44.45277 ], [ -121.78732, 44.46701 ], [ -121.79176, 44.48919 ], [ -121.79917, 44.49533 ], [ -121.78985, 44.49641 ], [ -121.79004, 44.51147 ], [ -121.77358, 44.50969 ], [ -121.78266, 44.52401 ], [ -121.77577, 44.52709 ], [ -121.77174, 44.53547 ], [ -121.75689, 44.5333 ], [ -121.7572, 44.55345 ], [ -121.73454, 44.57191 ], [ -121.73459, 44.57599 ], [ -121.71511, 44.57599 ], [ -121.69827, 44.57026 ], [ -121.68917, 44.57283 ], [ -121.67768, 44.58298 ], [ -121.66848, 44.57979 ], [ -121.6664, 44.58297 ], [ -121.65538, 44.5724 ], [ -121.64299, 44.56794 ], [ -121.62003, 44.57595 ], [ -121.62087, 44.58648 ], [ -121.61042, 44.59412 ], [ -121.61242, 44.5958 ], [ -121.60436, 44.6069 ], [ -121.6061, 44.61182 ], [ -121.59693, 44.62017 ], [ -121.6067, 44.64007 ], [ -121.61312, 44.64451 ], [ -121.61336, 44.649 ], [ -121.60265, 44.65315 ], [ -121.59568, 44.66077 ], [ -121.58764, 44.66098 ], [ -121.57424, 44.67166 ], [ -121.55514, 44.67555 ], [ -121.52416, 44.65766 ], [ -121.52465, 44.65294 ], [ -121.51741, 44.65147 ], [ -121.51582, 44.64582 ], [ -121.50649, 44.64183 ], [ -121.50219, 44.63599 ], [ -121.45847, 44.6119 ], [ -121.44716, 44.59317 ], [ -121.43879, 44.5899 ], [ -121.43684, 44.58474 ], [ -121.43194, 44.58627 ], [ -121.42812, 44.59434 ], [ -121.41455, 44.59401 ], [ -121.36769, 44.58063 ], [ -121.34256, 44.58844 ], [ -121.31782, 44.58328 ], [ -121.29064, 44.59297 ], [ -121.28627, 44.59919 ], [ -121.27835, 44.60116 ], [ -121.27583, 44.61053 ], [ -121.2844, 44.62979 ], [ -121.27289, 44.63164 ], [ -121.26357, 44.64188 ], [ -121.26568, 44.64506 ], [ -121.26102, 44.6523 ], [ -121.2459, 44.66985 ], [ -121.23836, 44.67375 ], [ -121.22945, 44.67619 ], [ -121.21411, 44.66966 ], [ -121.20671, 44.66966 ], [ -121.18561, 44.65299 ], [ -121.12997, 44.63389 ], [ -121.12041, 44.63926 ], [ -121.11981, 44.65369 ], [ -121.11185, 44.66181 ], [ -121.07027, 44.66432 ], [ -121.08574, 44.66816 ], [ -121.09231, 44.67821 ], [ -121.09108, 44.68743 ], [ -121.0819, 44.6994 ], [ -121.08065, 44.70913 ], [ -121.07181, 44.7172 ], [ -121.07867, 44.72191 ], [ -121.08178, 44.72843 ], [ -121.08135, 44.74006 ], [ -121.07588, 44.74717 ], [ -121.06416, 44.75129 ], [ -120.99856, 44.75113 ], [ -120.98609, 44.75469 ], [ -120.96708, 44.75128 ] ] ] } },
{ "type": "Feature", "properties": { "name": "Central Washington Initiative", "state": "Washington", "region": "06", "project_id": "NPL028", "investment_year": 2022, "acres": 3170957, "edited": "2023-07-12" }, "geometry": { "type": "Polygon", "coordinates": [ [ [ -120.0096, 48.84821 ], [ -119.99185, 48.83365 ], [ -119.99748, 48.82454 ], [ -120.0024, 48.80501 ], [ -120.02738, 48.79173 ], [ -120.0362, 48.78251 ], [ -120.04671, 48.78008 ], [ -120.03654, 48.7723 ], [ -120.05734, 48.75591 ], [ -120.03362, 48.75564 ], [ -120.01025, 48.74956 ], [ -120.00662, 48.74079 ], [ -120.00795, 48.7296 ], [ -119.99889, 48.71601 ], [ -119.98476, 48.71166 ], [ -119.97179, 48.70317 ], [ -119.97332, 48.6962 ], [ -119.98109, 48.68977 ], [ -119.97563, 48.68512 ], [ -119.97643, 48.68204 ], [ -119.98286, 48.67721 ], [ -119.97252, 48.66974 ], [ -119.97558, 48.66825 ], [ -119.96627, 48.66329 ], [ -119.97835, 48.65849 ], [ -119.97057, 48.64777 ], [ -119.9629, 48.64563 ], [ -119.97549, 48.64089 ], [ -119.98085, 48.63525 ], [ -119.97734, 48.62795 ], [ -119.9812, 48.62059 ], [ -119.96215, 48.61558 ], [ -119.94609, 48.6206 ], [ -119.946, 48.61598 ], [ -119.93639, 48.61186 ], [ -119.95101, 48.61023 ], [ -119.9442, 48.6003 ], [ -119.96162, 48.58321 ], [ -119.95638, 48.57112 ], [ -119.95638, 48.55362 ], [ -119.94424, 48.53002 ], [ -119.92832, 48.51766 ], [ -119.91911, 48.51682 ], [ -119.90173, 48.50584 ], [ -119.89571, 48.49861 ], [ -119.87452, 48.49875 ], [ -119.86345, 48.47209 ], [ -119.86262, 48.46154 ], [ -119.86533, 48.45806 ], [ -119.85448, 48.45057 ], [ -119.84738, 48.43793 ], [ -119.83883, 48.43418 ], [ -119.82033, 48.43985 ], [ -119.82586, 48.40585 ], [ -119.83711, 48.40594 ], [ -119.86376, 48.42403 ], [ -119.87466, 48.42424 ], [ -119.87468, 48.41699 ], [ -119.88432, 48.41716 ], [ -119.88396, 48.40733 ], [ -119.87983, 48.40071 ], [ -119.88444, 48.39721 ], [ -119.88446, 48.38798 ], [ -119.87804, 48.3836 ], [ -119.88448, 48.38117 ], [ -119.88452, 48.33726 ], [ -119.87365, 48.33723 ], [ -119.87364, 48.30826 ], [ -119.88453, 48.30828 ], [ -119.88426, 48.22146 ], [ -119.93414, 48.22133 ], [ -119.93585, 48.21857 ], [ -119.93351, 48.20862 ], [ -119.9263, 48.20653 ], [ -119.92108, 48.19752 ], [ -119.92289, 48.1952 ], [ -119.90953, 48.18023 ], [ -119.91086, 48.1724 ], [ -119.90174, 48.16411 ], [ -119.91126, 48.15772 ], [ -119.91221, 48.14698 ], [ -119.92362, 48.14192 ], [ -119.92579, 48.13791 ], [ -119.95417, 48.13197 ], [ -119.96045, 48.11688 ], [ -119.97056, 48.11775 ], [ -119.98049, 48.12486 ], [ -119.98466, 48.12423 ], [ -119.98697, 48.13274 ], [ -120.00297, 48.13719 ], [ -120.02514, 48.13728 ], [ -120.04081, 48.14253 ], [ -120.03259, 48.12084 ], [ -120.02507, 48.12078 ], [ -120.02545, 48.07746 ], [ -120.0146, 48.07746 ], [ -120.01461, 48.07021 ], [ -119.99334, 48.07006 ], [ -119.99318, 48.06284 ], [ -119.97162, 48.06283 ], [ -119.97185, 48.04834 ], [ -119.94838, 48.04825 ], [ -119.9488, 48.02555 ], [ -119.92714, 48.02549 ], [ -119.92691, 47.96773 ], [ -119.94708, 47.96779 ], [ -119.94479, 47.96561 ], [ -119.94749, 47.96012 ], [ -119.94273, 47.95437 ], [ -119.93658, 47.95431 ], [ -119.92155, 47.96839 ], [ -119.91292, 47.96519 ], [ -119.90866, 47.96009 ], [ -119.90968, 47.94104 ], [ -119.89875, 47.9309 ], [ -119.89206, 47.91846 ], [ -119.93506, 47.92557 ], [ -119.94012, 47.91731 ], [ -119.95472, 47.9145 ], [ -119.96333, 47.91911 ], [ -119.96332, 47.90959 ], [ -119.96869, 47.90958 ], [ -119.9687, 47.90596 ], [ -119.96333, 47.90597 ], [ -119.96332, 47.90235 ], [ -119.97409, 47.90237 ], [ -119.97407, 47.90595 ], [ -119.97943, 47.90594 ], [ -119.97939, 47.90958 ], [ -119.97404, 47.90958 ], [ -119.97399, 47.91685 ], [ -119.98462, 47.91686 ], [ -119.98299, 47.92405 ], [ -119.99573, 47.9313 ], [ -119.99625, 47.93487 ], [ -120.0009, 47.93488 ], [ -120.0009, 47.9374 ], [ -120.01253, 47.93751 ], [ -120.01843, 47.93566 ], [ -120.01832, 47.92376 ], [ -120.02776, 47.92339 ], [ -120.02692, 47.90886 ], [ -120.0197, 47.8975 ], [ -120.01217, 47.89646 ], [ -120.00875, 47.88841 ], [ -119.98974, 47.88719 ], [ -119.98378, 47.87931 ], [ -119.98495, 47.87612 ], [ -119.97762, 47.87362 ], [ -119.97427, 47.86847 ], [ -119.97831, 47.85863 ], [ -119.97165, 47.8565 ], [ -119.97562, 47.85139 ], [ -119.9711, 47.84536 ], [ -119.98375, 47.84028 ], [ -119.99155, 47.83046 ], [ -119.98238, 47.82442 ], [ -119.98503, 47.81889 ], [ -119.98337, 47.80487 ], [ -119.96545, 47.80062 ], [ -119.96065, 47.80388 ], [ -119.94952, 47.80244 ], [ -119.94038, 47.80979 ], [ -119.92612, 47.81122 ], [ -119.915, 47.81653 ], [ -119.90525, 47.81623 ], [ -119.90287, 47.81307 ], [ -119.90861, 47.80461 ], [ -119.90002, 47.80262 ], [ -119.90229, 47.79818 ], [ -119.89773, 47.79687 ], [ -119.91795, 47.7842 ], [ -119.92148, 47.77888 ], [ -119.95073, 47.76741 ], [ -119.95564, 47.7609 ], [ -119.99764, 47.75553 ], [ -119.99927, 47.75293 ], [ -119.99213, 47.74669 ], [ -119.99726, 47.7418 ], [ -120.00724, 47.73936 ], [ -120.00968, 47.73319 ], [ -120.04337, 47.72928 ], [ -120.0443, 47.72709 ], [ -120.05377, 47.72934 ], [ -120.06697, 47.72112 ], [ -120.07308, 47.72126 ], [ -120.07253, 47.72491 ], [ -120.07965, 47.72755 ], [ -120.0895, 47.72786 ], [ -120.08531, 47.73331 ], [ -120.09365, 47.73989 ], [ -120.12055, 47.74005 ], [ -120.12368, 47.74753 ], [ -120.13422, 47.75299 ], [ -120.13945, 47.76304 ], [ -120.17466, 47.75551 ], [ -120.1818, 47.76551 ], [ -120.18564, 47.76564 ], [ -120.20301, 47.75715 ], [ -120.22319, 47.7388 ], [ -120.22514, 47.72127 ], [ -120.21507, 47.70501 ], [ -120.20083, 47.70596 ], [ -120.19723, 47.6965 ], [ -120.18341, 47.69896 ], [ -120.15826, 47.63269 ], [ -120.14444, 47.63515 ], [ -120.14086, 47.62568 ], [ -120.11323, 47.6306 ], [ -120.10965, 47.62113 ], [ -120.08202, 47.62604 ], [ -120.06057, 47.56923 ], [ -120.07437, 47.56678 ], [ -120.06723, 47.54785 ], [ -120.08103, 47.5454 ], [ -120.07746, 47.53593 ], [ -120.11884, 47.52857 ], [ -120.11526, 47.51911 ], [ -120.14284, 47.5142 ], [ -120.13568, 47.49527 ], [ -120.14947, 47.49282 ], [ -120.12801, 47.43605 ], [ -120.14178, 47.43359 ], [ -120.1382, 47.42413 ], [ -120.15197, 47.42168 ], [ -120.1484, 47.41222 ], [ -120.16216, 47.40976 ], [ -120.14429, 47.36247 ], [ -120.13053, 47.36492 ], [ -120.12696, 47.35547 ], [ -120.15447, 47.35056 ], [ -120.1509, 47.3411 ], [ -120.16465, 47.33864 ], [ -120.16108, 47.32918 ], [ -120.18857, 47.32427 ], [ -120.185, 47.31481 ], [ -120.21249, 47.30989 ], [ -120.20891, 47.30044 ], [ -120.23639, 47.29551 ], [ -120.23997, 47.30496 ], [ -120.25371, 47.3025 ], [ -120.25639, 47.30956 ], [ -120.2819, 47.282 ], [ -120.28189, 47.27559 ], [ -120.29821, 47.27165 ], [ -120.30626, 47.26165 ], [ -120.30543, 47.25129 ], [ -120.31374, 47.24832 ], [ -120.31589, 47.23766 ], [ -120.32825, 47.22788 ], [ -120.33531, 47.2335 ], [ -120.34511, 47.23242 ], [ -120.37053, 47.2378 ], [ -120.37617, 47.24801 ], [ -120.3859, 47.24791 ], [ -120.38586, 47.25611 ], [ -120.38929, 47.26095 ], [ -120.40666, 47.26083 ], [ -120.40702, 47.24817 ], [ -120.4283, 47.24815 ], [ -120.42804, 47.26045 ], [ -120.49097, 47.26039 ], [ -120.49106, 47.25506 ], [ -120.49638, 47.25513 ], [ -120.4963, 47.25884 ], [ -120.50166, 47.26036 ], [ -120.51205, 47.26043 ], [ -120.51263, 47.25544 ], [ -120.50698, 47.25535 ], [ -120.50705, 47.25176 ], [ -120.50174, 47.25167 ], [ -120.50187, 47.248 ], [ -120.51241, 47.24822 ], [ -120.51325, 47.23365 ], [ -120.49199, 47.2334 ], [ -120.49195, 47.21894 ], [ -120.5132, 47.21913 ], [ -120.51351, 47.20462 ], [ -120.49188, 47.20469 ], [ -120.49202, 47.18997 ], [ -120.51325, 47.19016 ], [ -120.51311, 47.17564 ], [ -120.6456, 47.17543 ], [ -120.64534, 47.18986 ], [ -120.68788, 47.18974 ], [ -120.6879, 47.19701 ], [ -120.66658, 47.19348 ], [ -120.66659, 47.20068 ], [ -120.67726, 47.20074 ], [ -120.67727, 47.20431 ], [ -120.64531, 47.2043 ], [ -120.64519, 47.21856 ], [ -120.68782, 47.21847 ], [ -120.68787, 47.20778 ], [ -120.69886, 47.20042 ], [ -120.68472, 47.16375 ], [ -120.67102, 47.16626 ], [ -120.66738, 47.15682 ], [ -120.65369, 47.15932 ], [ -120.65006, 47.14989 ], [ -120.62267, 47.15489 ], [ -120.59366, 47.07939 ], [ -120.60734, 47.07689 ], [ -120.60372, 47.06745 ], [ -120.64475, 47.05995 ], [ -120.64119, 47.05051 ], [ -120.6367, 47.04787 ], [ -120.63669, 47.04257 ], [ -120.62437, 47.0386 ], [ -120.62435, 47.03065 ], [ -120.61986, 47.02536 ], [ -120.61427, 47.02669 ], [ -120.61314, 47.02271 ], [ -120.60754, 47.02139 ], [ -120.60306, 47.01609 ], [ -120.60417, 47.01212 ], [ -120.59969, 47.00947 ], [ -120.65811, 46.98367 ], [ -120.66671, 46.97612 ], [ -120.676, 46.97602 ], [ -120.67762, 46.96933 ], [ -120.66445, 46.96964 ], [ -120.66412, 46.96736 ], [ -120.64782, 46.96539 ], [ -120.64354, 46.95318 ], [ -120.6513, 46.94444 ], [ -120.6769, 46.95127 ], [ -120.68261, 46.94626 ], [ -120.7037, 46.9462 ], [ -120.72325, 46.9513 ], [ -120.71725, 46.92271 ], [ -120.7131, 46.91753 ], [ -120.69026, 46.91048 ], [ -120.68705, 46.90559 ], [ -120.68896, 46.89827 ], [ -120.70227, 46.88584 ], [ -120.73389, 46.88751 ], [ -120.74932, 46.88356 ], [ -120.76532, 46.87306 ], [ -120.76891, 46.86402 ], [ -120.68597, 46.82103 ], [ -120.68794, 46.8159 ], [ -120.7038, 46.80934 ], [ -120.71909, 46.78269 ], [ -120.72623, 46.77902 ], [ -120.74361, 46.78028 ], [ -120.74506, 46.77494 ], [ -120.77081, 46.78459 ], [ -120.7735, 46.78039 ], [ -120.77263, 46.77186 ], [ -120.77961, 46.76048 ], [ -120.78649, 46.75707 ], [ -120.78756, 46.74633 ], [ -120.77902, 46.73794 ], [ -120.78383, 46.73661 ], [ -120.78386, 46.73167 ], [ -120.79447, 46.72016 ], [ -120.81751, 46.71193 ], [ -120.85668, 46.70877 ], [ -120.88735, 46.69442 ], [ -120.88732, 46.65186 ], [ -120.96307, 46.6516 ], [ -120.98191, 46.64455 ], [ -120.9552, 46.6369 ], [ -120.94612, 46.63806 ], [ -120.92535, 46.63406 ], [ -120.91149, 46.63828 ], [ -120.89498, 46.63561 ], [ -120.88083, 46.61963 ], [ -120.88517, 46.61283 ], [ -120.88144, 46.60731 ], [ -120.89054, 46.60028 ], [ -120.88995, 46.59139 ], [ -120.90281, 46.58587 ], [ -120.90068, 46.57416 ], [ -120.8795, 46.55401 ], [ -120.88231, 46.5419 ], [ -120.8731, 46.53386 ], [ -120.85676, 46.52678 ], [ -120.85471, 46.52245 ], [ -120.86266, 46.51562 ], [ -120.86402, 46.50833 ], [ -120.88971, 46.49952 ], [ -120.9181, 46.4945 ], [ -120.92372, 46.49087 ], [ -120.92436, 46.48487 ], [ -120.95418, 46.47679 ], [ -120.97002, 46.48288 ], [ -120.98469, 46.47721 ], [ -121.00597, 46.46318 ], [ -121.02082, 46.45841 ], [ -121.02508, 46.45034 ], [ -121.03948, 46.44271 ], [ -121.07431, 46.43221 ], [ -121.09639, 46.43352 ], [ -121.1417, 46.40113 ], [ -121.15662, 46.39518 ], [ -121.15885, 46.39163 ], [ -121.15355, 46.38457 ], [ -121.15537, 46.38028 ], [ -121.17648, 46.38251 ], [ -121.18668, 46.37483 ], [ -121.19425, 46.37424 ], [ -121.1917, 46.39297 ], [ -121.1978, 46.41179 ], [ -121.20382, 46.41517 ], [ -121.20496, 46.42311 ], [ -121.21948, 46.42832 ], [ -121.22159, 46.43759 ], [ -121.2296, 46.44019 ], [ -121.23621, 46.4375 ], [ -121.23737, 46.44147 ], [ -121.24703, 46.44496 ], [ -121.25065, 46.44138 ], [ -121.26285, 46.44262 ], [ -121.2794, 46.43853 ], [ -121.28394, 46.44646 ], [ -121.29614, 46.4477 ], [ -121.31014, 46.45626 ], [ -121.31949, 46.45416 ], [ -121.32296, 46.45803 ], [ -121.33356, 46.46022 ], [ -121.33359, 46.48882 ], [ -121.32299, 46.48887 ], [ -121.31255, 46.49427 ], [ -121.31249, 46.50054 ], [ -121.32312, 46.49767 ], [ -121.33343, 46.5012 ], [ -121.33335, 46.51424 ], [ -121.32808, 46.51421 ], [ -121.32811, 46.5106 ], [ -121.31757, 46.51056 ], [ -121.31768, 46.50697 ], [ -121.31244, 46.50697 ], [ -121.31248, 46.50321 ], [ -121.30502, 46.50321 ], [ -121.29322, 46.50998 ], [ -121.28561, 46.51058 ], [ -121.28721, 46.5189 ], [ -121.27937, 46.52778 ], [ -121.26547, 46.52801 ], [ -121.26129, 46.53322 ], [ -121.2908, 46.54254 ], [ -121.30321, 46.54178 ], [ -121.30479, 46.535 ], [ -121.32138, 46.53592 ], [ -121.32051, 46.53899 ], [ -121.30858, 46.54462 ], [ -121.30997, 46.5471 ], [ -121.29686, 46.54913 ], [ -121.32027, 46.55616 ], [ -121.31944, 46.5679 ], [ -121.32359, 46.578 ], [ -121.31464, 46.59114 ], [ -121.32903, 46.5993 ], [ -121.33505, 46.59377 ], [ -121.34034, 46.59565 ], [ -121.3487, 46.59051 ], [ -121.34637, 46.58751 ], [ -121.35576, 46.57553 ], [ -121.36096, 46.57767 ], [ -121.34635, 46.60045 ], [ -121.35029, 46.60355 ], [ -121.33998, 46.60463 ], [ -121.32887, 46.61639 ], [ -121.32547, 46.62692 ], [ -121.30811, 46.6352 ], [ -121.31898, 46.64354 ], [ -121.31464, 46.64906 ], [ -121.34353, 46.6504 ], [ -121.37042, 46.64509 ], [ -121.37711, 46.63777 ], [ -121.37348, 46.62955 ], [ -121.37916, 46.62207 ], [ -121.38733, 46.61968 ], [ -121.38953, 46.62749 ], [ -121.38682, 46.63681 ], [ -121.39828, 46.64096 ], [ -121.39501, 46.64621 ], [ -121.40586, 46.6479 ], [ -121.37776, 46.65457 ], [ -121.36472, 46.66353 ], [ -121.35413, 46.65862 ], [ -121.33943, 46.66157 ], [ -121.33589, 46.65891 ], [ -121.30873, 46.65935 ], [ -121.28147, 46.65343 ], [ -121.29141, 46.66728 ], [ -121.26627, 46.65828 ], [ -121.26494, 46.66687 ], [ -121.2576, 46.67437 ], [ -121.21977, 46.6677 ], [ -121.2163, 46.68318 ], [ -121.18725, 46.67759 ], [ -121.15738, 46.68106 ], [ -121.15917, 46.68248 ], [ -121.15531, 46.68259 ], [ -121.15039, 46.69006 ], [ -121.15169, 46.69603 ], [ -121.14625, 46.71009 ], [ -121.16721, 46.71523 ], [ -121.14838, 46.71795 ], [ -121.14236, 46.72649 ], [ -121.13985, 46.74823 ], [ -121.14718, 46.75577 ], [ -121.14203, 46.76133 ], [ -121.14895, 46.76943 ], [ -121.14123, 46.76479 ], [ -121.12593, 46.77439 ], [ -121.12085, 46.77932 ], [ -121.1171, 46.79437 ], [ -121.12916, 46.7887 ], [ -121.13748, 46.7886 ], [ -121.13823, 46.79153 ], [ -121.11813, 46.79679 ], [ -121.13411, 46.80891 ], [ -121.14147, 46.80978 ], [ -121.14823, 46.80321 ], [ -121.15626, 46.81457 ], [ -121.16501, 46.81898 ], [ -121.15024, 46.82104 ], [ -121.14888, 46.82446 ], [ -121.13635, 46.8234 ], [ -121.09795, 46.8124 ], [ -121.09792, 46.8174 ], [ -121.08974, 46.82677 ], [ -121.09334, 46.83154 ], [ -121.09626, 46.82968 ], [ -121.13792, 46.8405 ], [ -121.14287, 46.84621 ], [ -121.1592, 46.84728 ], [ -121.18551, 46.8654 ], [ -121.20079, 46.87005 ], [ -121.19762, 46.87456 ], [ -121.19897, 46.88292 ], [ -121.19079, 46.88715 ], [ -121.18887, 46.89295 ], [ -121.16752, 46.9046 ], [ -121.16435, 46.92015 ], [ -121.16828, 46.92488 ], [ -121.16559, 46.93135 ], [ -121.1732, 46.93845 ], [ -121.17141, 46.94904 ], [ -121.1743, 46.95669 ], [ -121.18032, 46.95725 ], [ -121.18931, 46.95218 ], [ -121.19046, 46.94421 ], [ -121.19904, 46.94001 ], [ -121.20002, 46.93563 ], [ -121.2075, 46.93359 ], [ -121.21749, 46.92057 ], [ -121.22766, 46.91421 ], [ -121.23933, 46.91535 ], [ -121.24284, 46.91009 ], [ -121.24279, 46.90111 ], [ -121.25637, 46.89917 ], [ -121.2708, 46.89197 ], [ -121.27252, 46.88607 ], [ -121.26556, 46.87695 ], [ -121.27269, 46.87729 ], [ -121.28013, 46.86882 ], [ -121.28354, 46.85994 ], [ -121.28243, 46.85241 ], [ -121.29528, 46.83759 ], [ -121.2998, 46.81659 ], [ -121.30323, 46.81408 ], [ -121.30149, 46.81059 ], [ -121.30311, 46.81236 ], [ -121.31898, 46.80594 ], [ -121.32136, 46.79525 ], [ -121.34278, 46.77569 ], [ -121.34997, 46.75662 ], [ -121.35972, 46.75144 ], [ -121.36678, 46.75235 ], [ -121.36631, 46.78069 ], [ -121.36936, 46.78803 ], [ -121.36415, 46.79294 ], [ -121.36257, 46.80347 ], [ -121.35512, 46.80563 ], [ -121.3487, 46.81599 ], [ -121.34059, 46.81876 ], [ -121.33491, 46.83123 ], [ -121.35737, 46.83262 ], [ -121.37824, 46.82817 ], [ -121.3759, 46.84457 ], [ -121.35845, 46.85105 ], [ -121.3261, 46.8548 ], [ -121.30674, 46.87008 ], [ -121.30199, 46.87895 ], [ -121.29598, 46.88245 ], [ -121.296, 46.88874 ], [ -121.29132, 46.89419 ], [ -121.27391, 46.90055 ], [ -121.24783, 46.90268 ], [ -121.24189, 46.91599 ], [ -121.225, 46.92242 ], [ -121.23571, 46.93183 ], [ -121.23252, 46.93743 ], [ -121.23331, 46.94936 ], [ -121.21438, 46.95403 ], [ -121.19415, 46.95199 ], [ -121.1803, 46.96005 ], [ -121.17503, 46.96684 ], [ -121.18072, 46.96901 ], [ -121.1793, 46.97686 ], [ -121.2137, 46.96743 ], [ -121.25589, 46.96615 ], [ -121.2766, 46.95906 ], [ -121.28033, 46.96024 ], [ -121.28551, 46.95469 ], [ -121.2932, 46.95502 ], [ -121.29892, 46.94884 ], [ -121.30875, 46.94772 ], [ -121.3143, 46.94251 ], [ -121.32412, 46.94293 ], [ -121.34255, 46.93434 ], [ -121.35566, 46.93256 ], [ -121.37268, 46.91588 ], [ -121.38575, 46.91189 ], [ -121.39083, 46.91437 ], [ -121.39429, 46.91142 ], [ -121.39985, 46.91286 ], [ -121.40482, 46.90801 ], [ -121.40976, 46.90827 ], [ -121.40996, 46.90282 ], [ -121.42602, 46.89769 ], [ -121.4268, 46.89015 ], [ -121.4493, 46.89315 ], [ -121.48293, 46.8875 ], [ -121.5018, 46.87649 ], [ -121.50747, 46.86768 ], [ -121.52258, 46.87332 ], [ -121.51903, 46.88156 ], [ -121.51256, 46.88578 ], [ -121.51388, 46.892 ], [ -121.51018, 46.89721 ], [ -121.48772, 46.91235 ], [ -121.47511, 46.91395 ], [ -121.45616, 46.92406 ], [ -121.42889, 46.91974 ], [ -121.43031, 46.9172 ], [ -121.41952, 46.91033 ], [ -121.40836, 46.91527 ], [ -121.37565, 46.91768 ], [ -121.36972, 46.92005 ], [ -121.36978, 46.92429 ], [ -121.35931, 46.93383 ], [ -121.36353, 46.93771 ], [ -121.36038, 46.93905 ], [ -121.35619, 46.93523 ], [ -121.27504, 46.96631 ], [ -121.26848, 46.97505 ], [ -121.26729, 46.98858 ], [ -121.27369, 46.99232 ], [ -121.2657, 46.99459 ], [ -121.25479, 47.0078 ], [ -121.24363, 47.01311 ], [ -121.23913, 47.02157 ], [ -121.24671, 47.02811 ], [ -121.25794, 47.03037 ], [ -121.27578, 47.02423 ], [ -121.29832, 47.0326 ], [ -121.30574, 47.03123 ], [ -121.31617, 47.03504 ], [ -121.32285, 47.03301 ], [ -121.32279, 47.03016 ], [ -121.33029, 47.02983 ], [ -121.33426, 47.02408 ], [ -121.34712, 47.02289 ], [ -121.34801, 47.01852 ], [ -121.35808, 47.01961 ], [ -121.34836, 47.01903 ], [ -121.3495, 47.02187 ], [ -121.33526, 47.03194 ], [ -121.33927, 47.05579 ], [ -121.34732, 47.05427 ], [ -121.35401, 47.05679 ], [ -121.35917, 47.07093 ], [ -121.37062, 47.07266 ], [ -121.38093, 47.07989 ], [ -121.38355, 47.08435 ], [ -121.37632, 47.08852 ], [ -121.38282, 47.09526 ], [ -121.39289, 47.09202 ], [ -121.40262, 47.09824 ], [ -121.39898, 47.10468 ], [ -121.40321, 47.10652 ], [ -121.408, 47.118 ], [ -121.39461, 47.12882 ], [ -121.394, 47.13302 ], [ -121.36467, 47.14181 ], [ -121.35368, 47.14055 ], [ -121.33508, 47.13269 ], [ -121.31565, 47.13383 ], [ -121.30339, 47.13913 ], [ -121.29752, 47.14861 ], [ -121.31793, 47.17365 ], [ -121.30614, 47.18785 ], [ -121.31168, 47.19962 ], [ -121.30918, 47.2033 ], [ -121.31133, 47.2078 ], [ -121.32504, 47.2161 ], [ -121.36516, 47.22438 ], [ -121.35823, 47.23474 ], [ -121.36068, 47.24054 ], [ -121.33956, 47.24711 ], [ -121.33222, 47.25698 ], [ -121.33594, 47.26076 ], [ -121.34146, 47.28163 ], [ -121.35983, 47.28549 ], [ -121.36166, 47.29183 ], [ -121.36757, 47.29042 ], [ -121.37211, 47.28508 ], [ -121.40924, 47.28912 ], [ -121.41604, 47.29347 ], [ -121.41946, 47.28663 ], [ -121.42774, 47.28932 ], [ -121.4328, 47.29377 ], [ -121.43063, 47.2964 ], [ -121.43249, 47.30474 ], [ -121.44526, 47.3099 ], [ -121.43837, 47.31743 ], [ -121.43973, 47.32278 ], [ -121.43155, 47.32968 ], [ -121.4306, 47.33472 ], [ -121.4383, 47.34365 ], [ -121.44478, 47.34381 ], [ -121.4639, 47.35363 ], [ -121.46186, 47.36228 ], [ -121.43812, 47.37097 ], [ -121.40265, 47.37249 ], [ -121.40267, 47.37965 ], [ -121.38975, 47.37956 ], [ -121.38598, 47.38439 ], [ -121.38957, 47.39274 ], [ -121.38392, 47.39551 ], [ -121.38103, 47.40715 ], [ -121.37165, 47.41495 ], [ -121.36471, 47.41587 ], [ -121.36176, 47.42164 ], [ -121.35977, 47.41431 ], [ -121.36958, 47.40126 ], [ -121.35973, 47.4013 ], [ -121.35989, 47.39394 ], [ -121.33851, 47.39401 ], [ -121.33862, 47.37819 ], [ -121.3167, 47.37814 ], [ -121.31672, 47.40717 ], [ -121.2976, 47.40709 ], [ -121.28459, 47.40363 ], [ -121.2833, 47.40721 ], [ -121.26987, 47.4116 ], [ -121.27092, 47.41696 ], [ -121.2629, 47.42164 ], [ -121.25489, 47.44033 ], [ -121.24254, 47.44427 ], [ -121.2406, 47.44788 ], [ -121.22515, 47.44658 ], [ -121.21135, 47.45366 ], [ -121.21716, 47.46163 ], [ -121.1926, 47.46723 ], [ -121.18879, 47.46632 ], [ -121.18599, 47.45323 ], [ -121.17563, 47.45217 ], [ -121.17208, 47.44482 ], [ -121.15779, 47.43364 ], [ -121.12051, 47.41825 ], [ -121.10383, 47.41831 ], [ -121.10386, 47.42684 ], [ -121.0827, 47.43951 ], [ -121.08351, 47.45801 ], [ -121.07598, 47.46273 ], [ -121.07035, 47.46162 ], [ -121.06251, 47.47044 ], [ -121.079, 47.49312 ], [ -121.07964, 47.50447 ], [ -121.0866, 47.5066 ], [ -121.09285, 47.51534 ], [ -121.09261, 47.51883 ], [ -121.07407, 47.51915 ], [ -121.09976, 47.54051 ], [ -121.10147, 47.54266 ], [ -121.09824, 47.5481 ], [ -121.08045, 47.53488 ], [ -121.07302, 47.53333 ], [ -121.07294, 47.52912 ], [ -121.06209, 47.51889 ], [ -121.0034, 47.51982 ], [ -120.99641, 47.51852 ], [ -120.99132, 47.51122 ], [ -120.99457, 47.50497 ], [ -120.96863, 47.50501 ], [ -120.96865, 47.48821 ], [ -120.95905, 47.48083 ], [ -120.95541, 47.48181 ], [ -120.95464, 47.47701 ], [ -120.94643, 47.47255 ], [ -120.95309, 47.46265 ], [ -120.93231, 47.45878 ], [ -120.92942, 47.45174 ], [ -120.92256, 47.44835 ], [ -120.9241, 47.43332 ], [ -120.90795, 47.42526 ], [ -120.89137, 47.42771 ], [ -120.87204, 47.41535 ], [ -120.86141, 47.42056 ], [ -120.84316, 47.41156 ], [ -120.82883, 47.42385 ], [ -120.81346, 47.41977 ], [ -120.80371, 47.42303 ], [ -120.80009, 47.41908 ], [ -120.78207, 47.41975 ], [ -120.74758, 47.43841 ], [ -120.70537, 47.43917 ], [ -120.68385, 47.44991 ], [ -120.68075, 47.46523 ], [ -120.71627, 47.46441 ], [ -120.7349, 47.47835 ], [ -120.71874, 47.48857 ], [ -120.71463, 47.5032 ], [ -120.69887, 47.52845 ], [ -120.70312, 47.53895 ], [ -120.71183, 47.53899 ], [ -120.7196, 47.52971 ], [ -120.72995, 47.5246 ], [ -120.78149, 47.52433 ], [ -120.78575, 47.51958 ], [ -120.81941, 47.51965 ], [ -120.81944, 47.52685 ], [ -120.82473, 47.52684 ], [ -120.82469, 47.53408 ], [ -120.84089, 47.53407 ], [ -120.84091, 47.57748 ], [ -120.8452, 47.57747 ], [ -120.84956, 47.58864 ], [ -120.83578, 47.59117 ], [ -120.83947, 47.60061 ], [ -120.82568, 47.60314 ], [ -120.82937, 47.61259 ], [ -120.81559, 47.61511 ], [ -120.81927, 47.62456 ], [ -120.80443, 47.62728 ], [ -120.79508, 47.62312 ], [ -120.79077, 47.61419 ], [ -120.78042, 47.61231 ], [ -120.78179, 47.60804 ], [ -120.77681, 47.60016 ], [ -120.76749, 47.59674 ], [ -120.75428, 47.59683 ], [ -120.75155, 47.64213 ], [ -120.7668, 47.64422 ], [ -120.76464, 47.65128 ], [ -120.7839, 47.65349 ], [ -120.78386, 47.65968 ], [ -120.77792, 47.66599 ], [ -120.76221, 47.67022 ], [ -120.76245, 47.69624 ], [ -120.77162, 47.70808 ], [ -120.77979, 47.71272 ], [ -120.7799, 47.71586 ], [ -120.80078, 47.71578 ], [ -120.80096, 47.70149 ], [ -120.82242, 47.70147 ], [ -120.82259, 47.72045 ], [ -120.86522, 47.72506 ], [ -120.8654, 47.74498 ], [ -120.88146, 47.74493 ], [ -120.88162, 47.7521 ], [ -120.88694, 47.75205 ], [ -120.88699, 47.75938 ], [ -120.96213, 47.75914 ], [ -120.98093, 47.75174 ], [ -120.99187, 47.74178 ], [ -121.02658, 47.73402 ], [ -121.03462, 47.72481 ], [ -121.04219, 47.72152 ], [ -121.06029, 47.72374 ], [ -121.06321, 47.72919 ], [ -121.06699, 47.7238 ], [ -121.08397, 47.72298 ], [ -121.08739, 47.72855 ], [ -121.07903, 47.73911 ], [ -121.08961, 47.74593 ], [ -121.094, 47.75847 ], [ -121.11016, 47.75783 ], [ -121.10854, 47.7657 ], [ -121.09952, 47.77656 ], [ -121.08764, 47.77341 ], [ -121.08747, 47.78445 ], [ -121.0683, 47.79051 ], [ -121.06701, 47.79426 ], [ -121.07437, 47.79747 ], [ -121.07943, 47.79432 ], [ -121.08812, 47.79502 ], [ -121.07693, 47.80367 ], [ -121.07689, 47.80712 ], [ -121.08292, 47.81136 ], [ -121.07413, 47.82239 ], [ -121.06235, 47.82246 ], [ -121.0402, 47.82986 ], [ -121.03109, 47.83739 ], [ -121.01352, 47.83203 ], [ -120.99098, 47.83615 ], [ -120.9947, 47.8456 ], [ -120.98087, 47.84815 ], [ -120.9846, 47.8576 ], [ -120.87392, 47.87791 ], [ -120.87763, 47.88736 ], [ -120.86379, 47.8899 ], [ -120.8675, 47.89935 ], [ -120.85914, 47.90173 ], [ -120.83745, 47.88363 ], [ -120.82245, 47.89602 ], [ -120.80729, 47.90139 ], [ -120.81015, 47.91041 ], [ -120.81888, 47.9152 ], [ -120.82355, 47.92476 ], [ -120.83003, 47.9282 ], [ -120.83492, 47.93571 ], [ -120.82322, 47.93785 ], [ -120.82693, 47.94731 ], [ -120.81307, 47.94984 ], [ -120.81677, 47.9593 ], [ -120.78906, 47.96435 ], [ -120.79276, 47.97381 ], [ -120.77889, 47.97634 ], [ -120.78259, 47.9858 ], [ -120.67164, 48.00596 ], [ -120.67052, 47.99853 ], [ -120.63953, 47.99977 ], [ -120.6426, 48.01801 ], [ -120.68924, 48.04097 ], [ -120.70667, 48.06624 ], [ -120.70574, 48.06909 ], [ -120.68177, 48.07188 ], [ -120.66367, 48.07803 ], [ -120.66106, 48.08486 ], [ -120.65452, 48.08545 ], [ -120.65605, 48.09717 ], [ -120.64643, 48.10285 ], [ -120.64347, 48.11128 ], [ -120.6352, 48.11613 ], [ -120.62597, 48.11659 ], [ -120.62229, 48.12642 ], [ -120.60704, 48.13129 ], [ -120.60346, 48.13722 ], [ -120.5277, 48.1522 ], [ -120.54239, 48.1621 ], [ -120.58149, 48.16677 ], [ -120.60546, 48.18108 ], [ -120.61046, 48.19043 ], [ -120.62357, 48.18662 ], [ -120.6476, 48.18956 ], [ -120.684, 48.18641 ], [ -120.7431, 48.19721 ], [ -120.75156, 48.18662 ], [ -120.76378, 48.17938 ], [ -120.79231, 48.18261 ], [ -120.80162, 48.19699 ], [ -120.79451, 48.20224 ], [ -120.7923, 48.22149 ], [ -120.76698, 48.21111 ], [ -120.73868, 48.22764 ], [ -120.73149, 48.22121 ], [ -120.70428, 48.21148 ], [ -120.68148, 48.21094 ], [ -120.67567, 48.21409 ], [ -120.67305, 48.22207 ], [ -120.66525, 48.22438 ], [ -120.66336, 48.23268 ], [ -120.65742, 48.23454 ], [ -120.65279, 48.24204 ], [ -120.62735, 48.26396 ], [ -120.62397, 48.25205 ], [ -120.61841, 48.25487 ], [ -120.61503, 48.24726 ], [ -120.59642, 48.24454 ], [ -120.59642, 48.24143 ], [ -120.60193, 48.23961 ], [ -120.60183, 48.22935 ], [ -120.59631, 48.2293 ], [ -120.59622, 48.222 ], [ -120.6015, 48.22198 ], [ -120.59841, 48.21887 ], [ -120.58662, 48.21349 ], [ -120.58414, 48.21692 ], [ -120.57547, 48.21534 ], [ -120.5772, 48.21225 ], [ -120.57475, 48.21046 ], [ -120.55399, 48.20363 ], [ -120.53464, 48.18623 ], [ -120.52061, 48.18249 ], [ -120.5206, 48.17533 ], [ -120.52634, 48.17533 ], [ -120.52045, 48.16358 ], [ -120.49251, 48.14949 ], [ -120.49193, 48.13022 ], [ -120.48845, 48.1293 ], [ -120.49105, 48.12703 ], [ -120.49175, 48.11025 ], [ -120.48798, 48.10376 ], [ -120.46184, 48.08311 ], [ -120.45881, 48.07423 ], [ -120.42199, 48.0555 ], [ -120.42028, 48.0746 ], [ -120.40601, 48.08064 ], [ -120.40177, 48.08888 ], [ -120.40359, 48.1004 ], [ -120.40932, 48.10469 ], [ -120.40029, 48.1084 ], [ -120.39659, 48.11589 ], [ -120.39856, 48.11896 ], [ -120.39581, 48.13021 ], [ -120.40142, 48.13367 ], [ -120.40003, 48.14237 ], [ -120.41067, 48.15864 ], [ -120.40427, 48.17907 ], [ -120.41268, 48.18093 ], [ -120.41801, 48.18485 ], [ -120.41836, 48.18941 ], [ -120.42983, 48.19443 ], [ -120.4414, 48.20427 ], [ -120.43049, 48.20764 ], [ -120.41006, 48.20816 ], [ -120.40341, 48.20474 ], [ -120.37865, 48.20627 ], [ -120.37369, 48.20973 ], [ -120.37791, 48.21837 ], [ -120.34788, 48.22062 ], [ -120.34491, 48.23822 ], [ -120.30379, 48.23279 ], [ -120.29753, 48.23548 ], [ -120.29618, 48.24324 ], [ -120.29137, 48.24793 ], [ -120.30256, 48.25442 ], [ -120.3042, 48.26291 ], [ -120.30161, 48.26464 ], [ -120.31007, 48.26535 ], [ -120.31558, 48.26953 ], [ -120.30649, 48.27357 ], [ -120.30832, 48.27516 ], [ -120.35004, 48.28493 ], [ -120.34731, 48.29729 ], [ -120.34928, 48.30813 ], [ -120.36565, 48.30482 ], [ -120.39419, 48.30737 ], [ -120.40857, 48.30394 ], [ -120.41142, 48.30816 ], [ -120.40479, 48.3206 ], [ -120.40758, 48.33065 ], [ -120.42383, 48.33824 ], [ -120.4224, 48.34388 ], [ -120.43505, 48.34306 ], [ -120.43543, 48.34562 ], [ -120.44199, 48.34673 ], [ -120.44635, 48.35422 ], [ -120.44652, 48.36256 ], [ -120.47126, 48.37249 ], [ -120.47155, 48.37895 ], [ -120.48136, 48.38853 ], [ -120.48912, 48.38831 ], [ -120.5107, 48.4123 ], [ -120.52315, 48.41113 ], [ -120.53059, 48.41528 ], [ -120.53496, 48.42379 ], [ -120.54578, 48.42572 ], [ -120.54805, 48.43449 ], [ -120.55523, 48.43677 ], [ -120.56891, 48.44855 ], [ -120.57804, 48.45202 ], [ -120.58367, 48.44894 ], [ -120.58403, 48.46486 ], [ -120.56349, 48.46434 ], [ -120.55988, 48.46908 ], [ -120.55156, 48.46895 ], [ -120.55287, 48.46428 ], [ -120.54721, 48.45886 ], [ -120.5156, 48.44329 ], [ -120.50556, 48.4433 ], [ -120.50321, 48.43847 ], [ -120.48991, 48.43799 ], [ -120.48987, 48.43459 ], [ -120.47879, 48.43116 ], [ -120.47276, 48.42661 ], [ -120.47119, 48.41726 ], [ -120.46417, 48.41604 ], [ -120.46345, 48.41213 ], [ -120.45416, 48.40619 ], [ -120.43791, 48.40603 ], [ -120.43108, 48.40087 ], [ -120.42422, 48.42338 ], [ -120.42562, 48.42706 ], [ -120.43063, 48.42681 ], [ -120.43625, 48.4311 ], [ -120.43399, 48.43901 ], [ -120.43858, 48.4422 ], [ -120.43985, 48.44963 ], [ -120.43213, 48.45682 ], [ -120.42288, 48.46304 ], [ -120.40981, 48.46614 ], [ -120.36602, 48.46121 ], [ -120.33997, 48.4638 ], [ -120.33893, 48.47229 ], [ -120.33589, 48.47453 ], [ -120.31587, 48.47338 ], [ -120.30798, 48.49045 ], [ -120.3213, 48.49992 ], [ -120.35468, 48.50143 ], [ -120.37281, 48.51357 ], [ -120.40581, 48.52154 ], [ -120.40984, 48.52746 ], [ -120.42117, 48.53118 ], [ -120.4482, 48.52013 ], [ -120.45147, 48.52868 ], [ -120.43955, 48.53969 ], [ -120.43763, 48.54619 ], [ -120.44338, 48.54846 ], [ -120.44838, 48.56283 ], [ -120.47401, 48.57711 ], [ -120.47395, 48.59204 ], [ -120.48785, 48.60297 ], [ -120.51267, 48.61553 ], [ -120.5143, 48.62132 ], [ -120.5222, 48.62769 ], [ -120.57142, 48.65528 ], [ -120.56179, 48.66129 ], [ -120.5218, 48.6731 ], [ -120.52123, 48.68317 ], [ -120.52661, 48.69068 ], [ -120.52503, 48.69552 ], [ -120.47598, 48.69096 ], [ -120.45219, 48.69257 ], [ -120.44528, 48.6981 ], [ -120.43899, 48.6884 ], [ -120.42909, 48.6878 ], [ -120.42488, 48.68974 ], [ -120.4252, 48.69529 ], [ -120.40989, 48.69894 ], [ -120.399, 48.69459 ], [ -120.39124, 48.69811 ], [ -120.38912, 48.70279 ], [ -120.37864, 48.70838 ], [ -120.37383, 48.7306 ], [ -120.36069, 48.73528 ], [ -120.35529, 48.74174 ], [ -120.34196, 48.74809 ], [ -120.34128, 48.7525 ], [ -120.3463, 48.7577 ], [ -120.34548, 48.7681 ], [ -120.35256, 48.78133 ], [ -120.34156, 48.79082 ], [ -120.34868, 48.7991 ], [ -120.33521, 48.80771 ], [ -120.32256, 48.80777 ], [ -120.31034, 48.79713 ], [ -120.30284, 48.79746 ], [ -120.29439, 48.80251 ], [ -120.28039, 48.79489 ], [ -120.2592, 48.80554 ], [ -120.25795, 48.7934 ], [ -120.24843, 48.78119 ], [ -120.23571, 48.78208 ], [ -120.19973, 48.77192 ], [ -120.18451, 48.77526 ], [ -120.17924, 48.77165 ], [ -120.16372, 48.78486 ], [ -120.14928, 48.78488 ], [ -120.13756, 48.78886 ], [ -120.10496, 48.78606 ], [ -120.08423, 48.80208 ], [ -120.04186, 48.80952 ], [ -120.02539, 48.82046 ], [ -120.03734, 48.83926 ], [ -120.01691, 48.84129 ], [ -120.0096, 48.84821 ] ] ] } },
{ "type": "Feature", "properties": { "name": "Colorado Front Range", "state": "Colorado", "region": "02", "project_id": "NPL036", "investment_year": 2022, "acres": 3584194, "edited": "2022-08-08" }, "geometry": { "type": "Polygon", "coordinates": [ [ [ -105.45082, 40.99769 ], [ -105.45738, 40.97322 ], [ -105.44018, 40.973 ], [ -105.44018, 40.96819 ], [ -105.40158, 40.97106 ], [ -105.40031, 40.96146 ], [ -105.36169, 40.96431 ], [ -105.36042, 40.95471 ], [ -105.34754, 40.95566 ], [ -105.33993, 40.89807 ], [ -105.35279, 40.89713 ], [ -105.3524, 40.89418 ], [ -105.34702, 40.88786 ], [ -105.33866, 40.88848 ], [ -105.33739, 40.87888 ], [ -105.32453, 40.87982 ], [ -105.322, 40.86063 ], [ -105.30915, 40.86157 ], [ -105.30788, 40.85197 ], [ -105.29503, 40.85292 ], [ -105.29377, 40.84332 ], [ -105.30662, 40.84238 ], [ -105.30284, 40.81358 ], [ -105.28999, 40.81453 ], [ -105.28621, 40.78573 ], [ -105.27337, 40.78667 ], [ -105.27211, 40.77708 ], [ -105.23359, 40.77989 ], [ -105.23234, 40.77029 ], [ -105.20665, 40.77216 ], [ -105.20445, 40.7552 ], [ -105.19076, 40.75526 ], [ -105.18634, 40.7155 ], [ -105.212, 40.71364 ], [ -105.21076, 40.70404 ], [ -105.22849, 40.70275 ], [ -105.22858, 40.69712 ], [ -105.23575, 40.6971 ], [ -105.23747, 40.66849 ], [ -105.24689, 40.66928 ], [ -105.24741, 40.65485 ], [ -105.20963, 40.6547 ], [ -105.20946, 40.61694 ], [ -105.19954, 40.61766 ], [ -105.1983, 40.60807 ], [ -105.18549, 40.609 ], [ -105.17556, 40.53222 ], [ -105.16276, 40.53315 ], [ -105.16153, 40.52355 ], [ -105.14873, 40.52448 ], [ -105.14749, 40.51488 ], [ -105.1347, 40.51581 ], [ -105.131, 40.48702 ], [ -105.11821, 40.48794 ], [ -105.11452, 40.45915 ], [ -105.10173, 40.46007 ], [ -105.1005, 40.45048 ], [ -105.08772, 40.4514 ], [ -105.08649, 40.4418 ], [ -105.07371, 40.44272 ], [ -105.07248, 40.43312 ], [ -105.04692, 40.43496 ], [ -105.0457, 40.42536 ], [ -105.03292, 40.42628 ], [ -105.0317, 40.41668 ], [ -105.04448, 40.41576 ], [ -105.04204, 40.39657 ], [ -105.05482, 40.39565 ], [ -105.05238, 40.37646 ], [ -105.06515, 40.37554 ], [ -105.06392, 40.36594 ], [ -105.07669, 40.36502 ], [ -105.07547, 40.35543 ], [ -105.08824, 40.35451 ], [ -105.08701, 40.34491 ], [ -105.11254, 40.34307 ], [ -105.10151, 40.2567 ], [ -105.11426, 40.25578 ], [ -105.11303, 40.24618 ], [ -105.12578, 40.24526 ], [ -105.12455, 40.23566 ], [ -105.1373, 40.23474 ], [ -105.13238, 40.19636 ], [ -105.14512, 40.19543 ], [ -105.14266, 40.17624 ], [ -105.12993, 40.17717 ], [ -105.1287, 40.16757 ], [ -105.11597, 40.1685 ], [ -105.11474, 40.1589 ], [ -105.10201, 40.15982 ], [ -105.10079, 40.15023 ], [ -105.08806, 40.15115 ], [ -105.08073, 40.09358 ], [ -105.06801, 40.09449 ], [ -105.0668, 40.0849 ], [ -105.07951, 40.08398 ], [ -105.0783, 40.07439 ], [ -105.10373, 40.07254 ], [ -105.10251, 40.06295 ], [ -105.11522, 40.06203 ], [ -105.10545, 39.98527 ], [ -105.15625, 39.98157 ], [ -105.15502, 39.97198 ], [ -105.20581, 39.96826 ], [ -105.20705, 39.97785 ], [ -105.21975, 39.97692 ], [ -105.22098, 39.98651 ], [ -105.23368, 39.98558 ], [ -105.23245, 39.97598 ], [ -105.27054, 39.97317 ], [ -105.2693, 39.96358 ], [ -105.32007, 39.95982 ], [ -105.32132, 39.96941 ], [ -105.34671, 39.96752 ], [ -105.34546, 39.95793 ], [ -105.37011, 39.95608 ], [ -105.37011, 39.94142 ], [ -105.36166, 39.94161 ], [ -105.36149, 39.9345 ], [ -105.38941, 39.93484 ], [ -105.38828, 39.88394 ], [ -105.42534, 39.88315 ], [ -105.42421, 39.87454 ], [ -105.43688, 39.87359 ], [ -105.43615, 39.86802 ], [ -105.24813, 39.8689 ], [ -105.24458, 39.7565 ], [ -105.22625, 39.70357 ], [ -105.2151, 39.69853 ], [ -105.20175, 39.69951 ], [ -105.20372, 39.70117 ], [ -105.19739, 39.70785 ], [ -105.19077, 39.70532 ], [ -105.18329, 39.7094 ], [ -105.17722, 39.70143 ], [ -105.17161, 39.69989 ], [ -105.16567, 39.70455 ], [ -105.16577, 39.71795 ], [ -105.14551, 39.73699 ], [ -105.13306, 39.74313 ], [ -105.11165, 39.74696 ], [ -105.09459, 39.75977 ], [ -105.0839, 39.76354 ], [ -105.0711, 39.76093 ], [ -105.065, 39.76385 ], [ -105.04946, 39.76397 ], [ -105.00952, 39.75393 ], [ -105.00092, 39.74682 ], [ -104.99895, 39.73783 ], [ -105.00146, 39.73097 ], [ -104.98225, 39.71745 ], [ -104.95813, 39.70895 ], [ -104.94468, 39.69531 ], [ -104.92424, 39.6827 ], [ -104.92461, 39.67246 ], [ -104.91796, 39.66936 ], [ -104.91494, 39.66215 ], [ -104.9182, 39.65774 ], [ -104.91558, 39.65263 ], [ -104.92085, 39.64584 ], [ -104.90954, 39.63523 ], [ -104.90967, 39.6293 ], [ -104.90095, 39.62093 ], [ -104.90271, 39.61688 ], [ -104.88996, 39.60502 ], [ -104.8909, 39.59857 ], [ -104.87817, 39.59116 ], [ -104.88048, 39.58341 ], [ -104.87522, 39.57803 ], [ -104.87678, 39.57415 ], [ -104.87134, 39.56785 ], [ -104.87198, 39.55866 ], [ -104.86834, 39.55586 ], [ -104.87294, 39.53801 ], [ -104.86891, 39.53076 ], [ -104.87496, 39.52431 ], [ -104.88898, 39.51849 ], [ -104.88449, 39.51145 ], [ -104.89172, 39.50684 ], [ -104.90105, 39.49305 ], [ -104.92308, 39.48455 ], [ -104.92488, 39.481 ], [ -104.92225, 39.47297 ], [ -104.90415, 39.46946 ], [ -104.89956, 39.46524 ], [ -104.89907, 39.46052 ], [ -104.90272, 39.4562 ], [ -104.89758, 39.44629 ], [ -104.87347, 39.44982 ], [ -104.86617, 39.44357 ], [ -104.8697, 39.43787 ], [ -104.85575, 39.428 ], [ -104.85663, 39.41927 ], [ -104.8513, 39.41474 ], [ -104.84226, 39.41758 ], [ -104.83737, 39.41137 ], [ -104.83917, 39.40527 ], [ -104.83305, 39.40205 ], [ -104.83384, 39.38982 ], [ -104.83011, 39.3834 ], [ -104.83034, 39.37534 ], [ -104.81267, 39.36245 ], [ -104.82083, 39.35404 ], [ -104.81633, 39.34799 ], [ -104.81945, 39.33688 ], [ -104.80888, 39.32832 ], [ -104.81338, 39.32115 ], [ -104.81581, 39.30266 ], [ -104.82536, 39.29302 ], [ -104.83177, 39.27957 ], [ -104.83096, 39.27211 ], [ -104.85419, 39.25836 ], [ -104.84951, 39.25046 ], [ -104.85076, 39.24784 ], [ -104.84299, 39.24447 ], [ -104.8416, 39.24026 ], [ -104.84234, 39.23039 ], [ -104.83922, 39.22827 ], [ -104.84373, 39.22117 ], [ -104.8384, 39.21855 ], [ -104.83985, 39.21556 ], [ -104.83689, 39.21285 ], [ -104.82909, 39.20865 ], [ -104.82164, 39.20884 ], [ -104.81633, 39.20257 ], [ -104.80419, 39.20343 ], [ -104.80302, 39.19383 ], [ -104.77789, 39.19561 ], [ -104.77672, 39.18602 ], [ -104.75159, 39.18779 ], [ -104.74463, 39.13022 ], [ -104.75719, 39.12934 ], [ -104.75603, 39.11974 ], [ -104.74347, 39.12063 ], [ -104.74232, 39.11103 ], [ -104.71721, 39.1128 ], [ -104.71606, 39.1032 ], [ -104.7035, 39.10409 ], [ -104.70235, 39.09449 ], [ -104.6898, 39.09537 ], [ -104.68175, 39.0282 ], [ -104.69429, 39.02732 ], [ -104.69084, 38.99853 ], [ -104.72844, 38.99589 ], [ -104.72729, 38.98629 ], [ -104.73982, 38.98541 ], [ -104.73751, 38.96622 ], [ -104.75004, 38.96533 ], [ -104.74426, 38.91736 ], [ -104.75678, 38.91647 ], [ -104.75562, 38.90688 ], [ -104.76814, 38.90599 ], [ -104.76698, 38.8964 ], [ -104.77949, 38.89551 ], [ -104.77833, 38.88591 ], [ -104.79085, 38.88502 ], [ -104.78969, 38.87543 ], [ -104.8022, 38.87454 ], [ -104.79755, 38.83616 ], [ -104.81006, 38.83527 ], [ -104.8089, 38.82568 ], [ -104.8339, 38.82389 ], [ -104.82938, 38.81551 ], [ -104.82047, 38.81463 ], [ -104.82211, 38.78671 ], [ -104.81315, 38.77248 ], [ -104.80833, 38.74142 ], [ -104.80888, 38.73481 ], [ -104.81793, 38.72719 ], [ -104.81961, 38.71109 ], [ -104.85011, 38.67496 ], [ -104.86148, 38.66978 ], [ -104.86561, 38.65124 ], [ -104.87606, 38.65268 ], [ -104.87417, 38.63713 ], [ -104.88664, 38.63623 ], [ -104.88547, 38.62664 ], [ -104.92287, 38.62393 ], [ -104.92052, 38.60475 ], [ -104.93299, 38.60384 ], [ -104.92594, 38.54628 ], [ -104.95085, 38.54447 ], [ -104.94967, 38.53488 ], [ -104.96212, 38.53398 ], [ -104.96095, 38.52438 ], [ -104.9734, 38.52348 ], [ -104.96868, 38.48511 ], [ -104.98113, 38.4842 ], [ -104.97641, 38.44583 ], [ -104.98885, 38.44492 ], [ -104.98767, 38.43533 ], [ -105.0001, 38.43441 ], [ -104.99892, 38.42482 ], [ -105.02378, 38.423 ], [ -105.02497, 38.43259 ], [ -105.04983, 38.43076 ], [ -105.05102, 38.44035 ], [ -105.07589, 38.43852 ], [ -105.07827, 38.4577 ], [ -105.09071, 38.45678 ], [ -105.09549, 38.49515 ], [ -105.10793, 38.49422 ], [ -105.11032, 38.51341 ], [ -105.12277, 38.51248 ], [ -105.12397, 38.52207 ], [ -105.17375, 38.51837 ], [ -105.17255, 38.50878 ], [ -105.20988, 38.50599 ], [ -105.21109, 38.51558 ], [ -105.24842, 38.51277 ], [ -105.24964, 38.52236 ], [ -105.27453, 38.52049 ], [ -105.27697, 38.53967 ], [ -105.26452, 38.54061 ], [ -105.26817, 38.56938 ], [ -105.24327, 38.57125 ], [ -105.24448, 38.58084 ], [ -105.23202, 38.58177 ], [ -105.23324, 38.59136 ], [ -105.22078, 38.5923 ], [ -105.22199, 38.60189 ], [ -105.20953, 38.60282 ], [ -105.21317, 38.63159 ], [ -105.22563, 38.63066 ], [ -105.22685, 38.64025 ], [ -105.23931, 38.63931 ], [ -105.24053, 38.6489 ], [ -105.253, 38.64797 ], [ -105.25422, 38.65756 ], [ -105.27915, 38.65568 ], [ -105.28037, 38.66527 ], [ -105.29284, 38.66433 ], [ -105.29529, 38.68351 ], [ -105.28282, 38.68445 ], [ -105.28404, 38.69404 ], [ -105.27157, 38.69498 ], [ -105.27401, 38.71416 ], [ -105.28649, 38.71322 ], [ -105.28893, 38.7324 ], [ -105.30141, 38.73146 ], [ -105.30387, 38.75064 ], [ -105.31635, 38.74969 ], [ -105.31672, 38.7526 ], [ -105.31991, 38.75214 ], [ -105.32509, 38.7452 ], [ -105.33239, 38.74491 ], [ -105.33308, 38.7402 ], [ -105.34296, 38.73196 ], [ -105.36147, 38.73624 ], [ -105.37014, 38.73341 ], [ -105.3698, 38.74425 ], [ -105.35645, 38.7473 ], [ -105.35444, 38.7534 ], [ -105.35451, 38.75926 ], [ -105.35752, 38.75827 ], [ -105.36218, 38.76283 ], [ -105.35703, 38.77331 ], [ -105.36195, 38.77529 ], [ -105.39496, 38.77278 ], [ -105.39372, 38.76319 ], [ -105.41869, 38.76128 ], [ -105.41745, 38.7517 ], [ -105.44241, 38.74979 ], [ -105.44366, 38.75938 ], [ -105.45614, 38.75842 ], [ -105.45739, 38.76801 ], [ -105.46987, 38.76705 ], [ -105.47112, 38.77664 ], [ -105.48361, 38.77568 ], [ -105.48861, 38.81403 ], [ -105.52801, 38.81265 ], [ -105.52793, 38.81628 ], [ -105.53717, 38.81604 ], [ -105.53709, 38.81966 ], [ -105.61146, 38.81834 ], [ -105.61128, 38.86886 ], [ -105.60536, 38.87413 ], [ -105.60201, 38.89363 ], [ -105.61584, 38.91983 ], [ -105.60781, 38.9268 ], [ -105.60877, 38.93956 ], [ -105.59534, 38.9454 ], [ -105.5892, 38.95232 ], [ -105.58686, 38.9613 ], [ -105.58901, 38.96525 ], [ -105.586, 38.96968 ], [ -105.59344, 38.97929 ], [ -105.61361, 38.98436 ], [ -105.6225, 38.99886 ], [ -105.62004, 39.00927 ], [ -105.62834, 39.01463 ], [ -105.62936, 39.02143 ], [ -105.64982, 39.04117 ], [ -105.65093, 39.05404 ], [ -105.67945, 39.07174 ], [ -105.69222, 39.06904 ], [ -105.69503, 39.07183 ], [ -105.67676, 39.10031 ], [ -105.64884, 39.10768 ], [ -105.6506, 39.13648 ], [ -105.64057, 39.13661 ], [ -105.64224, 39.18809 ], [ -105.65135, 39.18807 ], [ -105.65122, 39.21727 ], [ -105.66993, 39.21704 ], [ -105.67023, 39.20266 ], [ -105.67959, 39.2026 ], [ -105.67992, 39.19511 ], [ -105.68891, 39.19521 ], [ -105.68903, 39.18806 ], [ -105.71572, 39.1877 ], [ -105.71566, 39.30467 ], [ -105.75364, 39.30446 ], [ -105.75156, 39.40512 ], [ -105.75904, 39.4051 ], [ -105.7646, 39.41326 ], [ -105.77328, 39.4153 ], [ -105.78063, 39.42175 ], [ -105.78523, 39.41983 ], [ -105.80266, 39.44609 ], [ -105.84747, 39.45616 ], [ -105.84825, 39.46688 ], [ -105.84512, 39.47602 ], [ -105.85172, 39.4851 ], [ -105.86713, 39.49293 ], [ -105.86367, 39.50258 ], [ -105.85592, 39.50513 ], [ -105.8682, 39.51935 ], [ -105.86018, 39.53118 ], [ -105.85777, 39.53225 ], [ -105.84548, 39.52387 ], [ -105.831, 39.53196 ], [ -105.82305, 39.53004 ], [ -105.81791, 39.5384 ], [ -105.81906, 39.54556 ], [ -105.81594, 39.55216 ], [ -105.82523, 39.55518 ], [ -105.83019, 39.56612 ], [ -105.83821, 39.57088 ], [ -105.83227, 39.57795 ], [ -105.82133, 39.5827 ], [ -105.80779, 39.58373 ], [ -105.80097, 39.59354 ], [ -105.77609, 39.60516 ], [ -105.76219, 39.59314 ], [ -105.74323, 39.59745 ], [ -105.73427, 39.5955 ], [ -105.72086, 39.6009 ], [ -105.70314, 39.59467 ], [ -105.68943, 39.60018 ], [ -105.681, 39.6135 ], [ -105.6744, 39.61183 ], [ -105.66056, 39.61729 ], [ -105.65161, 39.61376 ], [ -105.65567, 39.60774 ], [ -105.65257, 39.60136 ], [ -105.63833, 39.6024 ], [ -105.60762, 39.62342 ], [ -105.60431, 39.63566 ], [ -105.59891, 39.64057 ], [ -105.60125, 39.64625 ], [ -105.59596, 39.65953 ], [ -105.58737, 39.66327 ], [ -105.58349, 39.66871 ], [ -105.63923, 39.66442 ], [ -105.63794, 39.65483 ], [ -105.71375, 39.64895 ], [ -105.71505, 39.65854 ], [ -105.72768, 39.65755 ], [ -105.72898, 39.66714 ], [ -105.74162, 39.66616 ], [ -105.75203, 39.74285 ], [ -105.76468, 39.74186 ], [ -105.76598, 39.75145 ], [ -105.77863, 39.75046 ], [ -105.78125, 39.76963 ], [ -105.7939, 39.76864 ], [ -105.79864, 39.80331 ], [ -105.78477, 39.80242 ], [ -105.76433, 39.7949 ], [ -105.73619, 39.80488 ], [ -105.73339, 39.81286 ], [ -105.72409, 39.81836 ], [ -105.72391, 39.82438 ], [ -105.71898, 39.82761 ], [ -105.71354, 39.83878 ], [ -105.70087, 39.83727 ], [ -105.70044, 39.83406 ], [ -105.66244, 39.837 ], [ -105.66373, 39.84659 ], [ -105.63839, 39.84855 ], [ -105.63968, 39.85813 ], [ -105.62701, 39.85911 ], [ -105.63087, 39.88788 ], [ -105.61819, 39.88885 ], [ -105.62335, 39.92721 ], [ -105.61066, 39.92818 ], [ -105.61195, 39.93777 ], [ -105.59926, 39.93874 ], [ -105.60055, 39.94833 ], [ -105.58786, 39.9493 ], [ -105.58915, 39.95889 ], [ -105.57646, 39.95986 ], [ -105.57902, 39.97904 ], [ -105.56633, 39.98001 ], [ -105.57403, 40.03755 ], [ -105.56132, 40.03852 ], [ -105.56261, 40.04811 ], [ -105.5499, 40.04908 ], [ -105.55118, 40.05867 ], [ -105.53847, 40.05964 ], [ -105.53975, 40.06923 ], [ -105.53083, 40.0699 ], [ -105.52947, 40.08839 ], [ -105.5626, 40.3508 ], [ -105.55285, 40.35419 ], [ -105.55192, 40.34074 ], [ -105.5448, 40.3323 ], [ -105.5297, 40.33158 ], [ -105.5247, 40.34165 ], [ -105.53746, 40.34068 ], [ -105.54517, 40.39824 ], [ -105.5324, 40.3992 ], [ -105.53369, 40.40879 ], [ -105.50815, 40.41072 ], [ -105.50943, 40.42032 ], [ -105.48388, 40.42224 ], [ -105.49875, 40.4228 ], [ -105.49865, 40.42642 ], [ -105.49385, 40.42632 ], [ -105.49366, 40.43364 ], [ -105.51238, 40.43394 ], [ -105.4971, 40.45563 ], [ -105.48646, 40.47814 ], [ -105.51289, 40.48985 ], [ -105.52493, 40.51605 ], [ -105.53506, 40.51528 ], [ -105.53781, 40.53577 ], [ -105.55339, 40.54302 ], [ -105.56095, 40.55437 ], [ -105.563, 40.57712 ], [ -105.60514, 40.59398 ], [ -105.60858, 40.60662 ], [ -105.61199, 40.60636 ], [ -105.61751, 40.62024 ], [ -105.65117, 40.62503 ], [ -105.68306, 40.63979 ], [ -105.69923, 40.66743 ], [ -105.69931, 40.67537 ], [ -105.70823, 40.68596 ], [ -105.72322, 40.70084 ], [ -105.74329, 40.7079 ], [ -105.74528, 40.72442 ], [ -105.74267, 40.7265 ], [ -105.75611, 40.75326 ], [ -105.76396, 40.78137 ], [ -105.76432, 40.82735 ], [ -105.77173, 40.82678 ], [ -105.77305, 40.83637 ], [ -105.79874, 40.83439 ], [ -105.80007, 40.84398 ], [ -105.82576, 40.84199 ], [ -105.82709, 40.85158 ], [ -105.83994, 40.85059 ], [ -105.83861, 40.841 ], [ -105.87714, 40.838 ], [ -105.8758, 40.82841 ], [ -105.92716, 40.8244 ], [ -105.92986, 40.84358 ], [ -105.9427, 40.84257 ], [ -105.95485, 40.9289 ], [ -105.94199, 40.9299 ], [ -105.94334, 40.93949 ], [ -105.91762, 40.94151 ], [ -105.92032, 40.96069 ], [ -105.90745, 40.9617 ], [ -105.9088, 40.97129 ], [ -105.89593, 40.97229 ], [ -105.89727, 40.98188 ], [ -105.8844, 40.98289 ], [ -105.88575, 40.99248 ], [ -105.89862, 40.99148 ], [ -105.89941, 40.99711 ], [ -105.45082, 40.99769 ] ] ] } },
{ "type": "Feature", "properties": { "name": "Colville Northeast Washington Vision", "state": "Washington", "region": "06", "project_id": "NPL015", "investment_year": 2023, "acres": 1752994, "edited": "2023-01-18" }, "geometry": { "type": "MultiPolygon", "coordinates": [ [ [ [ -119.7513, 48.56049 ], [ -119.75096, 48.56139 ], [ -119.75086, 48.56052 ], [ -119.7513, 48.56049 ] ] ], [ [ [ -119.74854, 48.56185 ], [ -119.74847, 48.56195 ], [ -119.74843, 48.56188 ], [ -119.74854, 48.56185 ] ] ], [ [ [ -118.72804, 48.64846 ], [ -118.73175, 48.64865 ], [ -118.73289, 48.65195 ], [ -118.72805, 48.65391 ], [ -118.72804, 48.64846 ] ] ], [ [ [ -118.22128, 48.69982 ], [ -118.22314, 48.70056 ], [ -118.22019, 48.70053 ], [ -118.22128, 48.69982 ] ] ], [ [ [ -118.20642, 48.70409 ], [ -118.20644, 48.69683 ], [ -118.22316, 48.69693 ], [ -118.21871, 48.70052 ], [ -118.2119, 48.70048 ], [ -118.21189, 48.70524 ], [ -118.20641, 48.70772 ], [ -118.2064, 48.71134 ], [ -118.19577, 48.7113 ], [ -118.19582, 48.70403 ], [ -118.20642, 48.70409 ] ] ], [ [ [ -118.21189, 48.70775 ], [ -118.21065, 48.7068 ], [ -118.21189, 48.70587 ], [ -118.21189, 48.70775 ] ] ], [ [ [ -119.43363, 48.71012 ], [ -119.43551, 48.71089 ], [ -119.43313, 48.7107 ], [ -119.43363, 48.71012 ] ] ], [ [ [ -119.86552, 48.98709 ], [ -119.86543, 48.9147 ], [ -119.82145, 48.91465 ], [ -119.82149, 48.84289 ], [ -119.92227, 48.84284 ], [ -119.92227, 48.83922 ], [ -119.92767, 48.83924 ], [ -119.928, 48.79936 ], [ -119.91699, 48.79938 ], [ -119.91671, 48.74146 ], [ -119.90584, 48.74146 ], [ -119.90572, 48.6906 ], [ -119.87559, 48.69071 ], [ -119.87582, 48.68343 ], [ -119.83207, 48.68343 ], [ -119.83191, 48.6688 ], [ -119.79901, 48.66909 ], [ -119.7988, 48.65458 ], [ -119.76625, 48.65463 ], [ -119.76617, 48.62579 ], [ -119.75544, 48.62568 ], [ -119.75541, 48.61237 ], [ -119.69109, 48.61273 ], [ -119.69087, 48.59813 ], [ -119.66879, 48.5982 ], [ -119.66854, 48.56921 ], [ -119.70081, 48.56858 ], [ -119.70077, 48.58353 ], [ -119.82072, 48.58278 ], [ -119.82066, 48.49635 ], [ -119.77695, 48.49629 ], [ -119.77693, 48.48186 ], [ -119.79884, 48.48186 ], [ -119.79872, 48.4603 ], [ -119.80974, 48.46037 ], [ -119.8096, 48.44585 ], [ -119.82031, 48.44584 ], [ -119.82251, 48.43811 ], [ -119.83883, 48.43418 ], [ -119.84864, 48.43904 ], [ -119.85448, 48.45057 ], [ -119.86533, 48.45806 ], [ -119.86262, 48.46154 ], [ -119.86345, 48.47209 ], [ -119.87452, 48.49875 ], [ -119.89571, 48.49861 ], [ -119.91681, 48.51557 ], [ -119.93461, 48.52168 ], [ -119.94424, 48.53002 ], [ -119.95638, 48.55362 ], [ -119.95638, 48.57112 ], [ -119.9612, 48.58446 ], [ -119.9442, 48.6003 ], [ -119.95101, 48.61023 ], [ -119.93639, 48.61186 ], [ -119.946, 48.61598 ], [ -119.94609, 48.6206 ], [ -119.96215, 48.61558 ], [ -119.9812, 48.62059 ], [ -119.97734, 48.62795 ], [ -119.98085, 48.63525 ], [ -119.97549, 48.64089 ], [ -119.9629, 48.64563 ], [ -119.97057, 48.64777 ], [ -119.97835, 48.65849 ], [ -119.96627, 48.66329 ], [ -119.97558, 48.66825 ], [ -119.97252, 48.66974 ], [ -119.98286, 48.67721 ], [ -119.97629, 48.68238 ], [ -119.97563, 48.68512 ], [ -119.98109, 48.68977 ], [ -119.97332, 48.6962 ], [ -119.97282, 48.70486 ], [ -119.99889, 48.71601 ], [ -120.00795, 48.7296 ], [ -120.00662, 48.74079 ], [ -120.01025, 48.74956 ], [ -120.03362, 48.75564 ], [ -120.05734, 48.75591 ], [ -120.03654, 48.7723 ], [ -120.04671, 48.78008 ], [ -120.0362, 48.78251 ], [ -120.02738, 48.79173 ], [ -120.0024, 48.80501 ], [ -119.99748, 48.82454 ], [ -119.99185, 48.83365 ], [ -120.00678, 48.84268 ], [ -120.0127, 48.86419 ], [ -120.02111, 48.87014 ], [ -120.01531, 48.87743 ], [ -120.01762, 48.89449 ], [ -120.0127, 48.90107 ], [ -120.00012, 48.90867 ], [ -120.01106, 48.91008 ], [ -120.01127, 48.92694 ], [ -120.01593, 48.93459 ], [ -120.02879, 48.94169 ], [ -120.03336, 48.95403 ], [ -120.03146, 48.95621 ], [ -120.04021, 48.96158 ], [ -120.04403, 48.9699 ], [ -120.02709, 48.97801 ], [ -120.02437, 48.99944 ], [ -119.88111, 48.99988 ], [ -119.88113, 48.99772 ], [ -119.87595, 48.99772 ], [ -119.876, 48.98709 ], [ -119.86552, 48.98709 ] ] ], [ [ [ -118.48346, 48.9999 ], [ -118.21681, 48.9999 ], [ -118.21694, 48.82838 ], [ -118.17303, 48.82837 ], [ -118.17325, 48.78415 ], [ -118.15096, 48.78406 ], [ -118.15062, 48.76955 ], [ -118.1733, 48.7696 ], [ -118.17334, 48.74055 ], [ -118.15035, 48.74052 ], [ -118.15063, 48.65314 ], [ -118.12989, 48.65301 ], [ -118.12974, 48.62595 ], [ -118.2171, 48.62578 ], [ -118.21702, 48.58276 ], [ -118.17338, 48.58274 ], [ -118.17329, 48.56095 ], [ -118.19533, 48.56101 ], [ -118.1952, 48.53938 ], [ -118.21701, 48.53952 ], [ -118.21688, 48.52506 ], [ -118.23885, 48.52507 ], [ -118.2386, 48.4819 ], [ -119.2178, 48.48176 ], [ -119.21855, 48.48559 ], [ -119.22875, 48.48172 ], [ -119.22873, 48.48885 ], [ -119.24004, 48.48883 ], [ -119.23981, 48.49613 ], [ -119.22888, 48.4962 ], [ -119.22893, 48.53962 ], [ -119.2396, 48.53963 ], [ -119.23958, 48.54675 ], [ -119.28344, 48.54675 ], [ -119.28339, 48.56135 ], [ -119.26153, 48.56117 ], [ -119.2616, 48.56849 ], [ -119.28346, 48.56838 ], [ -119.28356, 48.58278 ], [ -119.23923, 48.58299 ], [ -119.23945, 48.59756 ], [ -119.26177, 48.5976 ], [ -119.26142, 48.64084 ], [ -119.19583, 48.64085 ], [ -119.1958, 48.58308 ], [ -119.17369, 48.58303 ], [ -119.17415, 48.59759 ], [ -119.13019, 48.59743 ], [ -119.13024, 48.58302 ], [ -119.10975, 48.58296 ], [ -119.10989, 48.56834 ], [ -119.13027, 48.5684 ], [ -119.13031, 48.5541 ], [ -119.08793, 48.55404 ], [ -119.08793, 48.56829 ], [ -119.04442, 48.56833 ], [ -119.04444, 48.556 ], [ -119.02282, 48.55594 ], [ -119.02249, 48.52702 ], [ -118.95682, 48.52502 ], [ -118.9569, 48.53226 ], [ -118.93509, 48.53224 ], [ -118.93499, 48.51782 ], [ -118.91331, 48.51781 ], [ -118.91314, 48.58292 ], [ -118.95716, 48.58303 ], [ -118.95717, 48.61191 ], [ -119.00091, 48.61196 ], [ -119.00089, 48.6409 ], [ -118.98997, 48.64089 ], [ -118.99001, 48.65363 ], [ -118.97896, 48.65366 ], [ -118.97927, 48.66832 ], [ -119.03385, 48.66817 ], [ -119.0339, 48.65376 ], [ -119.02269, 48.65363 ], [ -119.02279, 48.64807 ], [ -119.07705, 48.64809 ], [ -119.07705, 48.65395 ], [ -119.09984, 48.65401 ], [ -119.1001, 48.67538 ], [ -119.07764, 48.67537 ], [ -119.07772, 48.71174 ], [ -118.96825, 48.71148 ], [ -118.96848, 48.68978 ], [ -118.94649, 48.68996 ], [ -118.94664, 48.68283 ], [ -118.92439, 48.68293 ], [ -118.92458, 48.69726 ], [ -118.94638, 48.69708 ], [ -118.94519, 48.74816 ], [ -118.90147, 48.74771 ], [ -118.90158, 48.75474 ], [ -118.87974, 48.75485 ], [ -118.87976, 48.7477 ], [ -118.85809, 48.74798 ], [ -118.85817, 48.74081 ], [ -118.83699, 48.74117 ], [ -118.83696, 48.75559 ], [ -118.82523, 48.75567 ], [ -118.82553, 48.78461 ], [ -118.8369, 48.78471 ], [ -118.83691, 48.82856 ], [ -118.88104, 48.82861 ], [ -118.88088, 48.8431 ], [ -118.87011, 48.84311 ], [ -118.86982, 48.86491 ], [ -118.85902, 48.86487 ], [ -118.85856, 48.89379 ], [ -118.82594, 48.89376 ], [ -118.82696, 48.93091 ], [ -118.77192, 48.93077 ], [ -118.77136, 48.89344 ], [ -118.71606, 48.89342 ], [ -118.71625, 48.88613 ], [ -118.69198, 48.8859 ], [ -118.69192, 48.87873 ], [ -118.68079, 48.87876 ], [ -118.681, 48.87134 ], [ -118.70625, 48.87133 ], [ -118.70653, 48.86412 ], [ -118.6918, 48.86409 ], [ -118.69163, 48.84259 ], [ -118.66977, 48.84247 ], [ -118.66975, 48.82789 ], [ -118.70628, 48.82809 ], [ -118.70614, 48.81297 ], [ -118.69162, 48.81305 ], [ -118.69142, 48.79855 ], [ -118.70554, 48.7985 ], [ -118.70546, 48.78409 ], [ -118.76045, 48.78439 ], [ -118.76009, 48.76984 ], [ -118.74919, 48.76976 ], [ -118.74942, 48.74816 ], [ -118.73838, 48.74813 ], [ -118.73743, 48.7336 ], [ -118.7159, 48.73358 ], [ -118.71584, 48.71911 ], [ -118.74832, 48.719 ], [ -118.74835, 48.72632 ], [ -118.78051, 48.72628 ], [ -118.78063, 48.71173 ], [ -118.76968, 48.7118 ], [ -118.76977, 48.69727 ], [ -118.83699, 48.69749 ], [ -118.83705, 48.68302 ], [ -118.85895, 48.68286 ], [ -118.85895, 48.67556 ], [ -118.88081, 48.67562 ], [ -118.88057, 48.64079 ], [ -118.84637, 48.64098 ], [ -118.84641, 48.59725 ], [ -118.80295, 48.59745 ], [ -118.80291, 48.58279 ], [ -118.81374, 48.58284 ], [ -118.8138, 48.56834 ], [ -118.78107, 48.56836 ], [ -118.78117, 48.59738 ], [ -118.79206, 48.59745 ], [ -118.79208, 48.61202 ], [ -118.80287, 48.61207 ], [ -118.80275, 48.62624 ], [ -118.78142, 48.62628 ], [ -118.78129, 48.61197 ], [ -118.75936, 48.61188 ], [ -118.75953, 48.53951 ], [ -118.73786, 48.53968 ], [ -118.73776, 48.56832 ], [ -118.71674, 48.56841 ], [ -118.71653, 48.62621 ], [ -118.67287, 48.62601 ], [ -118.67301, 48.59725 ], [ -118.58674, 48.59714 ], [ -118.58666, 48.61875 ], [ -118.54288, 48.61874 ], [ -118.54288, 48.62587 ], [ -118.55389, 48.62589 ], [ -118.5538, 48.64044 ], [ -118.56482, 48.64044 ], [ -118.56487, 48.65362 ], [ -118.57243, 48.65362 ], [ -118.57253, 48.6609 ], [ -118.59414, 48.66101 ], [ -118.59386, 48.68277 ], [ -118.57198, 48.68275 ], [ -118.57198, 48.68994 ], [ -118.55084, 48.68986 ], [ -118.55087, 48.70434 ], [ -118.6154, 48.70446 ], [ -118.61532, 48.71174 ], [ -118.62609, 48.71182 ], [ -118.62598, 48.72624 ], [ -118.60438, 48.7261 ], [ -118.60418, 48.7407 ], [ -118.56192, 48.74075 ], [ -118.56166, 48.71886 ], [ -118.55083, 48.71889 ], [ -118.55083, 48.71163 ], [ -118.52901, 48.71153 ], [ -118.52925, 48.74085 ], [ -118.54022, 48.74077 ], [ -118.54028, 48.74805 ], [ -118.5512, 48.74804 ], [ -118.55127, 48.75533 ], [ -118.57177, 48.7551 ], [ -118.57147, 48.76955 ], [ -118.50756, 48.76976 ], [ -118.5075, 48.78425 ], [ -118.52935, 48.78418 ], [ -118.52943, 48.79869 ], [ -118.57121, 48.79847 ], [ -118.57098, 48.81304 ], [ -118.56246, 48.81304 ], [ -118.56254, 48.82758 ], [ -118.5709, 48.82757 ], [ -118.57109, 48.84195 ], [ -118.55004, 48.84197 ], [ -118.55007, 48.86382 ], [ -118.53925, 48.86383 ], [ -118.53929, 48.85667 ], [ -118.52851, 48.85662 ], [ -118.52834, 48.84934 ], [ -118.51738, 48.84928 ], [ -118.51731, 48.842 ], [ -118.4954, 48.84194 ], [ -118.49545, 48.83469 ], [ -118.48452, 48.83466 ], [ -118.48452, 48.82742 ], [ -118.46245, 48.82728 ], [ -118.46222, 48.84884 ], [ -118.44026, 48.84889 ], [ -118.43958, 48.91442 ], [ -118.46165, 48.91437 ], [ -118.46172, 48.90713 ], [ -118.49482, 48.90725 ], [ -118.49494, 48.89994 ], [ -118.51698, 48.89997 ], [ -118.51689, 48.90733 ], [ -118.53893, 48.90747 ], [ -118.53882, 48.91486 ], [ -118.54974, 48.91495 ], [ -118.54952, 48.93671 ], [ -118.53874, 48.93669 ], [ -118.53867, 48.94402 ], [ -118.48364, 48.94375 ], [ -118.48346, 48.9999 ] ], [ [ -118.25325, 48.68266 ], [ -118.25057, 48.68429 ], [ -118.25325, 48.68429 ], [ -118.25325, 48.68266 ] ], [ [ -118.23955, 48.6934 ], [ -118.22317, 48.69331 ], [ -118.22319, 48.6825 ], [ -118.21772, 48.68249 ], [ -118.21775, 48.68969 ], [ -118.20646, 48.68963 ], [ -118.20645, 48.69323 ], [ -118.19585, 48.69317 ], [ -118.19584, 48.69676 ], [ -118.17396, 48.69669 ], [ -118.17379, 48.71118 ], [ -118.19577, 48.7113 ], [ -118.19565, 48.71857 ], [ -118.21757, 48.71868 ], [ -118.21766, 48.71141 ], [ -118.23394, 48.71159 ], [ -118.23398, 48.70796 ], [ -118.22311, 48.70784 ], [ -118.22312, 48.7042 ], [ -118.22856, 48.70425 ], [ -118.22859, 48.7006 ], [ -118.23945, 48.70069 ], [ -118.23938, 48.71168 ], [ -118.26135, 48.71163 ], [ -118.26132, 48.70803 ], [ -118.25039, 48.70802 ], [ -118.25041, 48.70439 ], [ -118.24493, 48.70437 ], [ -118.24495, 48.70072 ], [ -118.26129, 48.70081 ], [ -118.2614, 48.68999 ], [ -118.23967, 48.68612 ], [ -118.23955, 48.6934 ] ], [ [ -118.23967, 48.68602 ], [ -118.23961, 48.68248 ], [ -118.22866, 48.68249 ], [ -118.22865, 48.6861 ], [ -118.23967, 48.68602 ] ] ], [ [ [ -118.98892, 48.87137 ], [ -118.96678, 48.87115 ], [ -118.96689, 48.85738 ], [ -118.90271, 48.85753 ], [ -118.90272, 48.78366 ], [ -118.94528, 48.78372 ], [ -118.94524, 48.80514 ], [ -118.96755, 48.80547 ], [ -118.96775, 48.79875 ], [ -119.01162, 48.7987 ], [ -119.01201, 48.7695 ], [ -119.03412, 48.76939 ], [ -119.03398, 48.78381 ], [ -119.06714, 48.78384 ], [ -119.06707, 48.77652 ], [ -119.08886, 48.77652 ], [ -119.08745, 48.7404 ], [ -119.09987, 48.7404 ], [ -119.09991, 48.7262 ], [ -119.13271, 48.72644 ], [ -119.13277, 48.71197 ], [ -119.14368, 48.71195 ], [ -119.14369, 48.69022 ], [ -119.18776, 48.69049 ], [ -119.18773, 48.69757 ], [ -119.25361, 48.69797 ], [ -119.25352, 48.71263 ], [ -119.22038, 48.71231 ], [ -119.22023, 48.7268 ], [ -119.23144, 48.72676 ], [ -119.23141, 48.74146 ], [ -119.20936, 48.74134 ], [ -119.20923, 48.75501 ], [ -119.24222, 48.75596 ], [ -119.24235, 48.77048 ], [ -119.28653, 48.77056 ], [ -119.28659, 48.78509 ], [ -119.27568, 48.78511 ], [ -119.2757, 48.79229 ], [ -119.25377, 48.79227 ], [ -119.25376, 48.7996 ], [ -119.24266, 48.79968 ], [ -119.24264, 48.80704 ], [ -119.20942, 48.80552 ], [ -119.2093, 48.81426 ], [ -119.16542, 48.81416 ], [ -119.16528, 48.8279 ], [ -119.13227, 48.8278 ], [ -119.13232, 48.84225 ], [ -119.09918, 48.84198 ], [ -119.09926, 48.85676 ], [ -119.08785, 48.85653 ], [ -119.08853, 48.87109 ], [ -119.07686, 48.87093 ], [ -119.07693, 48.87837 ], [ -119.05445, 48.8784 ], [ -119.05469, 48.88589 ], [ -118.98879, 48.88591 ], [ -118.98892, 48.87137 ] ] ], [ [ [ -119.34222, 48.93067 ], [ -119.32054, 48.93068 ], [ -119.32036, 48.92349 ], [ -119.29822, 48.9235 ], [ -119.29829, 48.9162 ], [ -119.27644, 48.91618 ], [ -119.27635, 48.90863 ], [ -119.2542, 48.90863 ], [ -119.25408, 48.88685 ], [ -119.24292, 48.88689 ], [ -119.24317, 48.85775 ], [ -119.38561, 48.8581 ], [ -119.38577, 48.87262 ], [ -119.40772, 48.87255 ], [ -119.40778, 48.93057 ], [ -119.38613, 48.93073 ], [ -119.38577, 48.92355 ], [ -119.36382, 48.92343 ], [ -119.36378, 48.93792 ], [ -119.34215, 48.93806 ], [ -119.34222, 48.93067 ] ] ], [ [ [ -119.00983, 49.00013 ], [ -118.79385, 48.9999 ], [ -118.79389, 48.98873 ], [ -118.78302, 48.98865 ], [ -118.78305, 48.9597 ], [ -118.83679, 48.95998 ], [ -118.83681, 48.9525 ], [ -118.90279, 48.95287 ], [ -118.90298, 48.93835 ], [ -118.85894, 48.9384 ], [ -118.85867, 48.91654 ], [ -118.86966, 48.91655 ], [ -118.86975, 48.88656 ], [ -118.92509, 48.88647 ], [ -118.9251, 48.89376 ], [ -118.9468, 48.89375 ], [ -118.94683, 48.90101 ], [ -118.97767, 48.90049 ], [ -118.97749, 48.92228 ], [ -118.98847, 48.92241 ], [ -118.98849, 48.92968 ], [ -119.03212, 48.92966 ], [ -119.03202, 48.9588 ], [ -119.01003, 48.95866 ], [ -119.01003, 48.95144 ], [ -118.96623, 48.95131 ], [ -118.96626, 48.9729 ], [ -119.00982, 48.97309 ], [ -119.00983, 49.00013 ] ] ], [ [ [ -118.70651, 48.99989 ], [ -118.61493, 48.99991 ], [ -118.61531, 48.97321 ], [ -118.60403, 48.97315 ], [ -118.60386, 48.95871 ], [ -118.59282, 48.95871 ], [ -118.59283, 48.92956 ], [ -118.63721, 48.92967 ], [ -118.63712, 48.91516 ], [ -118.64824, 48.91518 ], [ -118.64828, 48.90072 ], [ -118.69194, 48.9007 ], [ -118.6919, 48.90795 ], [ -118.70554, 48.90798 ], [ -118.70541, 48.91521 ], [ -118.71773, 48.91607 ], [ -118.7177, 48.93059 ], [ -118.7287, 48.93066 ], [ -118.72856, 48.95243 ], [ -118.70656, 48.95231 ], [ -118.70647, 48.95961 ], [ -118.72853, 48.9597 ], [ -118.72861, 48.97402 ], [ -118.69255, 48.97317 ], [ -118.69234, 48.98782 ], [ -118.7065, 48.9877 ], [ -118.70651, 48.99989 ] ] ], [ [ [ -117.04809, 48.18362 ], [ -117.04689, 48.18418 ], [ -117.0469, 48.18363 ], [ -117.04809, 48.18362 ] ] ], [ [ [ -117.04981, 48.18505 ], [ -117.04689, 48.18435 ], [ -117.05094, 48.18435 ], [ -117.04981, 48.18505 ] ] ], [ [ [ -117.05004, 48.19349 ], [ -117.04681, 48.18837 ], [ -117.05771, 48.18838 ], [ -117.05551, 48.192 ], [ -117.05749, 48.19564 ], [ -117.05004, 48.19349 ] ] ], [ [ [ -117.04677, 48.19313 ], [ -117.05043, 48.19432 ], [ -117.05086, 48.19564 ], [ -117.04677, 48.19313 ] ] ], [ [ [ -117.06159, 48.21014 ], [ -117.06822, 48.21015 ], [ -117.06824, 48.21696 ], [ -117.06496, 48.2125 ], [ -117.06159, 48.21014 ] ] ], [ [ [ -117.05975, 48.21012 ], [ -117.06469, 48.21308 ], [ -117.06824, 48.21812 ], [ -117.05975, 48.21012 ] ] ], [ [ [ -117.28939, 48.44765 ], [ -117.2894, 48.44391 ], [ -117.29143, 48.44391 ], [ -117.29333, 48.44764 ], [ -117.28939, 48.44765 ] ] ], [ [ [ -117.2784, 48.44036 ], [ -117.27851, 48.44395 ], [ -117.28379, 48.44394 ], [ -117.28368, 48.455 ], [ -117.26199, 48.455 ], [ -117.26231, 48.44039 ], [ -117.2784, 48.44036 ] ] ], [ [ [ -117.26199, 48.455 ], [ -117.26193, 48.46951 ], [ -117.24033, 48.4694 ], [ -117.24045, 48.48406 ], [ -117.2619, 48.48416 ], [ -117.26192, 48.47693 ], [ -117.26747, 48.47691 ], [ -117.26743, 48.4732 ], [ -117.27815, 48.47315 ], [ -117.26647, 48.47876 ], [ -117.26327, 48.48482 ], [ -117.26529, 48.50046 ], [ -117.26295, 48.50005 ], [ -117.26625, 48.50523 ], [ -117.28184, 48.51962 ], [ -117.289, 48.52074 ], [ -117.30039, 48.52875 ], [ -117.29929, 48.53895 ], [ -117.30659, 48.54536 ], [ -117.33822, 48.55521 ], [ -117.33799, 48.54188 ], [ -117.32693, 48.54182 ], [ -117.32708, 48.53099 ], [ -117.33807, 48.53101 ], [ -117.3381, 48.52731 ], [ -117.32712, 48.52728 ], [ -117.32708, 48.51647 ], [ -117.33254, 48.51648 ], [ -117.33258, 48.51285 ], [ -117.30552, 48.5129 ], [ -117.30548, 48.47302 ], [ -117.322, 48.47293 ], [ -117.32194, 48.46918 ], [ -117.32749, 48.46916 ], [ -117.3274, 48.45482 ], [ -117.34913, 48.45447 ], [ -117.34898, 48.42542 ], [ -117.37057, 48.42164 ], [ -117.37056, 48.41089 ], [ -117.34875, 48.41085 ], [ -117.34862, 48.3965 ], [ -117.37058, 48.3964 ], [ -117.3703, 48.37401 ], [ -117.36503, 48.3741 ], [ -117.36481, 48.37035 ], [ -117.37025, 48.37022 ], [ -117.37018, 48.33803 ], [ -117.39185, 48.33791 ], [ -117.3918, 48.3268 ], [ -117.39742, 48.32678 ], [ -117.39745, 48.31598 ], [ -117.40259, 48.31597 ], [ -117.40335, 48.30898 ], [ -117.40285, 48.29567 ], [ -117.39211, 48.29566 ], [ -117.39203, 48.29193 ], [ -117.41348, 48.29202 ], [ -117.41347, 48.28835 ], [ -117.39194, 48.28832 ], [ -117.39162, 48.2594 ], [ -117.38136, 48.25939 ], [ -117.38064, 48.25201 ], [ -117.39096, 48.252 ], [ -117.39143, 48.24475 ], [ -117.37026, 48.24111 ], [ -117.37093, 48.13648 ], [ -117.37627, 48.13664 ], [ -117.37628, 48.13296 ], [ -117.51314, 48.13492 ], [ -117.51301, 48.14417 ], [ -117.52402, 48.1442 ], [ -117.52396, 48.15145 ], [ -117.54528, 48.15135 ], [ -117.54547, 48.14415 ], [ -117.56439, 48.14371 ], [ -117.56497, 48.19185 ], [ -117.57583, 48.1919 ], [ -117.57572, 48.19904 ], [ -117.56513, 48.19898 ], [ -117.56504, 48.20522 ], [ -117.55584, 48.20522 ], [ -117.5558, 48.20887 ], [ -117.56508, 48.20883 ], [ -117.56514, 48.22036 ], [ -117.61951, 48.22039 ], [ -117.62873, 48.22325 ], [ -117.62924, 48.26723 ], [ -117.67775, 48.26672 ], [ -117.67758, 48.2812 ], [ -117.65053, 48.2812 ], [ -117.65071, 48.30846 ], [ -117.68323, 48.30857 ], [ -117.68328, 48.31581 ], [ -117.67781, 48.31578 ], [ -117.6778, 48.3194 ], [ -117.68331, 48.31942 ], [ -117.68338, 48.33737 ], [ -117.68874, 48.33737 ], [ -117.68875, 48.34451 ], [ -117.69417, 48.3445 ], [ -117.69417, 48.33737 ], [ -117.69734, 48.33737 ], [ -117.69796, 48.35888 ], [ -117.68917, 48.35886 ], [ -117.68937, 48.36246 ], [ -117.6838, 48.36248 ], [ -117.68398, 48.36632 ], [ -117.69849, 48.36609 ], [ -117.69769, 48.37331 ], [ -117.68928, 48.37332 ], [ -117.68895, 48.38417 ], [ -117.6781, 48.38414 ], [ -117.6781, 48.38775 ], [ -117.68354, 48.38778 ], [ -117.68346, 48.39504 ], [ -117.69752, 48.39506 ], [ -117.69766, 48.38786 ], [ -117.70301, 48.38785 ], [ -117.70307, 48.38066 ], [ -117.70891, 48.38055 ], [ -117.71387, 48.3806 ], [ -117.71386, 48.38422 ], [ -117.72469, 48.38419 ], [ -117.72461, 48.39499 ], [ -117.72998, 48.39498 ], [ -117.73003, 48.39138 ], [ -117.73541, 48.39137 ], [ -117.73549, 48.38776 ], [ -117.73008, 48.38778 ], [ -117.73018, 48.38056 ], [ -117.71929, 48.37697 ], [ -117.7193, 48.36973 ], [ -117.7247, 48.36972 ], [ -117.72469, 48.3661 ], [ -117.7409, 48.36611 ], [ -117.74011, 48.34803 ], [ -117.75068, 48.34453 ], [ -117.75089, 48.34813 ], [ -117.75613, 48.34818 ], [ -117.75578, 48.34097 ], [ -117.76112, 48.34101 ], [ -117.76095, 48.33741 ], [ -117.79283, 48.3369 ], [ -117.79278, 48.3553 ], [ -117.79801, 48.35541 ], [ -117.79799, 48.3445 ], [ -117.80316, 48.34465 ], [ -117.80319, 48.33741 ], [ -117.80844, 48.33756 ], [ -117.80825, 48.32308 ], [ -117.81365, 48.32321 ], [ -117.81368, 48.33411 ], [ -117.82422, 48.33441 ], [ -117.82416, 48.35239 ], [ -117.81368, 48.35213 ], [ -117.81369, 48.35938 ], [ -117.83001, 48.35961 ], [ -117.83006, 48.36705 ], [ -117.83603, 48.36727 ], [ -117.83542, 48.38116 ], [ -117.84111, 48.38113 ], [ -117.84098, 48.38478 ], [ -117.83535, 48.38474 ], [ -117.83513, 48.39545 ], [ -117.82421, 48.39527 ], [ -117.82423, 48.39173 ], [ -117.81897, 48.39169 ], [ -117.81906, 48.39895 ], [ -117.81381, 48.39893 ], [ -117.81377, 48.40242 ], [ -117.80858, 48.40243 ], [ -117.8085, 48.40601 ], [ -117.7979, 48.40597 ], [ -117.7979, 48.40961 ], [ -117.80856, 48.41336 ], [ -117.8085, 48.41695 ], [ -117.78183, 48.41811 ], [ -117.75956, 48.41062 ], [ -117.73827, 48.422 ], [ -117.73773, 48.42526 ], [ -117.72475, 48.42885 ], [ -117.70835, 48.42272 ], [ -117.68797, 48.42039 ], [ -117.66276, 48.43218 ], [ -117.65076, 48.42428 ], [ -117.64871, 48.4173 ], [ -117.63908, 48.41867 ], [ -117.63134, 48.41543 ], [ -117.61738, 48.41581 ], [ -117.6122, 48.42129 ], [ -117.58467, 48.42985 ], [ -117.55407, 48.42366 ], [ -117.54818, 48.43927 ], [ -117.54081, 48.44829 ], [ -117.54606, 48.47624 ], [ -117.54349, 48.49435 ], [ -117.5355, 48.49811 ], [ -117.52051, 48.49379 ], [ -117.51433, 48.49791 ], [ -117.50595, 48.50398 ], [ -117.5045, 48.52112 ], [ -117.49615, 48.52796 ], [ -117.49593, 48.53396 ], [ -117.50169, 48.53627 ], [ -117.5046, 48.55064 ], [ -117.51372, 48.56705 ], [ -117.50896, 48.57669 ], [ -117.5094, 48.58352 ], [ -117.50069, 48.58481 ], [ -117.50076, 48.60432 ], [ -117.61971, 48.60058 ], [ -117.61968, 48.5788 ], [ -117.62505, 48.57882 ], [ -117.62503, 48.57518 ], [ -117.63594, 48.57517 ], [ -117.63781, 48.56841 ], [ -117.6432, 48.56843 ], [ -117.64333, 48.55863 ], [ -117.6597, 48.55865 ], [ -117.65972, 48.5542 ], [ -117.6705, 48.55422 ], [ -117.67053, 48.5587 ], [ -117.67601, 48.55869 ], [ -117.67606, 48.55423 ], [ -117.68698, 48.55423 ], [ -117.68698, 48.55061 ], [ -117.69821, 48.55432 ], [ -117.69792, 48.56852 ], [ -117.69226, 48.56851 ], [ -117.69224, 48.57161 ], [ -117.69785, 48.57163 ], [ -117.69791, 48.56909 ], [ -117.73443, 48.56917 ], [ -117.73487, 48.56551 ], [ -117.7453, 48.56571 ], [ -117.74472, 48.56918 ], [ -117.78506, 48.56897 ], [ -117.7846, 48.60912 ], [ -117.77913, 48.60913 ], [ -117.7791, 48.61276 ], [ -117.76832, 48.61274 ], [ -117.76841, 48.61994 ], [ -117.7846, 48.62002 ], [ -117.78452, 48.61634 ], [ -117.79552, 48.6163 ], [ -117.79564, 48.62351 ], [ -117.78464, 48.62355 ], [ -117.78468, 48.6271 ], [ -117.79019, 48.62712 ], [ -117.79019, 48.63436 ], [ -117.80682, 48.6344 ], [ -117.80681, 48.62726 ], [ -117.82478, 48.62716 ], [ -117.82462, 48.74363 ], [ -117.81287, 48.74349 ], [ -117.81303, 48.75005 ], [ -117.75865, 48.74987 ], [ -117.75849, 48.73905 ], [ -117.76397, 48.73903 ], [ -117.76391, 48.73178 ], [ -117.75303, 48.73174 ], [ -117.75305, 48.73536 ], [ -117.74763, 48.7353 ], [ -117.74762, 48.7497 ], [ -117.69101, 48.7494 ], [ -117.69148, 48.7428 ], [ -117.65161, 48.74269 ], [ -117.65115, 48.8075 ], [ -117.64578, 48.80754 ], [ -117.64573, 48.81479 ], [ -117.64032, 48.81478 ], [ -117.64028, 48.81852 ], [ -117.63488, 48.81855 ], [ -117.63495, 48.81128 ], [ -117.62952, 48.81131 ], [ -117.62962, 48.83673 ], [ -117.56089, 48.83659 ], [ -117.5613, 48.96674 ], [ -117.4957, 48.96681 ], [ -117.49563, 48.99992 ], [ -117.37261, 48.99993 ], [ -117.37252, 48.99665 ], [ -117.36686, 48.99665 ], [ -117.36682, 48.99306 ], [ -117.36138, 48.99305 ], [ -117.36139, 48.99993 ], [ -117.03242, 48.9992 ], [ -117.03234, 48.94646 ], [ -117.04597, 48.9436 ], [ -117.04616, 48.93289 ], [ -117.05372, 48.92913 ], [ -117.05094, 48.92136 ], [ -117.05339, 48.9191 ], [ -117.05357, 48.90586 ], [ -117.06321, 48.89518 ], [ -117.05989, 48.88737 ], [ -117.06903, 48.87988 ], [ -117.07196, 48.86852 ], [ -117.07842, 48.86632 ], [ -117.08435, 48.85637 ], [ -117.09574, 48.8486 ], [ -117.09762, 48.84197 ], [ -117.11092, 48.83602 ], [ -117.11051, 48.82945 ], [ -117.11778, 48.82556 ], [ -117.11941, 48.81986 ], [ -117.12989, 48.81051 ], [ -117.13308, 48.79407 ], [ -117.15898, 48.78091 ], [ -117.14527, 48.76552 ], [ -117.1574, 48.76016 ], [ -117.1618, 48.75126 ], [ -117.18424, 48.74122 ], [ -117.19061, 48.73142 ], [ -117.17664, 48.72275 ], [ -117.17502, 48.71302 ], [ -117.17034, 48.70972 ], [ -117.1706, 48.70056 ], [ -117.166, 48.69716 ], [ -117.1711, 48.68389 ], [ -117.18551, 48.68325 ], [ -117.1843, 48.67831 ], [ -117.17136, 48.67496 ], [ -117.16815, 48.66504 ], [ -117.15817, 48.65784 ], [ -117.15761, 48.64829 ], [ -117.15225, 48.63745 ], [ -117.1474, 48.63181 ], [ -117.13849, 48.62868 ], [ -117.14262, 48.6129 ], [ -117.15207, 48.60142 ], [ -117.14902, 48.59229 ], [ -117.15819, 48.58448 ], [ -117.15457, 48.56633 ], [ -117.15612, 48.54642 ], [ -117.14642, 48.53698 ], [ -117.12145, 48.52471 ], [ -117.11736, 48.5125 ], [ -117.11663, 48.50449 ], [ -117.13113, 48.49196 ], [ -117.13136, 48.48339 ], [ -117.13708, 48.48128 ], [ -117.13784, 48.4685 ], [ -117.14137, 48.46469 ], [ -117.13465, 48.45137 ], [ -117.14112, 48.44487 ], [ -117.13664, 48.43899 ], [ -117.13795, 48.42433 ], [ -117.1315, 48.42057 ], [ -117.13809, 48.40629 ], [ -117.13581, 48.40282 ], [ -117.13881, 48.39136 ], [ -117.13367, 48.3886 ], [ -117.13922, 48.37371 ], [ -117.14351, 48.37059 ], [ -117.14379, 48.36133 ], [ -117.15258, 48.35613 ], [ -117.14207, 48.35069 ], [ -117.14283, 48.34411 ], [ -117.12889, 48.33144 ], [ -117.08659, 48.33685 ], [ -117.07559, 48.32817 ], [ -117.0754, 48.31975 ], [ -117.06463, 48.31463 ], [ -117.06824, 48.30162 ], [ -117.06531, 48.2963 ], [ -117.06106, 48.29494 ], [ -117.05411, 48.28259 ], [ -117.0371, 48.27216 ], [ -117.03787, 48.23912 ], [ -117.04626, 48.23896 ], [ -117.04657, 48.20801 ], [ -117.0614, 48.21339 ], [ -117.06117, 48.22054 ], [ -117.068, 48.22486 ], [ -117.0885, 48.23118 ], [ -117.11496, 48.23256 ], [ -117.14618, 48.24246 ], [ -117.16485, 48.24473 ], [ -117.18595, 48.23679 ], [ -117.2056, 48.23587 ], [ -117.22213, 48.23978 ], [ -117.2308, 48.2474 ], [ -117.234, 48.25764 ], [ -117.24957, 48.27986 ], [ -117.2492, 48.2936 ], [ -117.25825, 48.3095 ], [ -117.25017, 48.30951 ], [ -117.25002, 48.32038 ], [ -117.26133, 48.32038 ], [ -117.26097, 48.33859 ], [ -117.26641, 48.33861 ], [ -117.26634, 48.34585 ], [ -117.26094, 48.3458 ], [ -117.26092, 48.36419 ], [ -117.26641, 48.3641 ], [ -117.26651, 48.36775 ], [ -117.26093, 48.3678 ], [ -117.26089, 48.37135 ], [ -117.2665, 48.37142 ], [ -117.26652, 48.37868 ], [ -117.27215, 48.37883 ], [ -117.27232, 48.38917 ], [ -117.27775, 48.38931 ], [ -117.27786, 48.40768 ], [ -117.26719, 48.40783 ], [ -117.26717, 48.41503 ], [ -117.26187, 48.41505 ], [ -117.26182, 48.41144 ], [ -117.24021, 48.41172 ], [ -117.24024, 48.42594 ], [ -117.26202, 48.42588 ], [ -117.26231, 48.44039 ], [ -117.24055, 48.44045 ], [ -117.24027, 48.4549 ], [ -117.26199, 48.455 ] ], [ [ -117.50233, 48.15136 ], [ -117.50223, 48.1586 ], [ -117.5239, 48.15866 ], [ -117.52396, 48.15145 ], [ -117.50233, 48.15136 ] ], [ [ -117.68338, 48.33737 ], [ -117.65104, 48.33725 ], [ -117.65098, 48.33358 ], [ -117.62394, 48.3334 ], [ -117.62407, 48.33719 ], [ -117.60244, 48.337 ], [ -117.60246, 48.34062 ], [ -117.61336, 48.34427 ], [ -117.61333, 48.34785 ], [ -117.60794, 48.3478 ], [ -117.60795, 48.35137 ], [ -117.62971, 48.35165 ], [ -117.62966, 48.34444 ], [ -117.651, 48.34443 ], [ -117.65108, 48.34806 ], [ -117.64576, 48.34808 ], [ -117.64571, 48.3517 ], [ -117.65112, 48.35171 ], [ -117.65114, 48.35541 ], [ -117.66192, 48.35542 ], [ -117.66196, 48.35173 ], [ -117.67263, 48.34826 ], [ -117.67263, 48.34117 ], [ -117.68336, 48.34095 ], [ -117.68338, 48.33737 ] ], [ [ -117.26172, 48.40413 ], [ -117.27256, 48.40409 ], [ -117.2725, 48.39675 ], [ -117.26189, 48.39681 ], [ -117.26172, 48.40413 ] ], [ [ -117.34418, 48.58851 ], [ -117.35576, 48.60387 ], [ -117.35604, 48.61792 ], [ -117.37507, 48.66903 ], [ -117.39259, 48.68517 ], [ -117.3873, 48.6926 ], [ -117.38836, 48.69968 ], [ -117.40691, 48.71931 ], [ -117.40366, 48.72663 ], [ -117.40439, 48.73484 ], [ -117.41121, 48.73976 ], [ -117.4077, 48.74277 ], [ -117.4086, 48.75548 ], [ -117.39636, 48.76588 ], [ -117.40206, 48.77786 ], [ -117.41908, 48.78329 ], [ -117.42082, 48.78656 ], [ -117.41001, 48.79557 ], [ -117.4078, 48.80326 ], [ -117.38409, 48.82282 ], [ -117.38857, 48.83161 ], [ -117.38891, 48.84264 ], [ -117.38145, 48.84402 ], [ -117.37335, 48.85241 ], [ -117.37621, 48.86047 ], [ -117.36383, 48.87388 ], [ -117.36468, 48.88434 ], [ -117.35167, 48.89274 ], [ -117.33429, 48.91522 ], [ -117.3318, 48.92295 ], [ -117.33967, 48.92676 ], [ -117.33177, 48.93783 ], [ -117.33447, 48.95013 ], [ -117.33037, 48.954 ], [ -117.3394, 48.97075 ], [ -117.3451, 48.97454 ], [ -117.34509, 48.96039 ], [ -117.35059, 48.9604 ], [ -117.35059, 48.95677 ], [ -117.34508, 48.95676 ], [ -117.34515, 48.93142 ], [ -117.35612, 48.93142 ], [ -117.35617, 48.92419 ], [ -117.34521, 48.92418 ], [ -117.34532, 48.91329 ], [ -117.36712, 48.91701 ], [ -117.36699, 48.90238 ], [ -117.37796, 48.90249 ], [ -117.378, 48.90606 ], [ -117.38893, 48.90246 ], [ -117.38905, 48.85916 ], [ -117.43274, 48.85559 ], [ -117.43277, 48.84474 ], [ -117.42731, 48.84467 ], [ -117.42732, 48.84107 ], [ -117.43276, 48.84112 ], [ -117.43277, 48.83695 ], [ -117.46559, 48.83691 ], [ -117.4656, 48.82966 ], [ -117.43828, 48.82972 ], [ -117.43826, 48.82619 ], [ -117.42736, 48.82295 ], [ -117.42735, 48.81571 ], [ -117.43279, 48.81575 ], [ -117.4328, 48.81208 ], [ -117.41105, 48.81198 ], [ -117.41106, 48.80833 ], [ -117.41649, 48.80835 ], [ -117.41649, 48.80105 ], [ -117.43278, 48.80107 ], [ -117.43298, 48.77937 ], [ -117.42744, 48.77934 ], [ -117.42755, 48.77209 ], [ -117.43306, 48.77218 ], [ -117.43248, 48.73955 ], [ -117.44339, 48.74317 ], [ -117.44343, 48.73952 ], [ -117.4544, 48.73583 ], [ -117.45439, 48.72137 ], [ -117.44878, 48.72139 ], [ -117.44894, 48.7286 ], [ -117.44337, 48.72867 ], [ -117.44336, 48.71775 ], [ -117.43789, 48.71772 ], [ -117.43802, 48.71054 ], [ -117.44348, 48.71055 ], [ -117.44351, 48.69965 ], [ -117.45437, 48.6996 ], [ -117.4543, 48.69246 ], [ -117.4325, 48.69245 ], [ -117.4324, 48.6707 ], [ -117.4106, 48.67065 ], [ -117.41053, 48.6562 ], [ -117.39254, 48.65615 ], [ -117.39226, 48.5999 ], [ -117.37095, 48.59997 ], [ -117.37071, 48.57804 ], [ -117.36542, 48.5781 ], [ -117.36543, 48.58164 ], [ -117.35444, 48.58163 ], [ -117.35454, 48.57435 ], [ -117.34753, 48.57433 ], [ -117.34418, 48.58851 ] ] ], [ [ [ -117.90527, 48.53869 ], [ -117.90215, 48.53757 ], [ -117.90527, 48.53758 ], [ -117.90527, 48.53869 ] ] ], [ [ [ -118.05775, 48.60146 ], [ -118.06072, 48.60221 ], [ -118.05769, 48.60287 ], [ -118.05775, 48.60146 ] ] ], [ [ [ -118.14898, 48.9999 ], [ -117.90983, 48.99989 ], [ -117.90998, 48.98655 ], [ -117.92069, 48.98657 ], [ -117.92085, 48.97231 ], [ -117.91, 48.97224 ], [ -117.91003, 48.95835 ], [ -117.92092, 48.95786 ], [ -117.92093, 48.94338 ], [ -117.84396, 48.9437 ], [ -117.84409, 48.90037 ], [ -117.91013, 48.90034 ], [ -117.9104, 48.90755 ], [ -117.95387, 48.90763 ], [ -117.95411, 48.91487 ], [ -117.97594, 48.91482 ], [ -117.97559, 48.88585 ], [ -117.99746, 48.88584 ], [ -117.99746, 48.89307 ], [ -118.01967, 48.89314 ], [ -118.01967, 48.88594 ], [ -118.12831, 48.88664 ], [ -118.12829, 48.90121 ], [ -118.14156, 48.9015 ], [ -118.15029, 48.90151 ], [ -118.15045, 48.88682 ], [ -118.19471, 48.8866 ], [ -118.19465, 48.91607 ], [ -118.1726, 48.91585 ], [ -118.17276, 48.93047 ], [ -118.18369, 48.93045 ], [ -118.18402, 48.98134 ], [ -118.14908, 48.9806 ], [ -118.14898, 48.9999 ] ] ] ] } },
{ "type": "Feature", "properties": { "name": "Enchanted Circle", "state": "New Mexico", "region": "03", "project_id": "NPL025", "investment_year": 2022, "acres": 1462853, "edited": "2022-08-08" }, "geometry": { "type": "Polygon", "coordinates": [ [ [ -105.49086, 36.99195 ], [ -105.48598, 36.99111 ], [ -105.49254, 36.97487 ], [ -105.47254, 36.97123 ], [ -105.47047, 36.96456 ], [ -105.44197, 36.96934 ], [ -105.43909, 36.96525 ], [ -105.43314, 36.9647 ], [ -105.44013, 36.95923 ], [ -105.41421, 36.95971 ], [ -105.40829, 36.9644 ], [ -105.40844, 36.96956 ], [ -105.39913, 36.96234 ], [ -105.39652, 36.96349 ], [ -105.39316, 36.95816 ], [ -105.37678, 36.96251 ], [ -105.35535, 36.95608 ], [ -105.3335, 36.96073 ], [ -105.33305, 36.96741 ], [ -105.32604, 36.968 ], [ -105.32678, 36.97534 ], [ -105.30944, 36.9792 ], [ -105.30981, 36.98226 ], [ -105.2958, 36.9884 ], [ -105.29654, 36.99555 ], [ -105.22079, 36.99529 ], [ -105.22333, 36.98688 ], [ -105.2358, 36.98238 ], [ -105.23622, 36.96196 ], [ -105.22784, 36.95506 ], [ -105.22686, 36.9508 ], [ -105.23027, 36.94656 ], [ -105.22715, 36.94749 ], [ -105.22171, 36.94145 ], [ -105.22154, 36.93408 ], [ -105.21337, 36.93261 ], [ -105.2118, 36.91734 ], [ -105.20456, 36.91804 ], [ -105.20017, 36.91444 ], [ -105.22155, 36.87428 ], [ -105.22931, 36.84779 ], [ -105.22686, 36.83759 ], [ -105.22333, 36.83289 ], [ -105.21547, 36.83179 ], [ -105.20587, 36.84632 ], [ -105.19531, 36.83994 ], [ -105.18603, 36.85149 ], [ -105.18736, 36.84626 ], [ -105.18546, 36.84906 ], [ -105.17536, 36.84772 ], [ -105.15042, 36.82684 ], [ -105.11969, 36.82517 ], [ -105.10982, 36.8213 ], [ -105.10287, 36.82374 ], [ -105.1041, 36.82058 ], [ -105.08357, 36.81077 ], [ -105.07807, 36.80519 ], [ -105.07762, 36.80429 ], [ -105.07975, 36.80428 ], [ -105.08065, 36.8032 ], [ -105.08166, 36.80356 ], [ -105.08188, 36.80293 ], [ -105.083, 36.80293 ], [ -105.0839, 36.80212 ], [ -105.08098, 36.8023 ], [ -105.08232, 36.79833 ], [ -105.0692, 36.79293 ], [ -105.06157, 36.78437 ], [ -105.06516, 36.78004 ], [ -105.05216, 36.77662 ], [ -105.05473, 36.77374 ], [ -105.05226, 36.76833 ], [ -105.02918, 36.76401 ], [ -105.03131, 36.76013 ], [ -105.02694, 36.75896 ], [ -105.02761, 36.75572 ], [ -105.02088, 36.75356 ], [ -105.02312, 36.75157 ], [ -105.01954, 36.74824 ], [ -105.01495, 36.74806 ], [ -105.01976, 36.74346 ], [ -105.01685, 36.74346 ], [ -105.01169, 36.73508 ], [ -105.01248, 36.73093 ], [ -105.00822, 36.73039 ], [ -105.01046, 36.72552 ], [ -105.00665, 36.72264 ], [ -105.00822, 36.72092 ], [ -104.99893, 36.71597 ], [ -104.99937, 36.71227 ], [ -105.00531, 36.71218 ], [ -105.00038, 36.69767 ], [ -105.00945, 36.69072 ], [ -105.00575, 36.68468 ], [ -105.01001, 36.67513 ], [ -104.99725, 36.66936 ], [ -104.98998, 36.65836 ], [ -104.99311, 36.65169 ], [ -104.98752, 36.63573 ], [ -104.96862, 36.62266 ], [ -104.97142, 36.61833 ], [ -104.96829, 36.60923 ], [ -104.97019, 36.60778 ], [ -104.96594, 36.60373 ], [ -104.9636, 36.58741 ], [ -104.97389, 36.58867 ], [ -104.98026, 36.59769 ], [ -104.98931, 36.60112 ], [ -104.99255, 36.6068 ], [ -105.0053, 36.61058 ], [ -105.00799, 36.61635 ], [ -105.01313, 36.61851 ], [ -105.01358, 36.62302 ], [ -105.02376, 36.62717 ], [ -105.02454, 36.63456 ], [ -105.03226, 36.63753 ], [ -105.04042, 36.62302 ], [ -105.03818, 36.62229 ], [ -105.05048, 36.61895 ], [ -105.0638, 36.62382 ], [ -105.06693, 36.62219 ], [ -105.078, 36.62904 ], [ -105.10598, 36.63866 ], [ -105.11068, 36.63649 ], [ -105.11292, 36.63956 ], [ -105.11426, 36.63965 ], [ -105.11515, 36.63586 ], [ -105.11862, 36.6391 ], [ -105.14077, 36.64043 ], [ -105.12772, 36.60581 ], [ -105.12318, 36.60138 ], [ -105.11635, 36.60174 ], [ -105.11246, 36.59494 ], [ -105.09541, 36.59639 ], [ -105.0963, 36.59125 ], [ -105.09138, 36.58711 ], [ -105.07986, 36.58414 ], [ -105.05382, 36.58704 ], [ -105.04934, 36.58181 ], [ -105.03772, 36.58173 ], [ -105.03257, 36.57362 ], [ -105.02005, 36.57118 ], [ -105.01223, 36.56316 ], [ -105.00563, 36.56316 ], [ -104.99658, 36.55379 ], [ -104.98586, 36.55135 ], [ -104.98027, 36.54207 ], [ -104.97301, 36.539 ], [ -104.96899, 36.54107 ], [ -104.9662, 36.53656 ], [ -104.95435, 36.53656 ], [ -104.95168, 36.52565 ], [ -104.94185, 36.52384 ], [ -104.94152, 36.51924 ], [ -104.93571, 36.52375 ], [ -104.93739, 36.52159 ], [ -104.93236, 36.5169 ], [ -104.92555, 36.5159 ], [ -104.92254, 36.51121 ], [ -104.93259, 36.51221 ], [ -104.93427, 36.51212 ], [ -104.88626, 36.5028 ], [ -104.87588, 36.49684 ], [ -104.87477, 36.49179 ], [ -104.88024, 36.49351 ], [ -104.88192, 36.49215 ], [ -104.87746, 36.49026 ], [ -104.88114, 36.48891 ], [ -104.87535, 36.48304 ], [ -104.87903, 36.48007 ], [ -104.87256, 36.47844 ], [ -104.87714, 36.47538 ], [ -104.87436, 36.47105 ], [ -104.88351, 36.47142 ], [ -104.89658, 36.4635 ], [ -104.90104, 36.46639 ], [ -104.91533, 36.46676 ], [ -104.93163, 36.46398 ], [ -104.92862, 36.46055 ], [ -104.93755, 36.46037 ], [ -104.9323, 36.45649 ], [ -104.9486, 36.45181 ], [ -104.95597, 36.45299 ], [ -104.95831, 36.44722 ], [ -104.94927, 36.44559 ], [ -104.93845, 36.45019 ], [ -104.93276, 36.44739 ], [ -104.91523, 36.45252 ], [ -104.89929, 36.44394 ], [ -104.88522, 36.44771 ], [ -104.88333, 36.44257 ], [ -104.87385, 36.43986 ], [ -104.87016, 36.44445 ], [ -104.86794, 36.4422 ], [ -104.86068, 36.44354 ], [ -104.85989, 36.44633 ], [ -104.84706, 36.44578 ], [ -104.84661, 36.44911 ], [ -104.84449, 36.44992 ], [ -104.84238, 36.44469 ], [ -104.83234, 36.4445 ], [ -104.83212, 36.44026 ], [ -104.83133, 36.44467 ], [ -104.82486, 36.44331 ], [ -104.82888, 36.44106 ], [ -104.8251, 36.43826 ], [ -104.81227, 36.43815 ], [ -104.80528, 36.41975 ], [ -104.79748, 36.4174 ], [ -104.79682, 36.41271 ], [ -104.78459, 36.40151 ], [ -104.78638, 36.39709 ], [ -104.78248, 36.39564 ], [ -104.79198, 36.38709 ], [ -104.79766, 36.39017 ], [ -104.80659, 36.38847 ], [ -104.8095, 36.38505 ], [ -104.80571, 36.38414 ], [ -104.80594, 36.38 ], [ -104.80593, 36.38387 ], [ -104.83759, 36.38473 ], [ -104.85587, 36.39125 ], [ -104.8618, 36.38824 ], [ -104.85296, 36.38063 ], [ -104.84743, 36.38241 ], [ -104.84357, 36.37659 ], [ -104.82422, 36.37224 ], [ -104.85003, 36.37048 ], [ -104.85649, 36.36587 ], [ -104.8541, 36.36303 ], [ -104.86904, 36.35977 ], [ -104.86627, 36.35783 ], [ -104.86537, 36.34739 ], [ -104.86851, 36.34427 ], [ -104.86815, 36.3386 ], [ -104.85858, 36.33069 ], [ -104.86526, 36.32558 ], [ -104.86128, 36.32508 ], [ -104.8642, 36.32336 ], [ -104.86224, 36.31861 ], [ -104.86455, 36.31304 ], [ -104.86968, 36.31064 ], [ -104.86496, 36.30477 ], [ -104.87275, 36.30213 ], [ -104.86842, 36.30141 ], [ -104.8798, 36.29145 ], [ -104.87126, 36.2898 ], [ -104.8737, 36.28616 ], [ -104.87053, 36.28681 ], [ -104.86614, 36.27996 ], [ -104.85697, 36.27748 ], [ -104.85757, 36.27497 ], [ -104.84984, 36.27043 ], [ -104.85364, 36.26903 ], [ -104.8433, 36.26753 ], [ -104.83845, 36.26135 ], [ -104.83936, 36.26559 ], [ -104.82321, 36.25784 ], [ -104.82087, 36.25319 ], [ -104.8131, 36.25255 ], [ -104.81086, 36.24885 ], [ -104.81392, 36.24727 ], [ -104.79866, 36.24121 ], [ -104.84544, 36.23098 ], [ -104.85794, 36.2224 ], [ -104.85689, 36.21792 ], [ -104.8629, 36.21659 ], [ -104.86996, 36.21965 ], [ -104.87803, 36.21106 ], [ -104.89055, 36.20437 ], [ -104.90085, 36.20736 ], [ -104.90435, 36.20378 ], [ -104.90751, 36.2062 ], [ -104.91031, 36.20394 ], [ -104.92243, 36.21075 ], [ -104.9312, 36.20985 ], [ -104.93865, 36.21423 ], [ -104.93791, 36.21091 ], [ -104.94257, 36.21378 ], [ -104.94425, 36.20955 ], [ -104.95246, 36.20789 ], [ -104.97278, 36.22211 ], [ -104.97744, 36.21727 ], [ -104.99367, 36.2209 ], [ -105.00251, 36.21666 ], [ -104.99869, 36.20831 ], [ -104.99545, 36.20807 ], [ -105.00163, 36.20235 ], [ -104.99722, 36.18708 ], [ -104.99898, 36.17683 ], [ -105.00663, 36.17635 ], [ -105.00457, 36.16943 ], [ -105.01428, 36.16037 ], [ -105.02046, 36.1649 ], [ -105.03634, 36.16656 ], [ -105.04164, 36.17229 ], [ -105.05429, 36.17204 ], [ -105.07136, 36.18038 ], [ -105.06872, 36.18396 ], [ -105.06961, 36.19255 ], [ -105.07255, 36.19159 ], [ -105.07668, 36.19755 ], [ -105.07668, 36.20304 ], [ -105.08258, 36.21162 ], [ -105.10497, 36.22401 ], [ -105.11084, 36.21685 ], [ -105.11497, 36.22114 ], [ -105.12115, 36.21899 ], [ -105.13471, 36.23185 ], [ -105.15651, 36.23779 ], [ -105.16094, 36.24375 ], [ -105.16772, 36.24612 ], [ -105.17479, 36.2454 ], [ -105.17333, 36.25351 ], [ -105.17776, 36.25708 ], [ -105.18129, 36.25541 ], [ -105.19029, 36.26041 ], [ -105.20312, 36.25829 ], [ -105.20296, 36.25028 ], [ -105.21581, 36.23481 ], [ -105.2389, 36.23253 ], [ -105.2576, 36.23949 ], [ -105.27363, 36.23108 ], [ -105.28424, 36.23248 ], [ -105.29404, 36.23529 ], [ -105.31589, 36.26731 ], [ -105.32765, 36.27692 ], [ -105.34388, 36.26638 ], [ -105.34936, 36.27101 ], [ -105.35652, 36.27066 ], [ -105.36994, 36.26043 ], [ -105.37085, 36.25274 ], [ -105.38703, 36.2511 ], [ -105.40992, 36.23686 ], [ -105.39893, 36.23008 ], [ -105.3987, 36.22477 ], [ -105.39304, 36.22051 ], [ -105.39228, 36.21609 ], [ -105.39825, 36.21013 ], [ -105.39641, 36.19502 ], [ -105.3988, 36.18925 ], [ -105.42181, 36.16977 ], [ -105.41495, 36.15788 ], [ -105.41667, 36.15196 ], [ -105.41263, 36.14427 ], [ -105.41473, 36.13967 ], [ -105.42099, 36.13907 ], [ -105.42119, 36.13369 ], [ -105.42621, 36.13011 ], [ -105.42601, 36.12396 ], [ -105.43573, 36.11566 ], [ -105.43283, 36.11368 ], [ -105.43216, 36.09205 ], [ -105.45141, 36.07935 ], [ -105.45139, 36.07494 ], [ -105.44393, 36.07136 ], [ -105.44212, 36.06623 ], [ -105.44447, 36.06847 ], [ -105.44378, 36.06433 ], [ -105.45184, 36.05762 ], [ -105.45942, 36.04391 ], [ -105.47064, 36.04385 ], [ -105.48114, 36.03624 ], [ -105.49557, 36.03572 ], [ -105.51051, 36.01828 ], [ -105.53424, 36.01031 ], [ -105.53814, 36.01192 ], [ -105.53627, 36.01418 ], [ -105.53995, 36.01741 ], [ -105.53957, 36.02688 ], [ -105.55162, 36.05099 ], [ -105.56007, 36.05293 ], [ -105.56254, 36.05707 ], [ -105.59416, 36.05412 ], [ -105.61573, 36.05807 ], [ -105.61814, 36.05373 ], [ -105.62951, 36.0598 ], [ -105.63235, 36.05302 ], [ -105.62886, 36.0479 ], [ -105.6329, 36.03868 ], [ -105.62786, 36.03384 ], [ -105.62213, 36.01016 ], [ -105.62899, 35.99363 ], [ -105.62619, 35.99012 ], [ -105.63874, 35.9869 ], [ -105.645, 35.99048 ], [ -105.64664, 35.99644 ], [ -105.65389, 35.99998 ], [ -105.66419, 35.99876 ], [ -105.66768, 36.01114 ], [ -105.67512, 36.01727 ], [ -105.68011, 36.02959 ], [ -105.69794, 36.0376 ], [ -105.71313, 36.0605 ], [ -105.73562, 36.06677 ], [ -105.74738, 36.07724 ], [ -105.76232, 36.08346 ], [ -105.76546, 36.09795 ], [ -105.7634, 36.10347 ], [ -105.77038, 36.11235 ], [ -105.77247, 36.11098 ], [ -105.77222, 36.10792 ], [ -105.77344, 36.10755 ], [ -105.77297, 36.1163 ], [ -105.77654, 36.11754 ], [ -105.77125, 36.1219 ], [ -105.77479, 36.12088 ], [ -105.77744, 36.12988 ], [ -105.7833, 36.13814 ], [ -105.78305, 36.13562 ], [ -105.78573, 36.13659 ], [ -105.79128, 36.14755 ], [ -105.79033, 36.15216 ], [ -105.79174, 36.14845 ], [ -105.79391, 36.15412 ], [ -105.79657, 36.15383 ], [ -105.79847, 36.16572 ], [ -105.80776, 36.17196 ], [ -105.81673, 36.16839 ], [ -105.82032, 36.17098 ], [ -105.81969, 36.17459 ], [ -105.83117, 36.17775 ], [ -105.82686, 36.17968 ], [ -105.83155, 36.18199 ], [ -105.81883, 36.18785 ], [ -105.81158, 36.186 ], [ -105.80883, 36.18954 ], [ -105.81014, 36.18673 ], [ -105.80757, 36.18549 ], [ -105.79283, 36.19082 ], [ -105.78578, 36.19771 ], [ -105.76679, 36.20018 ], [ -105.76504, 36.20398 ], [ -105.76861, 36.20513 ], [ -105.76574, 36.20749 ], [ -105.76779, 36.21217 ], [ -105.75867, 36.21258 ], [ -105.76181, 36.21464 ], [ -105.75936, 36.2142 ], [ -105.7562, 36.22116 ], [ -105.74633, 36.22438 ], [ -105.74293, 36.22963 ], [ -105.74751, 36.23177 ], [ -105.73308, 36.23564 ], [ -105.71638, 36.23439 ], [ -105.71131, 36.24064 ], [ -105.7062, 36.24157 ], [ -105.70726, 36.24815 ], [ -105.6999, 36.25892 ], [ -105.69667, 36.25894 ], [ -105.69103, 36.25041 ], [ -105.6771, 36.24778 ], [ -105.66924, 36.25306 ], [ -105.65622, 36.25322 ], [ -105.64948, 36.26275 ], [ -105.65088, 36.26754 ], [ -105.659, 36.27341 ], [ -105.69053, 36.27626 ], [ -105.69631, 36.27936 ], [ -105.69709, 36.28587 ], [ -105.71369, 36.29281 ], [ -105.713, 36.29894 ], [ -105.71675, 36.30026 ], [ -105.71442, 36.31215 ], [ -105.7265, 36.32587 ], [ -105.7262, 36.33431 ], [ -105.73065, 36.33921 ], [ -105.7398, 36.34073 ], [ -105.73249, 36.34764 ], [ -105.74546, 36.35665 ], [ -105.74161, 36.3726 ], [ -105.74053, 36.38712 ], [ -105.74347, 36.39935 ], [ -105.74021, 36.41027 ], [ -105.75551, 36.44208 ], [ -105.75621, 36.45458 ], [ -105.77312, 36.46627 ], [ -105.80732, 36.46954 ], [ -105.82826, 36.49514 ], [ -105.81929, 36.49514 ], [ -105.8193, 36.50965 ], [ -105.80128, 36.50962 ], [ -105.80129, 36.512 ], [ -105.79253, 36.50414 ], [ -105.78371, 36.48714 ], [ -105.76794, 36.47883 ], [ -105.72878, 36.48729 ], [ -105.73543, 36.49388 ], [ -105.73168, 36.51437 ], [ -105.73733, 36.52447 ], [ -105.73067, 36.54524 ], [ -105.73212, 36.55446 ], [ -105.72786, 36.561 ], [ -105.72992, 36.5726 ], [ -105.72185, 36.58532 ], [ -105.71907, 36.5979 ], [ -105.70358, 36.61194 ], [ -105.71167, 36.61446 ], [ -105.70161, 36.62208 ], [ -105.70036, 36.62828 ], [ -105.71132, 36.63774 ], [ -105.70895, 36.64486 ], [ -105.71273, 36.64891 ], [ -105.71037, 36.65664 ], [ -105.70397, 36.65501 ], [ -105.7052, 36.66649 ], [ -105.71685, 36.66793 ], [ -105.72235, 36.67425 ], [ -105.71268, 36.68367 ], [ -105.70958, 36.69412 ], [ -105.71252, 36.70725 ], [ -105.72085, 36.71521 ], [ -105.72205, 36.72321 ], [ -105.71271, 36.7278 ], [ -105.71275, 36.73188 ], [ -105.71708, 36.73367 ], [ -105.71564, 36.74033 ], [ -105.71961, 36.74272 ], [ -105.7187, 36.74605 ], [ -105.70146, 36.75008 ], [ -105.69412, 36.74771 ], [ -105.6799, 36.75353 ], [ -105.67837, 36.75112 ], [ -105.67372, 36.75659 ], [ -105.67471, 36.76172 ], [ -105.68614, 36.75924 ], [ -105.68335, 36.76167 ], [ -105.68567, 36.76906 ], [ -105.68976, 36.76481 ], [ -105.70534, 36.76381 ], [ -105.71216, 36.76982 ], [ -105.71371, 36.7754 ], [ -105.72162, 36.77731 ], [ -105.73053, 36.78557 ], [ -105.72981, 36.7892 ], [ -105.72246, 36.78623 ], [ -105.71632, 36.79306 ], [ -105.70669, 36.78829 ], [ -105.70316, 36.79239 ], [ -105.70127, 36.79043 ], [ -105.68403, 36.79818 ], [ -105.69371, 36.81184 ], [ -105.68343, 36.83128 ], [ -105.68529, 36.84057 ], [ -105.67678, 36.85111 ], [ -105.67802, 36.85695 ], [ -105.66851, 36.86452 ], [ -105.65853, 36.86028 ], [ -105.65398, 36.86615 ], [ -105.65115, 36.86503 ], [ -105.64809, 36.87185 ], [ -105.63066, 36.88172 ], [ -105.63024, 36.88488 ], [ -105.63986, 36.8899 ], [ -105.62772, 36.89455 ], [ -105.62737, 36.90636 ], [ -105.6184, 36.9169 ], [ -105.61816, 36.92352 ], [ -105.60939, 36.92357 ], [ -105.60936, 36.93087 ], [ -105.60026, 36.93122 ], [ -105.60032, 36.93807 ], [ -105.59122, 36.93857 ], [ -105.59134, 36.94349 ], [ -105.58793, 36.94471 ], [ -105.58062, 36.9393 ], [ -105.57329, 36.94569 ], [ -105.56449, 36.94545 ], [ -105.56336, 36.95232 ], [ -105.5479, 36.95239 ], [ -105.54203, 36.96177 ], [ -105.53855, 36.95797 ], [ -105.53417, 36.96037 ], [ -105.51977, 36.95748 ], [ -105.52849, 36.94733 ], [ -105.52788, 36.94514 ], [ -105.51864, 36.94909 ], [ -105.51718, 36.94471 ], [ -105.5162, 36.95759 ], [ -105.52124, 36.96453 ], [ -105.52934, 36.96736 ], [ -105.53407, 36.97936 ], [ -105.5435, 36.98504 ], [ -105.54485, 36.99038 ], [ -105.53997, 36.9905 ], [ -105.54215, 36.99621 ], [ -105.49184, 36.99586 ], [ -105.49086, 36.99195 ] ], [ [ -105.10625, 36.5935 ], [ -105.10636, 36.59341 ], [ -105.10614, 36.59341 ], [ -105.10625, 36.5935 ] ], [ [ -105.7977, 36.1668 ], [ -105.80005, 36.16778 ], [ -105.79848, 36.16689 ], [ -105.79746, 36.16428 ], [ -105.7977, 36.1668 ] ] ] } },
{ "type": "Feature", "properties": { "name": "Klamath River Basin", "state": "Oregon", "region": "06", "project_id": "NPL009", "investment_year": 2023, "acres": 8598520, "edited": "2023-01-18" }, "geometry": { "type": "Polygon", "coordinates": [ [ [ -121.63783, 43.34273 ], [ -121.64324, 43.32452 ], [ -121.64199, 43.32142 ], [ -121.64953, 43.31348 ], [ -121.64602, 43.30812 ], [ -121.63918, 43.30547 ], [ -121.633, 43.30742 ], [ -121.63021, 43.31398 ], [ -121.62173, 43.31448 ], [ -121.61865, 43.3192 ], [ -121.61002, 43.32181 ], [ -121.60848, 43.32997 ], [ -121.60171, 43.33237 ], [ -121.58487, 43.32201 ], [ -121.56149, 43.29776 ], [ -121.55618, 43.28522 ], [ -121.55903, 43.27443 ], [ -121.56805, 43.27151 ], [ -121.5703, 43.26393 ], [ -121.57788, 43.26051 ], [ -121.57492, 43.25471 ], [ -121.57652, 43.24848 ], [ -121.57215, 43.24427 ], [ -121.57463, 43.23883 ], [ -121.5726, 43.23558 ], [ -121.56378, 43.22856 ], [ -121.52242, 43.2246 ], [ -121.51892, 43.21421 ], [ -121.51398, 43.21258 ], [ -121.51302, 43.20573 ], [ -121.4951, 43.19672 ], [ -121.47668, 43.18424 ], [ -121.47113, 43.17599 ], [ -121.46667, 43.17514 ], [ -121.45918, 43.15704 ], [ -121.46688, 43.14634 ], [ -121.45923, 43.13146 ], [ -121.46184, 43.1261 ], [ -121.45975, 43.12113 ], [ -121.46708, 43.11079 ], [ -121.46641, 43.10667 ], [ -121.4465, 43.10444 ], [ -121.44223, 43.09878 ], [ -121.43538, 43.09784 ], [ -121.43462, 43.09262 ], [ -121.4241, 43.08473 ], [ -121.42566, 43.07847 ], [ -121.42291, 43.07535 ], [ -121.40456, 43.07524 ], [ -121.39432, 43.0656 ], [ -121.38865, 43.06451 ], [ -121.38947, 43.05883 ], [ -121.38494, 43.05155 ], [ -121.36621, 43.03744 ], [ -121.35467, 43.01026 ], [ -121.35708, 43.00233 ], [ -121.34223, 42.98574 ], [ -121.33436, 42.9844 ], [ -121.34698, 42.9807 ], [ -121.34505, 42.97138 ], [ -121.35215, 42.96906 ], [ -121.34749, 42.96485 ], [ -121.35274, 42.95836 ], [ -121.34827, 42.93543 ], [ -121.33522, 42.93754 ], [ -121.3167, 42.946 ], [ -121.29833, 42.94412 ], [ -121.2974, 42.93057 ], [ -121.27405, 42.92146 ], [ -121.26143, 42.91149 ], [ -121.24334, 42.90556 ], [ -121.23634, 42.90617 ], [ -121.22005, 42.89488 ], [ -121.18831, 42.89472 ], [ -121.17055, 42.87938 ], [ -121.15855, 42.88738 ], [ -121.13365, 42.88776 ], [ -121.11462, 42.8919 ], [ -121.09904, 42.88293 ], [ -121.09206, 42.87226 ], [ -121.08447, 42.8724 ], [ -121.0861, 42.87866 ], [ -121.07182, 42.88373 ], [ -121.06079, 42.88336 ], [ -121.05838, 42.8806 ], [ -121.03998, 42.88378 ], [ -121.02283, 42.8822 ], [ -121.01881, 42.87944 ], [ -121.02135, 42.87028 ], [ -121.00949, 42.85985 ], [ -120.97356, 42.84533 ], [ -120.96229, 42.84515 ], [ -120.95583, 42.83989 ], [ -120.94225, 42.84671 ], [ -120.93178, 42.84267 ], [ -120.91556, 42.84252 ], [ -120.91125, 42.83928 ], [ -120.89444, 42.84245 ], [ -120.87446, 42.83743 ], [ -120.83579, 42.83676 ], [ -120.84025, 42.83196 ], [ -120.84061, 42.82093 ], [ -120.82923, 42.79476 ], [ -120.84143, 42.77709 ], [ -120.83787, 42.76632 ], [ -120.82742, 42.75911 ], [ -120.81203, 42.75656 ], [ -120.81752, 42.7367 ], [ -120.81168, 42.72792 ], [ -120.80454, 42.72458 ], [ -120.79679, 42.69902 ], [ -120.78453, 42.69156 ], [ -120.77583, 42.69067 ], [ -120.76526, 42.67939 ], [ -120.7475, 42.67359 ], [ -120.73141, 42.65817 ], [ -120.72507, 42.64523 ], [ -120.73492, 42.64033 ], [ -120.7409, 42.64489 ], [ -120.75954, 42.64914 ], [ -120.7662, 42.63674 ], [ -120.77841, 42.63192 ], [ -120.78413, 42.63331 ], [ -120.78772, 42.62614 ], [ -120.8054, 42.61526 ], [ -120.79246, 42.60818 ], [ -120.7914, 42.60561 ], [ -120.79624, 42.60149 ], [ -120.78932, 42.59359 ], [ -120.7918, 42.59017 ], [ -120.77543, 42.57443 ], [ -120.78117, 42.567 ], [ -120.76578, 42.55153 ], [ -120.78802, 42.54816 ], [ -120.79106, 42.53702 ], [ -120.80779, 42.52569 ], [ -120.82014, 42.52238 ], [ -120.83349, 42.52581 ], [ -120.84138, 42.52284 ], [ -120.84686, 42.51453 ], [ -120.85682, 42.51355 ], [ -120.86449, 42.50396 ], [ -120.87476, 42.50015 ], [ -120.87761, 42.4936 ], [ -120.8701, 42.4826 ], [ -120.86071, 42.48307 ], [ -120.85129, 42.47897 ], [ -120.82322, 42.49035 ], [ -120.78806, 42.48863 ], [ -120.76715, 42.48226 ], [ -120.76581, 42.47089 ], [ -120.76152, 42.46367 ], [ -120.76577, 42.45289 ], [ -120.77593, 42.4466 ], [ -120.75947, 42.43711 ], [ -120.75467, 42.42926 ], [ -120.72236, 42.41794 ], [ -120.72603, 42.41329 ], [ -120.71665, 42.40435 ], [ -120.71382, 42.39149 ], [ -120.70153, 42.38376 ], [ -120.69657, 42.3704 ], [ -120.679, 42.35375 ], [ -120.67058, 42.33926 ], [ -120.71603, 42.34777 ], [ -120.72083, 42.34693 ], [ -120.72194, 42.33856 ], [ -120.73041, 42.33806 ], [ -120.73833, 42.33289 ], [ -120.74127, 42.33485 ], [ -120.73962, 42.33785 ], [ -120.75318, 42.34752 ], [ -120.76328, 42.34422 ], [ -120.77612, 42.34664 ], [ -120.80537, 42.34113 ], [ -120.81216, 42.33438 ], [ -120.8131, 42.32886 ], [ -120.82046, 42.32754 ], [ -120.82536, 42.32171 ], [ -120.82157, 42.31262 ], [ -120.83634, 42.30693 ], [ -120.83451, 42.29928 ], [ -120.83849, 42.29217 ], [ -120.83423, 42.29149 ], [ -120.8158, 42.26781 ], [ -120.803, 42.26679 ], [ -120.79402, 42.2575 ], [ -120.80506, 42.24758 ], [ -120.80507, 42.24213 ], [ -120.81305, 42.23704 ], [ -120.81621, 42.22753 ], [ -120.82262, 42.22312 ], [ -120.81994, 42.21548 ], [ -120.82357, 42.21311 ], [ -120.82331, 42.20777 ], [ -120.8177, 42.19714 ], [ -120.82217, 42.18891 ], [ -120.81716, 42.18272 ], [ -120.82731, 42.16329 ], [ -120.82724, 42.15363 ], [ -120.82539, 42.14093 ], [ -120.81719, 42.13786 ], [ -120.8306, 42.12848 ], [ -120.8343, 42.11046 ], [ -120.83243, 42.10155 ], [ -120.8391, 42.09968 ], [ -120.84232, 42.09316 ], [ -120.84811, 42.0905 ], [ -120.85564, 42.0962 ], [ -120.86918, 42.09345 ], [ -120.88658, 42.10578 ], [ -120.89056, 42.11545 ], [ -120.89896, 42.11232 ], [ -120.90398, 42.10646 ], [ -120.90007, 42.10018 ], [ -120.90839, 42.0909 ], [ -120.90593, 42.08795 ], [ -120.90961, 42.08234 ], [ -120.90742, 42.07545 ], [ -120.91084, 42.0594 ], [ -120.89799, 42.05766 ], [ -120.89401, 42.05165 ], [ -120.88667, 42.05783 ], [ -120.87746, 42.06031 ], [ -120.86798, 42.0569 ], [ -120.85395, 42.05928 ], [ -120.83669, 42.05366 ], [ -120.83302, 42.04405 ], [ -120.82899, 42.0457 ], [ -120.82742, 42.05783 ], [ -120.81886, 42.05521 ], [ -120.80577, 42.05743 ], [ -120.78998, 42.07605 ], [ -120.78969, 42.08122 ], [ -120.77164, 42.08453 ], [ -120.76993, 42.07899 ], [ -120.77457, 42.07029 ], [ -120.76296, 42.06129 ], [ -120.75639, 42.06094 ], [ -120.75398, 42.05676 ], [ -120.74623, 42.05894 ], [ -120.73415, 42.05266 ], [ -120.73268, 42.04603 ], [ -120.70427, 42.03837 ], [ -120.69836, 42.04308 ], [ -120.70008, 42.04666 ], [ -120.69751, 42.04873 ], [ -120.68602, 42.04175 ], [ -120.69252, 42.03574 ], [ -120.69239, 42.02929 ], [ -120.7016, 42.02497 ], [ -120.70189, 42.01715 ], [ -120.69763, 42.01395 ], [ -120.70341, 42.00848 ], [ -120.70541, 42.00101 ], [ -120.70336, 41.99473 ], [ -120.66876, 41.98816 ], [ -120.66401, 41.98175 ], [ -120.65235, 41.97705 ], [ -120.64688, 41.97803 ], [ -120.64409, 41.98253 ], [ -120.63844, 41.97892 ], [ -120.62842, 41.98022 ], [ -120.61309, 41.97437 ], [ -120.60908, 41.965 ], [ -120.59188, 41.96176 ], [ -120.57944, 41.93721 ], [ -120.56512, 41.92793 ], [ -120.56752, 41.91607 ], [ -120.56367, 41.91429 ], [ -120.5712, 41.90659 ], [ -120.56882, 41.90402 ], [ -120.57043, 41.89971 ], [ -120.57568, 41.89836 ], [ -120.57168, 41.89038 ], [ -120.57457, 41.88066 ], [ -120.57267, 41.87498 ], [ -120.58655, 41.87499 ], [ -120.588, 41.86858 ], [ -120.57695, 41.84349 ], [ -120.58072, 41.83791 ], [ -120.58046, 41.82645 ], [ -120.59082, 41.82185 ], [ -120.59868, 41.82457 ], [ -120.60229, 41.81778 ], [ -120.59794, 41.80666 ], [ -120.61222, 41.79783 ], [ -120.62268, 41.79691 ], [ -120.61651, 41.7852 ], [ -120.61835, 41.78219 ], [ -120.63628, 41.76896 ], [ -120.65181, 41.76727 ], [ -120.66752, 41.75937 ], [ -120.67131, 41.75251 ], [ -120.6809, 41.75509 ], [ -120.70308, 41.75249 ], [ -120.71592, 41.74371 ], [ -120.72481, 41.74205 ], [ -120.72766, 41.73641 ], [ -120.73404, 41.73747 ], [ -120.74316, 41.73101 ], [ -120.75113, 41.71066 ], [ -120.76771, 41.7074 ], [ -120.78106, 41.69425 ], [ -120.79618, 41.69532 ], [ -120.80163, 41.68568 ], [ -120.81237, 41.68221 ], [ -120.81261, 41.67632 ], [ -120.81873, 41.67204 ], [ -120.81862, 41.66809 ], [ -120.80948, 41.6561 ], [ -120.81426, 41.64555 ], [ -120.82651, 41.63812 ], [ -120.81813, 41.63125 ], [ -120.82092, 41.6182 ], [ -120.81431, 41.6137 ], [ -120.8255, 41.60582 ], [ -120.81775, 41.60141 ], [ -120.81764, 41.59905 ], [ -120.8262, 41.59693 ], [ -120.82014, 41.59262 ], [ -120.82112, 41.58852 ], [ -120.8321, 41.58411 ], [ -120.84564, 41.58481 ], [ -120.85358, 41.57267 ], [ -120.85153, 41.56669 ], [ -120.863, 41.56599 ], [ -120.86593, 41.52907 ], [ -120.87223, 41.52859 ], [ -120.88386, 41.53866 ], [ -120.88394, 41.54592 ], [ -120.89137, 41.54662 ], [ -120.89118, 41.53582 ], [ -120.89807, 41.53098 ], [ -120.90542, 41.53694 ], [ -120.92338, 41.53013 ], [ -120.92645, 41.53432 ], [ -120.92534, 41.54029 ], [ -120.92922, 41.54254 ], [ -120.92423, 41.54879 ], [ -120.92474, 41.55567 ], [ -120.92211, 41.55798 ], [ -120.9138, 41.55662 ], [ -120.91109, 41.55952 ], [ -120.91129, 41.56494 ], [ -120.90264, 41.57572 ], [ -120.90202, 41.58589 ], [ -120.89331, 41.59446 ], [ -120.90931, 41.59702 ], [ -120.91577, 41.6018 ], [ -120.91827, 41.59796 ], [ -120.92555, 41.59683 ], [ -120.9237, 41.58625 ], [ -120.94659, 41.59134 ], [ -120.94994, 41.59683 ], [ -120.95623, 41.59703 ], [ -120.95948, 41.60649 ], [ -120.96439, 41.60793 ], [ -120.97218, 41.60511 ], [ -120.97372, 41.59778 ], [ -120.9803, 41.59745 ], [ -120.98218, 41.59353 ], [ -120.9884, 41.5922 ], [ -120.99651, 41.59535 ], [ -120.9958, 41.59153 ], [ -121.0026, 41.58576 ], [ -121.01148, 41.5857 ], [ -121.01522, 41.59202 ], [ -121.02449, 41.58979 ], [ -121.02815, 41.58131 ], [ -121.02703, 41.5679 ], [ -121.03318, 41.54396 ], [ -121.03158, 41.53817 ], [ -121.04603, 41.53501 ], [ -121.04718, 41.53022 ], [ -121.07716, 41.53083 ], [ -121.10279, 41.51956 ], [ -121.11933, 41.52235 ], [ -121.11652, 41.51036 ], [ -121.12537, 41.5012 ], [ -121.12218, 41.49462 ], [ -121.12352, 41.47686 ], [ -121.12756, 41.46807 ], [ -121.11518, 41.45439 ], [ -121.11333, 41.44316 ], [ -121.11795, 41.43704 ], [ -121.11419, 41.4288 ], [ -121.11869, 41.42236 ], [ -121.13422, 41.43248 ], [ -121.1435, 41.44766 ], [ -121.15646, 41.45267 ], [ -121.16066, 41.46536 ], [ -121.16393, 41.46657 ], [ -121.15658, 41.47382 ], [ -121.15769, 41.47675 ], [ -121.18857, 41.48528 ], [ -121.20849, 41.48609 ], [ -121.20724, 41.4975 ], [ -121.19654, 41.50573 ], [ -121.20005, 41.51402 ], [ -121.19318, 41.51949 ], [ -121.20699, 41.53695 ], [ -121.24263, 41.54955 ], [ -121.25086, 41.56134 ], [ -121.26146, 41.56718 ], [ -121.26056, 41.57582 ], [ -121.28281, 41.60307 ], [ -121.28002, 41.62268 ], [ -121.28073, 41.62935 ], [ -121.2851, 41.62986 ], [ -121.29867, 41.62924 ], [ -121.28958, 41.61823 ], [ -121.28876, 41.61183 ], [ -121.2935, 41.5987 ], [ -121.30073, 41.59359 ], [ -121.36941, 41.59641 ], [ -121.40448, 41.58897 ], [ -121.42476, 41.59565 ], [ -121.43164, 41.59328 ], [ -121.43428, 41.58878 ], [ -121.44923, 41.58535 ], [ -121.4741, 41.57384 ], [ -121.49561, 41.57217 ], [ -121.50813, 41.57719 ], [ -121.5019, 41.58928 ], [ -121.50139, 41.59534 ], [ -121.50523, 41.60147 ], [ -121.5252, 41.60095 ], [ -121.53059, 41.60316 ], [ -121.52753, 41.60737 ], [ -121.53224, 41.61268 ], [ -121.55257, 41.61619 ], [ -121.55344, 41.61088 ], [ -121.55896, 41.61883 ], [ -121.56531, 41.62201 ], [ -121.60444, 41.61958 ], [ -121.62297, 41.61014 ], [ -121.62891, 41.59858 ], [ -121.63991, 41.59617 ], [ -121.65267, 41.58317 ], [ -121.66072, 41.58414 ], [ -121.67023, 41.57762 ], [ -121.67664, 41.57718 ], [ -121.6847, 41.56783 ], [ -121.68729, 41.57498 ], [ -121.70461, 41.57981 ], [ -121.71278, 41.57085 ], [ -121.72559, 41.56828 ], [ -121.72991, 41.57019 ], [ -121.73529, 41.56193 ], [ -121.74492, 41.55993 ], [ -121.74647, 41.54774 ], [ -121.76487, 41.55277 ], [ -121.76508, 41.5469 ], [ -121.77029, 41.5468 ], [ -121.77406, 41.54266 ], [ -121.78811, 41.54825 ], [ -121.79419, 41.55651 ], [ -121.80082, 41.54836 ], [ -121.8098, 41.54514 ], [ -121.80778, 41.54198 ], [ -121.81221, 41.53826 ], [ -121.8106, 41.5338 ], [ -121.8155, 41.52893 ], [ -121.83673, 41.53032 ], [ -121.84193, 41.52569 ], [ -121.84893, 41.53066 ], [ -121.85343, 41.51919 ], [ -121.88684, 41.5123 ], [ -121.89065, 41.50217 ], [ -121.91112, 41.47535 ], [ -121.92204, 41.47834 ], [ -121.93466, 41.47647 ], [ -121.9379, 41.47212 ], [ -121.95649, 41.47386 ], [ -121.96069, 41.46864 ], [ -121.97785, 41.46123 ], [ -122.01085, 41.47376 ], [ -122.03036, 41.46031 ], [ -122.04629, 41.45901 ], [ -122.0513, 41.44631 ], [ -122.05863, 41.4518 ], [ -122.06098, 41.46797 ], [ -122.06634, 41.47511 ], [ -122.06288, 41.48013 ], [ -122.08326, 41.49768 ], [ -122.12314, 41.49941 ], [ -122.12516, 41.5073 ], [ -122.14197, 41.50627 ], [ -122.14744, 41.49265 ], [ -122.16259, 41.47564 ], [ -122.1713, 41.45311 ], [ -122.193, 41.42694 ], [ -122.19483, 41.40808 ], [ -122.20104, 41.40242 ], [ -122.22025, 41.41192 ], [ -122.22593, 41.40732 ], [ -122.23282, 41.3927 ], [ -122.24191, 41.39103 ], [ -122.25771, 41.38144 ], [ -122.27397, 41.38179 ], [ -122.3122, 41.37386 ], [ -122.33786, 41.37493 ], [ -122.34819, 41.3666 ], [ -122.35703, 41.36833 ], [ -122.35533, 41.37136 ], [ -122.36235, 41.37695 ], [ -122.37032, 41.37849 ], [ -122.3778, 41.38618 ], [ -122.38768, 41.38536 ], [ -122.3936, 41.37601 ], [ -122.41109, 41.36802 ], [ -122.41384, 41.35896 ], [ -122.43439, 41.33517 ], [ -122.45133, 41.3382 ], [ -122.46975, 41.32529 ], [ -122.47161, 41.31973 ], [ -122.47922, 41.31969 ], [ -122.50294, 41.30931 ], [ -122.49964, 41.30347 ], [ -122.49971, 41.29186 ], [ -122.51009, 41.28857 ], [ -122.51401, 41.27989 ], [ -122.5117, 41.27014 ], [ -122.51396, 41.25532 ], [ -122.50776, 41.24576 ], [ -122.51764, 41.23914 ], [ -122.51207, 41.22655 ], [ -122.52293, 41.21328 ], [ -122.5153, 41.20483 ], [ -122.49463, 41.19218 ], [ -122.4995, 41.18477 ], [ -122.49904, 41.17992 ], [ -122.49133, 41.1759 ], [ -122.47444, 41.17667 ], [ -122.46832, 41.1695 ], [ -122.45451, 41.16696 ], [ -122.4465, 41.15809 ], [ -122.45062, 41.14876 ], [ -122.44625, 41.13326 ], [ -122.44869, 41.13133 ], [ -122.44864, 41.11925 ], [ -122.4534, 41.1136 ], [ -122.4519, 41.10827 ], [ -122.45757, 41.09659 ], [ -122.46846, 41.09703 ], [ -122.49363, 41.08614 ], [ -122.51311, 41.08879 ], [ -122.52928, 41.0766 ], [ -122.53788, 41.07504 ], [ -122.53992, 41.07272 ], [ -122.53735, 41.06467 ], [ -122.54446, 41.05957 ], [ -122.54994, 41.06359 ], [ -122.55649, 41.06275 ], [ -122.57549, 41.06925 ], [ -122.5919, 41.06593 ], [ -122.61901, 41.07495 ], [ -122.62726, 41.08517 ], [ -122.62572, 41.09397 ], [ -122.63274, 41.09582 ], [ -122.6425, 41.1061 ], [ -122.65392, 41.10943 ], [ -122.6561, 41.1178 ], [ -122.66407, 41.12451 ], [ -122.65938, 41.14138 ], [ -122.66417, 41.14713 ], [ -122.68867, 41.15553 ], [ -122.72484, 41.15964 ], [ -122.72499, 41.15388 ], [ -122.73582, 41.15337 ], [ -122.73758, 41.15019 ], [ -122.7343, 41.14802 ], [ -122.7391, 41.14497 ], [ -122.73341, 41.13741 ], [ -122.72529, 41.13499 ], [ -122.72538, 41.13183 ], [ -122.71931, 41.13142 ], [ -122.71925, 41.11792 ], [ -122.73743, 41.11532 ], [ -122.73598, 41.09174 ], [ -122.7395, 41.08678 ], [ -122.74544, 41.08689 ], [ -122.74856, 41.09339 ], [ -122.75507, 41.09417 ], [ -122.75497, 41.10151 ], [ -122.77608, 41.10079 ], [ -122.78134, 41.09716 ], [ -122.789, 41.08236 ], [ -122.7915, 41.07364 ], [ -122.78609, 41.06946 ], [ -122.7975, 41.05864 ], [ -122.76174, 41.05851 ], [ -122.76105, 41.04445 ], [ -122.76083, 41.01595 ], [ -122.7798, 41.01596 ], [ -122.78076, 41.0011 ], [ -122.79015, 41.00137 ], [ -122.78371, 40.97939 ], [ -122.79427, 40.9801 ], [ -122.79346, 40.95855 ], [ -122.80421, 40.95863 ], [ -122.81909, 40.94189 ], [ -122.82183, 40.93006 ], [ -122.82795, 40.93006 ], [ -122.86512, 40.89435 ], [ -122.90535, 40.89566 ], [ -122.90897, 40.89082 ], [ -122.92347, 40.88769 ], [ -122.92347, 40.88326 ], [ -122.92927, 40.88326 ], [ -122.93253, 40.8797 ], [ -122.93097, 40.86853 ], [ -122.92149, 40.86877 ], [ -122.92161, 40.85428 ], [ -122.90274, 40.85475 ], [ -122.90352, 40.82571 ], [ -122.9217, 40.82175 ], [ -122.92532, 40.83101 ], [ -122.9501, 40.82562 ], [ -122.95372, 40.83488 ], [ -122.9909, 40.82678 ], [ -122.99813, 40.84528 ], [ -122.98574, 40.84799 ], [ -123.00022, 40.88502 ], [ -122.98781, 40.88772 ], [ -122.99143, 40.89698 ], [ -123.02865, 40.88887 ], [ -123.03229, 40.89813 ], [ -123.05704, 40.89272 ], [ -123.05798, 40.90931 ], [ -123.05142, 40.91529 ], [ -123.05423, 40.92034 ], [ -123.0489, 40.93417 ], [ -123.0583, 40.94013 ], [ -123.05059, 40.96471 ], [ -123.05569, 40.96844 ], [ -123.06493, 40.9635 ], [ -123.08061, 40.96507 ], [ -123.08111, 40.9562 ], [ -123.08552, 40.95136 ], [ -123.09889, 40.94844 ], [ -123.11527, 40.93888 ], [ -123.12565, 40.93995 ], [ -123.13732, 40.93357 ], [ -123.14177, 40.92678 ], [ -123.15013, 40.93383 ], [ -123.16151, 40.93782 ], [ -123.18748, 40.93053 ], [ -123.19003, 40.92391 ], [ -123.21475, 40.91201 ], [ -123.20973, 40.89976 ], [ -123.21455, 40.88066 ], [ -123.19898, 40.86831 ], [ -123.20593, 40.85723 ], [ -123.1992, 40.83835 ], [ -123.20655, 40.83539 ], [ -123.19071, 40.81769 ], [ -123.19485, 40.8131 ], [ -123.19148, 40.79291 ], [ -123.2051, 40.78991 ], [ -123.21239, 40.80841 ], [ -123.22477, 40.80569 ], [ -123.22842, 40.81494 ], [ -123.2408, 40.81222 ], [ -123.24447, 40.82146 ], [ -123.25684, 40.81874 ], [ -123.2605, 40.82799 ], [ -123.27287, 40.82526 ], [ -123.27654, 40.83451 ], [ -123.29777, 40.82982 ], [ -123.30005, 40.83395 ], [ -123.29378, 40.83937 ], [ -123.30626, 40.84065 ], [ -123.29465, 40.84717 ], [ -123.32249, 40.8586 ], [ -123.31091, 40.87327 ], [ -123.31345, 40.87797 ], [ -123.3102, 40.87896 ], [ -123.33445, 40.88729 ], [ -123.34352, 40.89933 ], [ -123.33841, 40.90366 ], [ -123.347, 40.91104 ], [ -123.33908, 40.91447 ], [ -123.33879, 40.92301 ], [ -123.34339, 40.93236 ], [ -123.34281, 40.937 ], [ -123.3384, 40.93914 ], [ -123.3572, 40.95418 ], [ -123.35296, 40.95492 ], [ -123.35463, 40.95711 ], [ -123.3514, 40.96088 ], [ -123.34205, 40.96246 ], [ -123.33409, 40.96175 ], [ -123.33322, 40.95545 ], [ -123.30955, 40.95867 ], [ -123.31365, 40.98292 ], [ -123.34602, 40.9739 ], [ -123.34822, 40.97913 ], [ -123.3452, 40.98133 ], [ -123.34328, 40.99703 ], [ -123.34619, 41.00417 ], [ -123.35267, 41.00506 ], [ -123.36795, 40.9942 ], [ -123.36958, 40.98781 ], [ -123.37552, 40.98838 ], [ -123.37446, 40.98529 ], [ -123.38221, 40.98429 ], [ -123.38408, 40.97558 ], [ -123.40239, 40.97304 ], [ -123.40523, 40.97841 ], [ -123.42992, 40.98416 ], [ -123.42544, 41.00397 ], [ -123.41942, 41.01016 ], [ -123.40574, 41.01355 ], [ -123.41039, 41.02185 ], [ -123.40658, 41.03069 ], [ -123.41899, 41.03447 ], [ -123.42386, 41.04409 ], [ -123.42336, 41.05755 ], [ -123.43042, 41.06331 ], [ -123.43434, 41.06058 ], [ -123.44328, 41.06117 ], [ -123.45278, 41.06878 ], [ -123.45848, 41.06866 ], [ -123.4639, 41.07694 ], [ -123.45859, 41.08545 ], [ -123.46943, 41.10408 ], [ -123.47361, 41.10689 ], [ -123.485, 41.10576 ], [ -123.48835, 41.10893 ], [ -123.48147, 41.11988 ], [ -123.47918, 41.13215 ], [ -123.49465, 41.14341 ], [ -123.50512, 41.16468 ], [ -123.52597, 41.16978 ], [ -123.53667, 41.17736 ], [ -123.54217, 41.17432 ], [ -123.56265, 41.18146 ], [ -123.5783, 41.1829 ], [ -123.59004, 41.17118 ], [ -123.60948, 41.16557 ], [ -123.61732, 41.16637 ], [ -123.62449, 41.16224 ], [ -123.62538, 41.15057 ], [ -123.63274, 41.14957 ], [ -123.62819, 41.14515 ], [ -123.63175, 41.13842 ], [ -123.64167, 41.14085 ], [ -123.64365, 41.1456 ], [ -123.66848, 41.14007 ], [ -123.67222, 41.14931 ], [ -123.70949, 41.141 ], [ -123.70576, 41.13176 ], [ -123.7306, 41.12621 ], [ -123.72687, 41.11697 ], [ -123.7641, 41.10864 ], [ -123.76785, 41.11788 ], [ -123.81748, 41.10675 ], [ -123.81374, 41.09751 ], [ -123.82615, 41.09473 ], [ -123.82241, 41.0855 ], [ -123.83482, 41.08271 ], [ -123.83404, 41.0783 ], [ -123.84108, 41.1047 ], [ -123.85719, 41.11287 ], [ -123.85039, 41.1231 ], [ -123.85926, 41.13234 ], [ -123.85946, 41.13871 ], [ -123.87015, 41.14769 ], [ -123.88034, 41.14949 ], [ -123.89413, 41.16204 ], [ -123.91686, 41.16626 ], [ -123.92579, 41.18085 ], [ -123.92501, 41.18468 ], [ -123.9357, 41.19019 ], [ -123.94473, 41.20331 ], [ -123.9562, 41.20969 ], [ -123.95589, 41.22048 ], [ -123.961, 41.22735 ], [ -123.97524, 41.2295 ], [ -123.98219, 41.23936 ], [ -123.98254, 41.24774 ], [ -123.98702, 41.25395 ], [ -123.98491, 41.25662 ], [ -123.98909, 41.25782 ], [ -123.98795, 41.26659 ], [ -123.98471, 41.27308 ], [ -123.97598, 41.27561 ], [ -123.9667, 41.28626 ], [ -123.96107, 41.30814 ], [ -123.95057, 41.31622 ], [ -123.94683, 41.32919 ], [ -123.95488, 41.32899 ], [ -123.96013, 41.33561 ], [ -123.96433, 41.33487 ], [ -123.96532, 41.34312 ], [ -123.96821, 41.34486 ], [ -123.9655, 41.35196 ], [ -123.97893, 41.35522 ], [ -123.97679, 41.36363 ], [ -123.98054, 41.37037 ], [ -123.97865, 41.37232 ], [ -123.98087, 41.37584 ], [ -123.98871, 41.37645 ], [ -123.99492, 41.38625 ], [ -123.99173, 41.39532 ], [ -124.00071, 41.4063 ], [ -124.01243, 41.41325 ], [ -124.01352, 41.41925 ], [ -124.00897, 41.42145 ], [ -124.02164, 41.42683 ], [ -124.02469, 41.43476 ], [ -124.02026, 41.43543 ], [ -124.02112, 41.43788 ], [ -124.05265, 41.4606 ], [ -124.05228, 41.46583 ], [ -124.0618, 41.47216 ], [ -124.06108, 41.47684 ], [ -124.06566, 41.48203 ], [ -124.06366, 41.48537 ], [ -124.06623, 41.49998 ], [ -124.07528, 41.51279 ], [ -124.07349, 41.52448 ], [ -124.08039, 41.53658 ], [ -124.07964, 41.55326 ], [ -124.08633, 41.55544 ], [ -124.08627, 41.55894 ], [ -124.09812, 41.56956 ], [ -124.0879, 41.57643 ], [ -124.07824, 41.57483 ], [ -124.06964, 41.57786 ], [ -124.0785, 41.59171 ], [ -124.08413, 41.59231 ], [ -124.08794, 41.59987 ], [ -124.0779, 41.60718 ], [ -124.0683, 41.60783 ], [ -124.06795, 41.61165 ], [ -124.05663, 41.61759 ], [ -124.05129, 41.62633 ], [ -124.05301, 41.63308 ], [ -124.06754, 41.64441 ], [ -124.06759, 41.65134 ], [ -124.07689, 41.65694 ], [ -124.07593, 41.65925 ], [ -124.06244, 41.66403 ], [ -124.04987, 41.6613 ], [ -124.03444, 41.66914 ], [ -124.03028, 41.66362 ], [ -124.03098, 41.65528 ], [ -124.01046, 41.65214 ], [ -124.00929, 41.64758 ], [ -123.99823, 41.64756 ], [ -123.99214, 41.65348 ], [ -123.96975, 41.66047 ], [ -123.96684, 41.65267 ], [ -123.95556, 41.64471 ], [ -123.94358, 41.61803 ], [ -123.94319, 41.6101 ], [ -123.93721, 41.60418 ], [ -123.93494, 41.58737 ], [ -123.92917, 41.58621 ], [ -123.9294, 41.57543 ], [ -123.91567, 41.55762 ], [ -123.90955, 41.54391 ], [ -123.90654, 41.52044 ], [ -123.89086, 41.51255 ], [ -123.87727, 41.51111 ], [ -123.86672, 41.51585 ], [ -123.86178, 41.524 ], [ -123.85011, 41.53145 ], [ -123.84182, 41.55015 ], [ -123.84505, 41.55271 ], [ -123.83962, 41.56133 ], [ -123.84262, 41.57173 ], [ -123.83237, 41.58133 ], [ -123.83293, 41.5851 ], [ -123.81831, 41.58624 ], [ -123.81313, 41.57927 ], [ -123.79738, 41.57894 ], [ -123.78465, 41.57367 ], [ -123.78447, 41.56882 ], [ -123.77549, 41.55712 ], [ -123.76525, 41.5566 ], [ -123.75611, 41.55875 ], [ -123.75097, 41.56355 ], [ -123.72717, 41.56838 ], [ -123.71445, 41.57875 ], [ -123.71509, 41.58397 ], [ -123.71229, 41.58561 ], [ -123.71925, 41.5953 ], [ -123.71091, 41.61543 ], [ -123.69759, 41.62675 ], [ -123.69691, 41.63367 ], [ -123.68054, 41.63418 ], [ -123.68793, 41.65067 ], [ -123.6857, 41.65968 ], [ -123.68884, 41.66065 ], [ -123.68973, 41.66908 ], [ -123.6858, 41.67562 ], [ -123.66297, 41.69354 ], [ -123.67009, 41.70191 ], [ -123.6604, 41.71448 ], [ -123.66242, 41.72667 ], [ -123.6787, 41.73906 ], [ -123.6881, 41.78105 ], [ -123.67411, 41.78641 ], [ -123.67613, 41.78955 ], [ -123.67215, 41.79596 ], [ -123.6898, 41.8029 ], [ -123.69389, 41.81487 ], [ -123.70317, 41.81994 ], [ -123.70382, 41.82928 ], [ -123.68289, 41.83709 ], [ -123.67099, 41.83532 ], [ -123.67124, 41.84493 ], [ -123.66186, 41.85644 ], [ -123.64969, 41.86046 ], [ -123.65138, 41.87281 ], [ -123.64653, 41.8765 ], [ -123.65135, 41.87944 ], [ -123.64271, 41.88954 ], [ -123.62441, 41.88842 ], [ -123.61724, 41.88194 ], [ -123.60658, 41.88064 ], [ -123.60475, 41.88803 ], [ -123.59733, 41.8943 ], [ -123.59947, 41.89875 ], [ -123.59359, 41.90623 ], [ -123.57813, 41.90306 ], [ -123.55951, 41.90597 ], [ -123.55355, 41.91466 ], [ -123.55442, 41.9301 ], [ -123.54874, 41.93348 ], [ -123.5478, 41.93837 ], [ -123.53305, 41.9551 ], [ -123.5363, 41.97718 ], [ -123.54091, 41.98543 ], [ -123.53458, 41.99072 ], [ -123.51973, 41.99534 ], [ -123.51807, 42.00046 ], [ -123.35125, 41.99932 ], [ -123.3433, 41.99031 ], [ -123.3431, 41.98173 ], [ -123.33694, 41.97362 ], [ -123.32521, 41.97345 ], [ -123.30292, 41.96189 ], [ -123.30366, 41.9459 ], [ -123.29276, 41.94982 ], [ -123.27639, 41.94831 ], [ -123.2418, 41.924 ], [ -123.2029, 41.91716 ], [ -123.19905, 41.92032 ], [ -123.18962, 41.91987 ], [ -123.18597, 41.92897 ], [ -123.16438, 41.93949 ], [ -123.15743, 41.9368 ], [ -123.14302, 41.94219 ], [ -123.1145, 41.93713 ], [ -123.10036, 41.94707 ], [ -123.07883, 41.95107 ], [ -123.07877, 41.95368 ], [ -123.07276, 41.9558 ], [ -123.0296, 41.95015 ], [ -123.02479, 41.94669 ], [ -123.01462, 41.94831 ], [ -123.00557, 41.93397 ], [ -123.00028, 41.93132 ], [ -122.9915, 41.93048 ], [ -122.97924, 41.9375 ], [ -122.96503, 41.93202 ], [ -122.96079, 41.93609 ], [ -122.95753, 41.95446 ], [ -122.93858, 41.97113 ], [ -122.89933, 41.99476 ], [ -122.89578, 42.00631 ], [ -122.88851, 42.00935 ], [ -122.88725, 42.01757 ], [ -122.87549, 42.02319 ], [ -122.87748, 42.03308 ], [ -122.86263, 42.03702 ], [ -122.85934, 42.04547 ], [ -122.84171, 42.05254 ], [ -122.82452, 42.0492 ], [ -122.81761, 42.05188 ], [ -122.79734, 42.04998 ], [ -122.79497, 42.06168 ], [ -122.77779, 42.06743 ], [ -122.75882, 42.06853 ], [ -122.75036, 42.07723 ], [ -122.73298, 42.0861 ], [ -122.7146, 42.07995 ], [ -122.70161, 42.08175 ], [ -122.69658, 42.07212 ], [ -122.66831, 42.06672 ], [ -122.63138, 42.0831 ], [ -122.62128, 42.08341 ], [ -122.61651, 42.08097 ], [ -122.61517, 42.06868 ], [ -122.60546, 42.05523 ], [ -122.59539, 42.0499 ], [ -122.58533, 42.05102 ], [ -122.5739, 42.03347 ], [ -122.57552, 42.03012 ], [ -122.5608, 42.03064 ], [ -122.55307, 42.04031 ], [ -122.5435, 42.04303 ], [ -122.5344, 42.04068 ], [ -122.52123, 42.04219 ], [ -122.5133, 42.05479 ], [ -122.50029, 42.05769 ], [ -122.49002, 42.06523 ], [ -122.47971, 42.06426 ], [ -122.47635, 42.07554 ], [ -122.48233, 42.08142 ], [ -122.48237, 42.0884 ], [ -122.47455, 42.09646 ], [ -122.47556, 42.10713 ], [ -122.47943, 42.11302 ], [ -122.47817, 42.12314 ], [ -122.48866, 42.13783 ], [ -122.50372, 42.13956 ], [ -122.50751, 42.14316 ], [ -122.50479, 42.15584 ], [ -122.49635, 42.15852 ], [ -122.50355, 42.16892 ], [ -122.49968, 42.18137 ], [ -122.5059, 42.1882 ], [ -122.50121, 42.20174 ], [ -122.50414, 42.20606 ], [ -122.4949, 42.21777 ], [ -122.48263, 42.22227 ], [ -122.45786, 42.225 ], [ -122.45256, 42.23123 ], [ -122.4466, 42.23004 ], [ -122.44318, 42.23558 ], [ -122.43517, 42.23731 ], [ -122.43671, 42.24778 ], [ -122.44979, 42.24787 ], [ -122.45228, 42.25389 ], [ -122.44903, 42.26658 ], [ -122.44219, 42.27536 ], [ -122.42245, 42.28261 ], [ -122.4208, 42.28766 ], [ -122.38945, 42.28776 ], [ -122.38532, 42.27261 ], [ -122.36603, 42.2713 ], [ -122.36581, 42.24387 ], [ -122.28754, 42.24354 ], [ -122.28596, 42.24993 ], [ -122.27382, 42.25161 ], [ -122.27081, 42.26333 ], [ -122.26422, 42.26767 ], [ -122.262, 42.27378 ], [ -122.24919, 42.28209 ], [ -122.26569, 42.29252 ], [ -122.26573, 42.30313 ], [ -122.26414, 42.30863 ], [ -122.23398, 42.32757 ], [ -122.23473, 42.34228 ], [ -122.2309, 42.35288 ], [ -122.23219, 42.35682 ], [ -122.24949, 42.35793 ], [ -122.27022, 42.36503 ], [ -122.26734, 42.37121 ], [ -122.26719, 42.38264 ], [ -122.27141, 42.38887 ], [ -122.26736, 42.392 ], [ -122.26855, 42.40547 ], [ -122.28773, 42.42957 ], [ -122.28779, 42.46726 ], [ -122.27923, 42.47427 ], [ -122.28008, 42.48855 ], [ -122.28464, 42.49826 ], [ -122.26868, 42.49868 ], [ -122.25123, 42.50367 ], [ -122.23753, 42.50217 ], [ -122.23114, 42.50782 ], [ -122.22654, 42.52772 ], [ -122.22992, 42.53488 ], [ -122.22926, 42.54524 ], [ -122.21418, 42.54405 ], [ -122.21228, 42.55209 ], [ -122.22001, 42.57268 ], [ -122.22923, 42.57766 ], [ -122.2244, 42.5892 ], [ -122.21467, 42.6 ], [ -122.21773, 42.6125 ], [ -122.21382, 42.62288 ], [ -122.22467, 42.63691 ], [ -122.21388, 42.6431 ], [ -122.20601, 42.64138 ], [ -122.19903, 42.64873 ], [ -122.16822, 42.65473 ], [ -122.16659, 42.66387 ], [ -122.173, 42.67487 ], [ -122.17819, 42.69409 ], [ -122.19472, 42.70397 ], [ -122.18842, 42.70677 ], [ -122.18895, 42.71145 ], [ -122.18513, 42.71508 ], [ -122.18406, 42.74608 ], [ -122.1789, 42.75069 ], [ -122.18461, 42.75781 ], [ -122.18614, 42.76639 ], [ -122.17463, 42.78389 ], [ -122.17579, 42.79618 ], [ -122.17343, 42.80097 ], [ -122.17352, 42.80689 ], [ -122.18304, 42.82112 ], [ -122.17869, 42.83125 ], [ -122.18936, 42.83413 ], [ -122.19227, 42.83876 ], [ -122.18635, 42.84108 ], [ -122.18885, 42.85102 ], [ -122.1844, 42.8498 ], [ -122.17879, 42.85285 ], [ -122.17997, 42.86114 ], [ -122.1894, 42.86452 ], [ -122.18305, 42.86855 ], [ -122.17946, 42.88026 ], [ -122.15897, 42.87943 ], [ -122.14858, 42.88914 ], [ -122.14341, 42.90946 ], [ -122.1645, 42.92178 ], [ -122.17221, 42.94289 ], [ -122.16876, 42.94576 ], [ -122.16921, 42.9518 ], [ -122.1601, 42.96007 ], [ -122.14574, 42.97045 ], [ -122.12347, 42.97861 ], [ -122.1179, 43.00027 ], [ -122.10662, 43.00706 ], [ -122.10409, 43.01423 ], [ -122.09648, 43.01647 ], [ -122.09304, 43.02255 ], [ -122.09644, 43.02912 ], [ -122.09011, 43.0391 ], [ -122.08084, 43.04383 ], [ -122.0657, 43.04454 ], [ -122.06428, 43.0473 ], [ -122.06804, 43.05135 ], [ -122.07067, 43.06435 ], [ -122.09394, 43.07744 ], [ -122.07565, 43.12591 ], [ -122.06519, 43.13571 ], [ -122.0663, 43.15276 ], [ -122.05363, 43.15782 ], [ -122.0539, 43.17291 ], [ -122.03899, 43.19131 ], [ -122.04094, 43.19791 ], [ -122.03363, 43.20697 ], [ -122.04076, 43.21802 ], [ -122.02788, 43.22001 ], [ -122.01589, 43.22691 ], [ -122.0116, 43.23431 ], [ -122.00226, 43.23453 ], [ -121.9967, 43.24012 ], [ -121.99294, 43.25096 ], [ -121.98519, 43.25735 ], [ -121.97421, 43.2617 ], [ -121.96993, 43.25773 ], [ -121.9559, 43.25659 ], [ -121.94632, 43.26047 ], [ -121.94364, 43.26941 ], [ -121.93789, 43.27052 ], [ -121.70581, 43.26873 ], [ -121.70597, 43.30449 ], [ -121.67842, 43.31094 ], [ -121.67506, 43.31613 ], [ -121.65798, 43.32439 ], [ -121.65806, 43.33254 ], [ -121.65043, 43.33966 ], [ -121.63783, 43.34273 ] ] ] } },
{ "type": "Feature", "properties": { "name": "Kootenai Complex", "state": "Montana", "region": "01", "project_id": "NPL001", "investment_year": 2022, "acres": 1009424, "edited": "2023-01-20" }, "geometry": { "type": "MultiPolygon", "coordinates": [ [ [ [ -116.15045, 48.83463 ], [ -116.14739, 48.82503 ], [ -116.11896, 48.82916 ], [ -116.11591, 48.81955 ], [ -116.10169, 48.82162 ], [ -116.09864, 48.81201 ], [ -116.08443, 48.81407 ], [ -116.08138, 48.80446 ], [ -116.06717, 48.80652 ], [ -116.06108, 48.78731 ], [ -116.04687, 48.78937 ], [ -116.04215, 48.77445 ], [ -115.96088, 48.77495 ], [ -115.96088, 48.78945 ], [ -115.88549, 48.78938 ], [ -115.88551, 48.77488 ], [ -115.86395, 48.77487 ], [ -115.86394, 48.76044 ], [ -115.84207, 48.76046 ], [ -115.84196, 48.71687 ], [ -115.82002, 48.71694 ], [ -115.82002, 48.70246 ], [ -115.79815, 48.70254 ], [ -115.79833, 48.6448 ], [ -115.82016, 48.64482 ], [ -115.82018, 48.6303 ], [ -115.86324, 48.63031 ], [ -115.85566, 48.60609 ], [ -115.86983, 48.60405 ], [ -115.86683, 48.59445 ], [ -115.881, 48.59241 ], [ -115.87799, 48.58281 ], [ -115.89216, 48.58077 ], [ -115.88915, 48.57117 ], [ -115.90331, 48.56913 ], [ -115.89567, 48.54476 ], [ -115.85983, 48.54346 ], [ -115.85984, 48.52902 ], [ -115.83798, 48.529 ], [ -115.83797, 48.48684 ], [ -115.81597, 48.48685 ], [ -115.81584, 48.4709 ], [ -115.79425, 48.47089 ], [ -115.79426, 48.45725 ], [ -115.77222, 48.45712 ], [ -115.77377, 48.42759 ], [ -115.75069, 48.42759 ], [ -115.75076, 48.41314 ], [ -115.73644, 48.4133 ], [ -115.7392, 48.42219 ], [ -115.72506, 48.42421 ], [ -115.72804, 48.43381 ], [ -115.68562, 48.43987 ], [ -115.68859, 48.44947 ], [ -115.67444, 48.45148 ], [ -115.68039, 48.47069 ], [ -115.66624, 48.4727 ], [ -115.67218, 48.49191 ], [ -115.65803, 48.49392 ], [ -115.66397, 48.51313 ], [ -115.64981, 48.51515 ], [ -115.65278, 48.52475 ], [ -115.61029, 48.53079 ], [ -115.61326, 48.5404 ], [ -115.4999, 48.55644 ], [ -115.49695, 48.54683 ], [ -115.4686, 48.55083 ], [ -115.46566, 48.54122 ], [ -115.45149, 48.54321 ], [ -115.44561, 48.524 ], [ -115.43144, 48.52599 ], [ -115.42263, 48.49716 ], [ -115.40846, 48.49915 ], [ -115.40553, 48.48954 ], [ -115.39137, 48.49153 ], [ -115.38844, 48.48192 ], [ -115.36011, 48.4859 ], [ -115.35719, 48.47629 ], [ -115.34303, 48.47827 ], [ -115.31967, 48.40141 ], [ -115.33382, 48.39943 ], [ -115.3309, 48.38982 ], [ -115.34504, 48.38784 ], [ -115.34212, 48.37823 ], [ -115.35626, 48.37625 ], [ -115.35334, 48.36665 ], [ -115.36748, 48.36466 ], [ -115.35288, 48.31664 ], [ -115.36701, 48.31466 ], [ -115.36117, 48.29545 ], [ -115.37529, 48.29347 ], [ -115.37237, 48.28387 ], [ -115.38649, 48.28188 ], [ -115.38357, 48.27228 ], [ -115.4118, 48.26831 ], [ -115.40595, 48.24911 ], [ -115.42006, 48.24712 ], [ -115.40253, 48.18953 ], [ -115.41663, 48.18754 ], [ -115.41371, 48.17795 ], [ -115.49825, 48.16599 ], [ -115.50119, 48.17559 ], [ -115.52936, 48.17159 ], [ -115.5323, 48.18118 ], [ -115.56048, 48.17718 ], [ -115.5752, 48.22515 ], [ -115.5893, 48.22315 ], [ -115.59815, 48.25193 ], [ -115.61225, 48.24992 ], [ -115.6152, 48.25952 ], [ -115.69981, 48.24744 ], [ -115.70278, 48.25703 ], [ -115.77328, 48.24692 ], [ -115.77306, 48.24039 ], [ -115.79458, 48.24036 ], [ -115.7946, 48.22593 ], [ -115.80209, 48.2259 ], [ -115.80214, 48.21148 ], [ -115.84531, 48.21152 ], [ -115.84551, 48.2259 ], [ -115.85947, 48.22588 ], [ -115.85941, 48.2403 ], [ -115.88105, 48.24028 ], [ -115.88126, 48.31249 ], [ -115.94652, 48.31251 ], [ -115.94671, 48.32695 ], [ -115.96873, 48.32699 ], [ -115.96867, 48.35602 ], [ -115.99062, 48.35599 ], [ -115.99048, 48.37057 ], [ -116.01218, 48.3705 ], [ -116.01203, 48.39935 ], [ -115.99034, 48.3995 ], [ -115.99043, 48.41399 ], [ -116.01196, 48.4139 ], [ -116.01175, 48.4429 ], [ -116.03374, 48.4429 ], [ -116.03377, 48.51012 ], [ -116.04693, 48.50821 ], [ -116.06209, 48.55619 ], [ -116.07625, 48.55413 ], [ -116.07928, 48.56373 ], [ -116.17836, 48.54929 ], [ -116.17531, 48.53969 ], [ -116.23189, 48.53141 ], [ -116.23495, 48.541 ], [ -116.26324, 48.53685 ], [ -116.26631, 48.54644 ], [ -116.28045, 48.54437 ], [ -116.28352, 48.55396 ], [ -116.26937, 48.55604 ], [ -116.27857, 48.58481 ], [ -116.26441, 48.58689 ], [ -116.27055, 48.60608 ], [ -116.2847, 48.604 ], [ -116.28777, 48.6136 ], [ -116.31609, 48.60943 ], [ -116.31917, 48.61903 ], [ -116.33333, 48.61694 ], [ -116.33641, 48.62654 ], [ -116.35057, 48.62445 ], [ -116.35365, 48.63404 ], [ -116.36781, 48.63196 ], [ -116.37706, 48.66074 ], [ -116.3629, 48.66283 ], [ -116.36906, 48.68202 ], [ -116.35489, 48.6841 ], [ -116.35797, 48.6937 ], [ -116.32962, 48.69787 ], [ -116.3327, 48.70747 ], [ -116.31852, 48.70955 ], [ -116.3216, 48.71915 ], [ -116.26486, 48.72748 ], [ -116.26179, 48.71788 ], [ -116.2476, 48.71996 ], [ -116.25067, 48.72955 ], [ -116.23648, 48.73163 ], [ -116.23955, 48.74123 ], [ -116.19697, 48.74745 ], [ -116.20004, 48.75705 ], [ -116.15745, 48.76327 ], [ -116.17887, 48.83049 ], [ -116.15045, 48.83463 ] ] ], [ [ [ -114.74408, 49.00044 ], [ -114.72743, 48.94367 ], [ -114.74172, 48.94174 ], [ -114.73316, 48.91283 ], [ -114.74743, 48.9109 ], [ -114.74173, 48.89162 ], [ -114.78023, 48.88642 ], [ -114.78016, 48.80371 ], [ -114.75844, 48.80369 ], [ -114.7585, 48.7892 ], [ -114.78016, 48.7892 ], [ -114.78011, 48.76619 ], [ -114.77594, 48.75674 ], [ -114.7617, 48.75866 ], [ -114.75885, 48.74903 ], [ -114.74463, 48.75096 ], [ -114.73894, 48.7317 ], [ -114.7247, 48.73362 ], [ -114.71334, 48.6951 ], [ -114.69911, 48.69702 ], [ -114.69344, 48.67776 ], [ -114.67922, 48.67968 ], [ -114.67143, 48.65894 ], [ -114.67146, 48.64598 ], [ -114.69325, 48.64588 ], [ -114.69323, 48.61696 ], [ -114.86724, 48.6171 ], [ -114.86684, 48.61418 ], [ -114.88105, 48.61225 ], [ -114.87819, 48.60262 ], [ -114.89239, 48.60068 ], [ -114.88381, 48.57182 ], [ -114.89801, 48.56988 ], [ -114.89515, 48.56026 ], [ -114.90934, 48.55832 ], [ -114.90648, 48.5487 ], [ -114.97742, 48.53898 ], [ -114.97455, 48.52936 ], [ -114.98873, 48.52741 ], [ -114.98586, 48.51779 ], [ -115.01422, 48.5139 ], [ -115.01134, 48.50428 ], [ -115.11056, 48.4906 ], [ -115.11345, 48.50021 ], [ -115.12762, 48.49825 ], [ -115.1363, 48.52709 ], [ -115.15048, 48.52513 ], [ -115.15917, 48.55398 ], [ -115.14499, 48.55594 ], [ -115.15368, 48.58479 ], [ -115.13949, 48.58676 ], [ -115.14239, 48.59637 ], [ -115.114, 48.6003 ], [ -115.11689, 48.60992 ], [ -115.1027, 48.61188 ], [ -115.10559, 48.6215 ], [ -115.09139, 48.62346 ], [ -115.10876, 48.68118 ], [ -115.12297, 48.67922 ], [ -115.12587, 48.68884 ], [ -115.14008, 48.68688 ], [ -115.14298, 48.6965 ], [ -115.1572, 48.69454 ], [ -115.1601, 48.70416 ], [ -115.17432, 48.70219 ], [ -115.17723, 48.71181 ], [ -115.19145, 48.70984 ], [ -115.20018, 48.73871 ], [ -115.2144, 48.73674 ], [ -115.21689, 48.7599 ], [ -115.23877, 48.76 ], [ -115.23892, 48.81785 ], [ -115.26084, 48.81776 ], [ -115.25969, 48.83347 ], [ -115.25974, 48.87676 ], [ -115.25996, 48.88804 ], [ -115.26702, 48.90998 ], [ -115.25276, 48.91196 ], [ -115.25529, 48.92027 ], [ -115.2835, 48.92041 ], [ -115.28349, 48.93486 ], [ -115.30546, 48.93487 ], [ -115.30545, 48.99982 ], [ -114.74408, 49.00044 ] ] ] ] } },
{ "type": "Feature", "properties": { "name": "Mount Hood Forest Health and Fire-Resilient Communities", "state": "Oregon", "region": "06", "project_id": "NPL016", "investment_year": 2023, "acres": 1056917, "edited": "2023-01-18" }, "geometry": { "type": "Polygon", "coordinates": [ [ [ -121.50182, 45.71828 ], [ -121.43116, 45.68338 ], [ -121.39463, 45.6906 ], [ -121.36876, 45.69952 ], [ -121.29025, 45.68593 ], [ -121.22711, 45.65689 ], [ -121.21483, 45.64608 ], [ -121.20654, 45.6223 ], [ -121.19054, 45.6011 ], [ -121.16118, 45.59763 ], [ -121.12716, 45.60049 ], [ -121.05948, 45.6517 ], [ -121.04611, 45.65423 ], [ -121.03529, 45.62607 ], [ -121.04865, 45.62354 ], [ -121.03423, 45.586 ], [ -121.04759, 45.58347 ], [ -121.04038, 45.56471 ], [ -121.06709, 45.55964 ], [ -121.06348, 45.55026 ], [ -121.07683, 45.54772 ], [ -121.06962, 45.52896 ], [ -121.08297, 45.52643 ], [ -121.06855, 45.4889 ], [ -121.08189, 45.48637 ], [ -121.07468, 45.46761 ], [ -121.08802, 45.46507 ], [ -121.08441, 45.45569 ], [ -121.11107, 45.45062 ], [ -121.10386, 45.43186 ], [ -121.11719, 45.42932 ], [ -121.10637, 45.40119 ], [ -121.11969, 45.39865 ], [ -121.10888, 45.37052 ], [ -121.12219, 45.36798 ], [ -121.11859, 45.35861 ], [ -121.14521, 45.35353 ], [ -121.1416, 45.34415 ], [ -121.15491, 45.34161 ], [ -121.12969, 45.27599 ], [ -121.1164, 45.27853 ], [ -121.1128, 45.26915 ], [ -121.09951, 45.27169 ], [ -121.09591, 45.26231 ], [ -121.08262, 45.26485 ], [ -121.07903, 45.25547 ], [ -121.06574, 45.258 ], [ -121.06215, 45.24863 ], [ -121.04886, 45.25116 ], [ -121.04527, 45.24178 ], [ -121.03198, 45.24431 ], [ -121.02481, 45.22556 ], [ -121.0381, 45.22303 ], [ -121.03093, 45.20428 ], [ -121.04422, 45.20175 ], [ -121.04063, 45.19238 ], [ -121.05391, 45.18985 ], [ -121.05033, 45.18047 ], [ -121.06361, 45.17794 ], [ -121.05644, 45.1592 ], [ -121.06971, 45.15667 ], [ -121.0733, 45.16604 ], [ -121.15292, 45.15082 ], [ -121.14932, 45.14145 ], [ -121.20238, 45.13128 ], [ -121.20598, 45.14065 ], [ -121.25903, 45.13046 ], [ -121.26264, 45.13983 ], [ -121.28916, 45.13473 ], [ -121.28555, 45.12536 ], [ -121.2988, 45.12281 ], [ -121.29519, 45.11344 ], [ -121.3482, 45.10322 ], [ -121.35182, 45.11258 ], [ -121.37832, 45.10746 ], [ -121.38195, 45.11682 ], [ -121.4217, 45.10913 ], [ -121.41838, 45.09971 ], [ -121.3999, 45.09962 ], [ -121.39965, 45.08966 ], [ -121.43411, 45.09666 ], [ -121.44456, 45.09463 ], [ -121.44093, 45.08527 ], [ -121.45417, 45.0827 ], [ -121.45781, 45.09207 ], [ -121.4843, 45.08692 ], [ -121.48793, 45.09628 ], [ -121.51442, 45.09114 ], [ -121.51806, 45.1005 ], [ -121.53131, 45.09792 ], [ -121.53495, 45.10728 ], [ -121.5482, 45.1047 ], [ -121.54455, 45.09534 ], [ -121.55779, 45.09276 ], [ -121.55049, 45.07405 ], [ -121.56373, 45.07147 ], [ -121.56008, 45.06211 ], [ -121.57332, 45.05953 ], [ -121.57697, 45.06889 ], [ -121.5902, 45.06631 ], [ -121.59385, 45.07566 ], [ -121.60709, 45.07308 ], [ -121.61075, 45.08244 ], [ -121.63722, 45.07727 ], [ -121.64088, 45.08662 ], [ -121.65411, 45.08403 ], [ -121.64679, 45.06532 ], [ -121.66002, 45.06273 ], [ -121.65636, 45.05338 ], [ -121.66959, 45.05079 ], [ -121.66593, 45.04143 ], [ -121.69238, 45.03625 ], [ -121.69604, 45.04561 ], [ -121.70927, 45.04301 ], [ -121.71294, 45.05237 ], [ -121.72616, 45.04977 ], [ -121.72983, 45.05912 ], [ -121.73577, 45.05796 ], [ -121.72939, 45.10222 ], [ -121.73173, 45.10603 ], [ -121.75119, 45.101 ], [ -121.76526, 45.11108 ], [ -121.78919, 45.10624 ], [ -121.81423, 45.11697 ], [ -121.81765, 45.13081 ], [ -121.81033, 45.13006 ], [ -121.81183, 45.1412 ], [ -121.81638, 45.14613 ], [ -121.81447, 45.1613 ], [ -121.82396, 45.16046 ], [ -121.83154, 45.15192 ], [ -121.83858, 45.16071 ], [ -121.85214, 45.15149 ], [ -121.88481, 45.15624 ], [ -121.89367, 45.15403 ], [ -121.89448, 45.16122 ], [ -121.89714, 45.1617 ], [ -121.89468, 45.1653 ], [ -121.89529, 45.18024 ], [ -121.90073, 45.19023 ], [ -121.91217, 45.1986 ], [ -121.94923, 45.20762 ], [ -121.9573, 45.21234 ], [ -121.98281, 45.21151 ], [ -121.99688, 45.21851 ], [ -121.99556, 45.22385 ], [ -121.99828, 45.22899 ], [ -122.03936, 45.23623 ], [ -122.05209, 45.24848 ], [ -122.06409, 45.25271 ], [ -122.06436, 45.25838 ], [ -122.07117, 45.26235 ], [ -122.07061, 45.26771 ], [ -122.09042, 45.27746 ], [ -122.09674, 45.28617 ], [ -122.09664, 45.29852 ], [ -122.12741, 45.29796 ], [ -122.12728, 45.34476 ], [ -122.19908, 45.42344 ], [ -122.20903, 45.42522 ], [ -122.20913, 45.43259 ], [ -122.16815, 45.43218 ], [ -122.16718, 45.4758 ], [ -122.13024, 45.4752 ], [ -122.12639, 45.48424 ], [ -122.12632, 45.49515 ], [ -122.08846, 45.5139 ], [ -122.09357, 45.51887 ], [ -122.09354, 45.52734 ], [ -122.08019, 45.52854 ], [ -122.06391, 45.5368 ], [ -122.05339, 45.53732 ], [ -122.05328, 45.55047 ], [ -122.03269, 45.55053 ], [ -122.03263, 45.56126 ], [ -122.02223, 45.56125 ], [ -122.02219, 45.57563 ], [ -121.95844, 45.576 ], [ -121.9584, 45.54704 ], [ -121.90684, 45.54704 ], [ -121.90681, 45.53256 ], [ -121.89658, 45.53256 ], [ -121.89658, 45.51864 ], [ -121.86465, 45.51925 ], [ -121.84977, 45.52241 ], [ -121.83571, 45.5306 ], [ -121.7866, 45.54338 ], [ -121.76459, 45.54131 ], [ -121.60218, 45.57141 ], [ -121.61559, 45.60552 ], [ -121.60225, 45.6081 ], [ -121.60962, 45.62684 ], [ -121.59627, 45.62943 ], [ -121.59996, 45.6388 ], [ -121.5065, 45.65688 ], [ -121.51017, 45.66625 ], [ -121.49682, 45.66883 ], [ -121.51519, 45.7157 ], [ -121.50182, 45.71828 ] ] ] } },
{ "type": "Feature", "properties": { "name": "Nez Perce-Clearwater-Lower Salmon", "state": "Idaho", "region": "01", "project_id": "NPL017", "investment_year": 2023, "acres": 1948651, "edited": "2023-01-18" }, "geometry": { "type": "Polygon", "coordinates": [ [ [ -115.62653, 46.58025 ], [ -115.62365, 46.57071 ], [ -115.60991, 46.57271 ], [ -115.60703, 46.56317 ], [ -115.59329, 46.56516 ], [ -115.58467, 46.53654 ], [ -115.5984, 46.53455 ], [ -115.58692, 46.49639 ], [ -115.57318, 46.49839 ], [ -115.57032, 46.48885 ], [ -115.54286, 46.49283 ], [ -115.53999, 46.48329 ], [ -115.51253, 46.48727 ], [ -115.50967, 46.47773 ], [ -115.46849, 46.48368 ], [ -115.47134, 46.49322 ], [ -115.45761, 46.4952 ], [ -115.46046, 46.50475 ], [ -115.41925, 46.51068 ], [ -115.4164, 46.50114 ], [ -115.38893, 46.50509 ], [ -115.38608, 46.49555 ], [ -115.35861, 46.4995 ], [ -115.33593, 46.42316 ], [ -115.32221, 46.42513 ], [ -115.31938, 46.41559 ], [ -115.29194, 46.41952 ], [ -115.28911, 46.40998 ], [ -115.27539, 46.41194 ], [ -115.25566, 46.34515 ], [ -115.24195, 46.34711 ], [ -115.23914, 46.33757 ], [ -115.19801, 46.34344 ], [ -115.1952, 46.33389 ], [ -115.18149, 46.33585 ], [ -115.15908, 46.25952 ], [ -115.18646, 46.25562 ], [ -115.18366, 46.24608 ], [ -115.21104, 46.24217 ], [ -115.20824, 46.23263 ], [ -115.23561, 46.22872 ], [ -115.23842, 46.23826 ], [ -115.26579, 46.23434 ], [ -115.2686, 46.24388 ], [ -115.30966, 46.23799 ], [ -115.30684, 46.22845 ], [ -115.33421, 46.22452 ], [ -115.33138, 46.21498 ], [ -115.35874, 46.21105 ], [ -115.3418, 46.15384 ], [ -115.35547, 46.15187 ], [ -115.35265, 46.14234 ], [ -115.36631, 46.14037 ], [ -115.36349, 46.13084 ], [ -115.37715, 46.12887 ], [ -115.37432, 46.11934 ], [ -115.38798, 46.11736 ], [ -115.37104, 46.06018 ], [ -115.38469, 46.05821 ], [ -115.38187, 46.04868 ], [ -115.39551, 46.04671 ], [ -115.39269, 46.03718 ], [ -115.40633, 46.0352 ], [ -115.40068, 46.01615 ], [ -115.41431, 46.01417 ], [ -115.40584, 45.98559 ], [ -115.39221, 45.98756 ], [ -115.38657, 45.9685 ], [ -115.37295, 45.97047 ], [ -115.37013, 45.96095 ], [ -115.34287, 45.96488 ], [ -115.34006, 45.95535 ], [ -115.27192, 45.96517 ], [ -115.26912, 45.95564 ], [ -115.25549, 45.9576 ], [ -115.25269, 45.94807 ], [ -115.23907, 45.95002 ], [ -115.23627, 45.94049 ], [ -115.22264, 45.94245 ], [ -115.21147, 45.90433 ], [ -115.19785, 45.90628 ], [ -115.19228, 45.88722 ], [ -115.16504, 45.89112 ], [ -115.16226, 45.88159 ], [ -115.14864, 45.88354 ], [ -115.14586, 45.87401 ], [ -115.11863, 45.8779 ], [ -115.09921, 45.81119 ], [ -115.11281, 45.80925 ], [ -115.11004, 45.79972 ], [ -115.13724, 45.79583 ], [ -115.13446, 45.7863 ], [ -115.14806, 45.78435 ], [ -115.12587, 45.70814 ], [ -115.13945, 45.70619 ], [ -115.13668, 45.69667 ], [ -115.15022, 45.69459 ], [ -115.14748, 45.6852 ], [ -115.16106, 45.68325 ], [ -115.13889, 45.60706 ], [ -115.15245, 45.60511 ], [ -115.14968, 45.59559 ], [ -115.16323, 45.59364 ], [ -115.16046, 45.58412 ], [ -115.18757, 45.58022 ], [ -115.18562, 45.56719 ], [ -115.21568, 45.56949 ], [ -115.22663, 45.55851 ], [ -115.23922, 45.55544 ], [ -115.25388, 45.53944 ], [ -115.26688, 45.53955 ], [ -115.27618, 45.53344 ], [ -115.29568, 45.53547 ], [ -115.32202, 45.51821 ], [ -115.32559, 45.50012 ], [ -115.33425, 45.49394 ], [ -115.33523, 45.48557 ], [ -115.34981, 45.48338 ], [ -115.34917, 45.47878 ], [ -115.35466, 45.47523 ], [ -115.37786, 45.4708 ], [ -115.38649, 45.47682 ], [ -115.39954, 45.46672 ], [ -115.42773, 45.45769 ], [ -115.44319, 45.44042 ], [ -115.45754, 45.43361 ], [ -115.46296, 45.41852 ], [ -115.47884, 45.40847 ], [ -115.47743, 45.39996 ], [ -115.49122, 45.39429 ], [ -115.49615, 45.38724 ], [ -115.50561, 45.38342 ], [ -115.50906, 45.37564 ], [ -115.52768, 45.38466 ], [ -115.55804, 45.38511 ], [ -115.59594, 45.39813 ], [ -115.60288, 45.39474 ], [ -115.61319, 45.39698 ], [ -115.66743, 45.43439 ], [ -115.67995, 45.43532 ], [ -115.69625, 45.44323 ], [ -115.75398, 45.44467 ], [ -115.78076, 45.46128 ], [ -115.8014, 45.46802 ], [ -115.835, 45.46646 ], [ -115.87332, 45.45901 ], [ -115.92919, 45.45989 ], [ -115.94882, 45.45304 ], [ -115.98147, 45.43295 ], [ -115.99328, 45.42905 ], [ -116.05502, 45.42244 ], [ -116.07512, 45.41492 ], [ -116.09191, 45.40389 ], [ -116.11062, 45.40157 ], [ -116.12291, 45.4031 ], [ -116.12694, 45.40659 ], [ -116.13114, 45.42301 ], [ -116.14312, 45.42754 ], [ -116.15032, 45.4265 ], [ -116.16466, 45.41726 ], [ -116.18003, 45.41608 ], [ -116.19476, 45.40381 ], [ -116.20993, 45.39906 ], [ -116.23785, 45.40477 ], [ -116.26347, 45.42003 ], [ -116.29059, 45.42216 ], [ -116.29914, 45.41961 ], [ -116.30561, 45.41172 ], [ -116.31508, 45.41269 ], [ -116.31466, 45.41772 ], [ -116.32592, 45.41297 ], [ -116.33484, 45.4035 ], [ -116.33144, 45.39781 ], [ -116.34841, 45.38992 ], [ -116.35035, 45.37956 ], [ -116.35823, 45.37003 ], [ -116.36122, 45.35723 ], [ -116.34949, 45.34158 ], [ -116.34759, 45.32964 ], [ -116.3498, 45.32074 ], [ -116.36261, 45.30974 ], [ -116.36253, 45.30605 ], [ -116.35851, 45.30009 ], [ -116.35769, 45.28816 ], [ -116.34634, 45.28093 ], [ -116.34896, 45.27136 ], [ -116.34289, 45.26785 ], [ -116.53189, 45.26792 ], [ -116.53622, 45.27153 ], [ -116.53621, 45.27903 ], [ -116.54206, 45.28244 ], [ -116.53602, 45.28609 ], [ -116.54104, 45.28693 ], [ -116.54103, 45.29004 ], [ -116.5353, 45.29506 ], [ -116.52518, 45.29424 ], [ -116.51968, 45.29929 ], [ -116.52598, 45.30174 ], [ -116.52478, 45.30659 ], [ -116.51385, 45.30853 ], [ -116.51304, 45.31288 ], [ -116.49981, 45.3207 ], [ -116.5011, 45.32552 ], [ -116.49621, 45.32619 ], [ -116.49782, 45.33141 ], [ -116.49515, 45.33673 ], [ -116.50342, 45.33974 ], [ -116.49969, 45.34299 ], [ -116.50873, 45.34853 ], [ -116.50285, 45.35273 ], [ -116.49452, 45.36849 ], [ -116.49667, 45.37061 ], [ -116.48152, 45.38887 ], [ -116.47967, 45.4107 ], [ -116.48205, 45.41551 ], [ -116.47703, 45.43227 ], [ -116.47094, 45.43597 ], [ -116.47405, 45.44218 ], [ -116.46034, 45.46316 ], [ -116.44142, 45.47018 ], [ -116.44411, 45.49292 ], [ -116.45118, 45.50101 ], [ -116.42621, 45.50739 ], [ -116.4183, 45.52364 ], [ -116.42282, 45.53088 ], [ -116.41242, 45.53981 ], [ -116.40821, 45.55576 ], [ -116.40343, 45.55977 ], [ -116.39388, 45.56028 ], [ -116.38587, 45.57417 ], [ -116.37882, 45.57963 ], [ -116.38481, 45.58757 ], [ -116.39061, 45.60711 ], [ -116.38688, 45.61377 ], [ -116.37878, 45.61856 ], [ -116.38597, 45.62831 ], [ -116.38612, 45.63905 ], [ -116.38101, 45.64222 ], [ -116.38714, 45.64537 ], [ -116.38816, 45.65527 ], [ -116.39833, 45.67455 ], [ -116.40806, 45.67786 ], [ -116.42794, 45.69296 ], [ -116.42368, 45.70942 ], [ -116.40394, 45.71789 ], [ -116.39795, 45.7259 ], [ -116.39472, 45.74192 ], [ -116.38997, 45.74263 ], [ -116.38687, 45.75001 ], [ -116.38433, 45.76433 ], [ -116.32196, 45.75163 ], [ -116.31662, 45.74684 ], [ -116.31245, 45.75176 ], [ -116.30684, 45.7512 ], [ -116.30637, 45.76027 ], [ -116.29809, 45.77255 ], [ -116.29853, 45.78107 ], [ -116.29298, 45.78498 ], [ -116.28695, 45.80319 ], [ -116.27348, 45.81871 ], [ -116.24062, 45.83333 ], [ -116.23634, 45.84165 ], [ -116.23954, 45.84755 ], [ -116.23547, 45.87207 ], [ -116.18874, 45.89413 ], [ -116.15963, 45.91392 ], [ -116.15156, 45.92409 ], [ -116.1307, 45.92679 ], [ -116.11254, 45.92433 ], [ -116.11743, 45.94027 ], [ -116.10383, 45.94231 ], [ -116.10968, 45.96133 ], [ -116.09607, 45.96338 ], [ -116.10191, 45.9824 ], [ -116.0883, 45.98444 ], [ -116.09415, 46.00347 ], [ -116.08053, 46.00551 ], [ -116.08345, 46.01503 ], [ -116.00175, 46.02725 ], [ -115.99884, 46.01773 ], [ -115.98522, 46.01977 ], [ -115.98812, 46.02928 ], [ -115.9745, 46.03131 ], [ -115.97741, 46.04083 ], [ -115.95016, 46.04489 ], [ -115.94726, 46.03537 ], [ -115.92001, 46.03942 ], [ -115.91711, 46.02991 ], [ -115.88986, 46.03395 ], [ -115.88697, 46.02443 ], [ -115.84321, 46.03092 ], [ -115.8432, 46.07228 ], [ -115.78075, 46.07191 ], [ -115.77911, 46.50889 ], [ -115.73353, 46.50883 ], [ -115.73353, 46.51312 ], [ -115.72314, 46.52404 ], [ -115.72314, 46.52767 ], [ -115.70845, 46.53782 ], [ -115.64977, 46.53782 ], [ -115.6498, 46.57841 ], [ -115.62653, 46.58025 ] ], [ [ -116.3303, 45.41236 ], [ -116.32899, 45.40992 ], [ -116.32757, 45.41236 ], [ -116.3303, 45.41236 ] ] ] } },
{ "type": "Feature", "properties": { "name": "North Yuba", "state": "California", "region": "05", "project_id": "NPL029", "investment_year": 2022, "acres": 276781, "edited": "2023-12-08" }, "geometry": { "type": "Polygon", "coordinates": [ [ [ -121.08321, 39.39074 ], [ -121.08725, 39.38964 ], [ -121.08725, 39.38405 ], [ -121.09347, 39.38299 ], [ -121.09, 39.37913 ], [ -121.0968, 39.37608 ], [ -121.09612, 39.38225 ], [ -121.10568, 39.38172 ], [ -121.10568, 39.37486 ], [ -121.14391, 39.37064 ], [ -121.14596, 39.37539 ], [ -121.13845, 39.37803 ], [ -121.14391, 39.39122 ], [ -121.1364, 39.39386 ], [ -121.14528, 39.4081 ], [ -121.14323, 39.41232 ], [ -121.13367, 39.40863 ], [ -121.13162, 39.40177 ], [ -121.13367, 39.41918 ], [ -121.13094, 39.41918 ], [ -121.13094, 39.42656 ], [ -121.13435, 39.42656 ], [ -121.13435, 39.4408 ], [ -121.13094, 39.4408 ], [ -121.13026, 39.45082 ], [ -121.13435, 39.45134 ], [ -121.13435, 39.45556 ], [ -121.12957, 39.45556 ], [ -121.13026, 39.46294 ], [ -121.13909, 39.46294 ], [ -121.13982, 39.47032 ], [ -121.14869, 39.47032 ], [ -121.14869, 39.46294 ], [ -121.13913, 39.46294 ], [ -121.13913, 39.45556 ], [ -121.15757, 39.45503 ], [ -121.15483, 39.46188 ], [ -121.15757, 39.46241 ], [ -121.15688, 39.46874 ], [ -121.16166, 39.47032 ], [ -121.16234, 39.47559 ], [ -121.14686, 39.47703 ], [ -121.1448, 39.48825 ], [ -121.13835, 39.49035 ], [ -121.13685, 39.49877 ], [ -121.12839, 39.50182 ], [ -121.13124, 39.50899 ], [ -121.12739, 39.5213 ], [ -121.1013, 39.52974 ], [ -121.09562, 39.52926 ], [ -121.09578, 39.52526 ], [ -121.09188, 39.52546 ], [ -121.08947, 39.51953 ], [ -121.07168, 39.51865 ], [ -121.05359, 39.52246 ], [ -121.05118, 39.52452 ], [ -121.05784, 39.53909 ], [ -121.05132, 39.54208 ], [ -121.04831, 39.54826 ], [ -121.03907, 39.5503 ], [ -121.02988, 39.5593 ], [ -121.01502, 39.56369 ], [ -121.00144, 39.57394 ], [ -120.99765, 39.58087 ], [ -120.98522, 39.58081 ], [ -120.96966, 39.5918 ], [ -120.96814, 39.60053 ], [ -120.95372, 39.60762 ], [ -120.94616, 39.61706 ], [ -120.94799, 39.62391 ], [ -120.94407, 39.62708 ], [ -120.94552, 39.63118 ], [ -120.92556, 39.64073 ], [ -120.91513, 39.66543 ], [ -120.90088, 39.67549 ], [ -120.89173, 39.67731 ], [ -120.89224, 39.68063 ], [ -120.88646, 39.68419 ], [ -120.87258, 39.69025 ], [ -120.86532, 39.68863 ], [ -120.86665, 39.69239 ], [ -120.87022, 39.69166 ], [ -120.8653, 39.7133 ], [ -120.85465, 39.7176 ], [ -120.85134, 39.74041 ], [ -120.83888, 39.74616 ], [ -120.82871, 39.74682 ], [ -120.82627, 39.742 ], [ -120.81554, 39.74698 ], [ -120.80924, 39.72078 ], [ -120.79475, 39.71839 ], [ -120.79162, 39.71498 ], [ -120.7924, 39.7097 ], [ -120.77229, 39.7132 ], [ -120.77025, 39.71787 ], [ -120.75017, 39.71964 ], [ -120.7345, 39.70828 ], [ -120.71648, 39.70628 ], [ -120.70346, 39.69227 ], [ -120.69542, 39.69185 ], [ -120.68362, 39.68099 ], [ -120.68086, 39.67649 ], [ -120.68367, 39.66582 ], [ -120.67169, 39.6599 ], [ -120.65763, 39.66346 ], [ -120.63359, 39.66386 ], [ -120.63444, 39.66746 ], [ -120.62605, 39.67559 ], [ -120.60474, 39.68943 ], [ -120.58011, 39.68303 ], [ -120.56044, 39.66433 ], [ -120.55266, 39.66243 ], [ -120.54279, 39.66511 ], [ -120.52254, 39.65743 ], [ -120.52028, 39.65071 ], [ -120.4977, 39.64696 ], [ -120.48992, 39.64016 ], [ -120.4932, 39.63518 ], [ -120.49197, 39.63022 ], [ -120.49483, 39.6288 ], [ -120.49174, 39.61711 ], [ -120.49388, 39.61145 ], [ -120.48615, 39.60824 ], [ -120.49243, 39.59252 ], [ -120.47532, 39.58039 ], [ -120.46767, 39.56899 ], [ -120.47104, 39.56399 ], [ -120.45415, 39.55494 ], [ -120.4541, 39.54918 ], [ -120.43858, 39.52878 ], [ -120.4327, 39.52655 ], [ -120.43021, 39.51663 ], [ -120.44222, 39.51208 ], [ -120.43802, 39.49678 ], [ -120.46883, 39.50314 ], [ -120.49052, 39.49981 ], [ -120.54234, 39.50199 ], [ -120.55767, 39.50735 ], [ -120.55985, 39.51472 ], [ -120.59621, 39.52314 ], [ -120.62055, 39.52405 ], [ -120.62639, 39.53363 ], [ -120.64214, 39.53122 ], [ -120.64917, 39.53314 ], [ -120.66177, 39.53265 ], [ -120.7116, 39.50515 ], [ -120.74821, 39.50061 ], [ -120.7625, 39.49256 ], [ -120.77653, 39.49362 ], [ -120.78602, 39.50156 ], [ -120.80306, 39.50024 ], [ -120.8087, 39.50462 ], [ -120.81767, 39.50421 ], [ -120.82543, 39.49362 ], [ -120.85963, 39.47002 ], [ -120.88326, 39.46662 ], [ -120.89497, 39.46068 ], [ -120.92206, 39.4572 ], [ -120.93167, 39.45172 ], [ -120.94071, 39.45472 ], [ -120.9628, 39.44347 ], [ -120.96332, 39.42555 ], [ -120.97213, 39.42186 ], [ -120.97596, 39.42735 ], [ -120.97721, 39.42295 ], [ -120.98195, 39.42201 ], [ -120.98218, 39.41691 ], [ -120.99105, 39.41746 ], [ -120.99402, 39.41368 ], [ -121.00733, 39.40959 ], [ -121.00739, 39.41592 ], [ -121.04027, 39.41038 ], [ -121.04546, 39.41273 ], [ -121.06245, 39.40288 ], [ -121.06325, 39.39859 ], [ -121.08363, 39.39496 ], [ -121.08321, 39.39074 ] ] ] } },
{ "type": "Feature", "properties": { "name": "Pine Valley", "state": "Utah", "region": "04", "project_id": "NPL003", "investment_year": 2023, "acres": 402069, "edited": "2023-01-18" }, "geometry": { "type": "Polygon", "coordinates": [ [ [ -113.43967, 37.6929 ], [ -113.43741, 37.68343 ], [ -113.42526, 37.68519 ], [ -113.42075, 37.66624 ], [ -113.4086, 37.66799 ], [ -113.40634, 37.65852 ], [ -113.39419, 37.66027 ], [ -113.39194, 37.6508 ], [ -113.37979, 37.65255 ], [ -113.36842, 37.66053 ], [ -113.32904, 37.66217 ], [ -113.30324, 37.64817 ], [ -113.28111, 37.64245 ], [ -113.25744, 37.62692 ], [ -113.24884, 37.6099 ], [ -113.22419, 37.59534 ], [ -113.21688, 37.57999 ], [ -113.2058, 37.53486 ], [ -113.23642, 37.42413 ], [ -113.234, 37.41517 ], [ -113.24001, 37.4001 ], [ -113.25016, 37.39168 ], [ -113.28117, 37.39159 ], [ -113.28792, 37.39462 ], [ -113.29215, 37.40452 ], [ -113.29887, 37.40856 ], [ -113.30034, 37.41897 ], [ -113.3087, 37.4259 ], [ -113.31145, 37.43837 ], [ -113.30874, 37.44093 ], [ -113.31407, 37.4438 ], [ -113.31641, 37.45175 ], [ -113.32694, 37.45816 ], [ -113.33433, 37.45592 ], [ -113.33984, 37.46737 ], [ -113.33675, 37.47629 ], [ -113.36296, 37.47844 ], [ -113.38439, 37.4709 ], [ -113.40016, 37.4708 ], [ -113.39858, 37.46588 ], [ -113.40772, 37.46056 ], [ -113.43306, 37.45764 ], [ -113.43971, 37.45415 ], [ -113.44276, 37.44032 ], [ -113.45321, 37.43325 ], [ -113.45049, 37.42457 ], [ -113.4596, 37.4211 ], [ -113.45435, 37.41355 ], [ -113.46105, 37.40745 ], [ -113.45159, 37.39123 ], [ -113.45187, 37.36592 ], [ -113.46412, 37.3613 ], [ -113.46958, 37.36746 ], [ -113.49314, 37.36451 ], [ -113.50303, 37.3695 ], [ -113.51022, 37.3666 ], [ -113.5555, 37.37551 ], [ -113.56163, 37.36878 ], [ -113.55759, 37.35894 ], [ -113.55987, 37.35935 ], [ -113.56057, 37.34859 ], [ -113.54483, 37.34739 ], [ -113.54319, 37.34368 ], [ -113.54866, 37.34117 ], [ -113.54669, 37.33756 ], [ -113.53824, 37.33764 ], [ -113.53666, 37.33105 ], [ -113.53484, 37.33569 ], [ -113.53058, 37.33611 ], [ -113.53013, 37.33173 ], [ -113.52535, 37.33115 ], [ -113.52501, 37.32761 ], [ -113.58867, 37.3183 ], [ -113.58641, 37.30882 ], [ -113.5985, 37.30705 ], [ -113.59624, 37.29758 ], [ -113.64459, 37.29047 ], [ -113.64686, 37.29994 ], [ -113.68312, 37.2946 ], [ -113.6854, 37.30407 ], [ -113.69749, 37.30229 ], [ -113.7066, 37.34017 ], [ -113.69451, 37.34195 ], [ -113.70362, 37.37984 ], [ -113.72782, 37.37626 ], [ -113.73011, 37.38573 ], [ -113.74221, 37.38395 ], [ -113.74449, 37.39342 ], [ -113.75659, 37.39163 ], [ -113.76117, 37.41057 ], [ -113.77327, 37.40877 ], [ -113.78015, 37.43718 ], [ -113.79225, 37.43539 ], [ -113.79684, 37.45432 ], [ -113.80895, 37.45253 ], [ -113.81354, 37.47147 ], [ -113.82566, 37.46967 ], [ -113.82795, 37.47914 ], [ -113.75527, 37.4899 ], [ -113.75756, 37.49937 ], [ -113.73332, 37.50295 ], [ -113.73561, 37.51242 ], [ -113.74773, 37.51063 ], [ -113.75002, 37.5201 ], [ -113.76214, 37.51831 ], [ -113.76443, 37.52778 ], [ -113.77655, 37.52598 ], [ -113.78321, 37.55344 ], [ -113.84703, 37.55314 ], [ -113.85432, 37.55674 ], [ -113.8676, 37.55712 ], [ -113.87316, 37.56135 ], [ -113.87377, 37.56941 ], [ -113.88976, 37.57758 ], [ -113.89272, 37.58294 ], [ -113.90622, 37.58384 ], [ -113.91985, 37.59581 ], [ -113.9273, 37.5964 ], [ -113.93729, 37.60225 ], [ -113.96793, 37.60034 ], [ -113.98875, 37.60641 ], [ -113.99623, 37.61305 ], [ -114.0229, 37.62085 ], [ -114.05228, 37.62488 ], [ -114.05186, 37.66281 ], [ -114.0114, 37.66282 ], [ -114.01133, 37.67735 ], [ -113.93816, 37.67727 ], [ -113.93819, 37.67001 ], [ -113.86459, 37.67017 ], [ -113.86462, 37.66291 ], [ -113.81901, 37.66288 ], [ -113.81904, 37.65565 ], [ -113.81028, 37.65566 ], [ -113.8101, 37.59757 ], [ -113.76607, 37.58638 ], [ -113.71753, 37.59353 ], [ -113.71525, 37.58406 ], [ -113.69098, 37.58763 ], [ -113.68869, 37.57816 ], [ -113.65229, 37.58351 ], [ -113.65457, 37.59298 ], [ -113.6303, 37.59654 ], [ -113.63258, 37.60601 ], [ -113.62044, 37.60778 ], [ -113.63183, 37.65514 ], [ -113.61969, 37.65692 ], [ -113.62424, 37.67586 ], [ -113.59994, 37.67941 ], [ -113.60222, 37.68888 ], [ -113.59007, 37.69066 ], [ -113.58779, 37.68119 ], [ -113.55133, 37.6865 ], [ -113.54906, 37.67703 ], [ -113.53691, 37.6788 ], [ -113.53464, 37.66932 ], [ -113.51034, 37.67286 ], [ -113.5126, 37.68233 ], [ -113.43967, 37.6929 ] ] ] } },
{ "type": "Feature", "properties": { "name": "Plumas Community Protection", "state": "California", "region": "05", "project_id": "NPL011", "investment_year": 2023, "acres": 402654, "edited": "2023-12-08" }, "geometry": { "type": "MultiPolygon", "coordinates": [ [ [ [ -121.19283, 39.86148 ], [ -121.19279, 39.86514 ], [ -121.14548, 39.86509 ], [ -121.14539, 39.86875 ], [ -121.16439, 39.86874 ], [ -121.16445, 39.87236 ], [ -121.18109, 39.87238 ], [ -121.18237, 39.87594 ], [ -121.14552, 39.876 ], [ -121.14571, 39.88624 ], [ -121.15963, 39.88617 ], [ -121.16162, 39.89172 ], [ -121.13702, 39.89676 ], [ -121.15037, 39.93089 ], [ -121.1501, 39.94072 ], [ -121.13468, 39.94481 ], [ -121.10727, 39.97137 ], [ -121.09158, 39.96513 ], [ -121.08587, 39.96686 ], [ -121.08717, 39.97823 ], [ -121.08157, 39.98614 ], [ -121.05657, 39.98497 ], [ -121.03935, 39.99568 ], [ -121.03726, 39.99972 ], [ -121.03966, 40.00176 ], [ -121.01139, 39.99479 ], [ -121.01421, 40.01456 ], [ -121.0049, 40.0204 ], [ -120.99493, 40.01619 ], [ -120.99355, 40.02172 ], [ -120.98005, 40.02755 ], [ -120.97667, 40.02101 ], [ -120.96558, 40.02135 ], [ -120.96312, 40.02421 ], [ -120.95983, 40.02085 ], [ -120.95886, 40.0171 ], [ -120.96544, 40.01136 ], [ -120.96488, 40.00807 ], [ -120.94347, 40.00744 ], [ -120.94431, 40.00422 ], [ -120.93902, 39.99932 ], [ -120.93392, 40.00171 ], [ -120.92359, 39.99859 ], [ -120.91639, 39.99107 ], [ -120.90555, 39.99112 ], [ -120.90267, 39.98492 ], [ -120.89847, 39.98498 ], [ -120.90548, 39.98271 ], [ -120.90292, 39.9775 ], [ -120.887, 39.97769 ], [ -120.88333, 39.97229 ], [ -120.87857, 39.97231 ], [ -120.87906, 39.97559 ], [ -120.86725, 39.97375 ], [ -120.85778, 39.97697 ], [ -120.8502, 39.97032 ], [ -120.84455, 39.96962 ], [ -120.84594, 39.9646 ], [ -120.83035, 39.95806 ], [ -120.83648, 39.95787 ], [ -120.83633, 39.95138 ], [ -120.82677, 39.95143 ], [ -120.82553, 39.95566 ], [ -120.80263, 39.93812 ], [ -120.73989, 39.93811 ], [ -120.72089, 39.9161 ], [ -120.71277, 39.91201 ], [ -120.69951, 39.91193 ], [ -120.70061, 39.90903 ], [ -120.69283, 39.89978 ], [ -120.69189, 39.89229 ], [ -120.67896, 39.89093 ], [ -120.67902, 39.88012 ], [ -120.67437, 39.88013 ], [ -120.67439, 39.87284 ], [ -120.6652, 39.87286 ], [ -120.65569, 39.86555 ], [ -120.64611, 39.86551 ], [ -120.64629, 39.85097 ], [ -120.62679, 39.85065 ], [ -120.60835, 39.83334 ], [ -120.60019, 39.83251 ], [ -120.59457, 39.83777 ], [ -120.58491, 39.83589 ], [ -120.56808, 39.82648 ], [ -120.54938, 39.82657 ], [ -120.53269, 39.83932 ], [ -120.52577, 39.85991 ], [ -120.51557, 39.8746 ], [ -120.48183, 39.89937 ], [ -120.45969, 39.90347 ], [ -120.42061, 39.89819 ], [ -120.41898, 39.88514 ], [ -120.40608, 39.8747 ], [ -120.40332, 39.86472 ], [ -120.38465, 39.85715 ], [ -120.38976, 39.8209 ], [ -120.38013, 39.819 ], [ -120.38009, 39.81356 ], [ -120.39399, 39.81442 ], [ -120.39407, 39.803 ], [ -120.39876, 39.80304 ], [ -120.39704, 39.7935 ], [ -120.39988, 39.78747 ], [ -120.41897, 39.78183 ], [ -120.43476, 39.76988 ], [ -120.44948, 39.76624 ], [ -120.45231, 39.76127 ], [ -120.45975, 39.75982 ], [ -120.47157, 39.7635 ], [ -120.49545, 39.75056 ], [ -120.50058, 39.74175 ], [ -120.49002, 39.72257 ], [ -120.4943, 39.71515 ], [ -120.50376, 39.71146 ], [ -120.50375, 39.7079 ], [ -120.49904, 39.70793 ], [ -120.49904, 39.70436 ], [ -120.48756, 39.70432 ], [ -120.48947, 39.69213 ], [ -120.48052, 39.68957 ], [ -120.47833, 39.68527 ], [ -120.51613, 39.66831 ], [ -120.52335, 39.67052 ], [ -120.53189, 39.67869 ], [ -120.54958, 39.67939 ], [ -120.5493, 39.6874 ], [ -120.56963, 39.69326 ], [ -120.56959, 39.70046 ], [ -120.57655, 39.69322 ], [ -120.59524, 39.69827 ], [ -120.59584, 39.70255 ], [ -120.60506, 39.70257 ], [ -120.61376, 39.70848 ], [ -120.61722, 39.71897 ], [ -120.63063, 39.73343 ], [ -120.66128, 39.73001 ], [ -120.67246, 39.73483 ], [ -120.68197, 39.73348 ], [ -120.69268, 39.73703 ], [ -120.70244, 39.77752 ], [ -120.72131, 39.7775 ], [ -120.7213, 39.7739 ], [ -120.73372, 39.77182 ], [ -120.74008, 39.77357 ], [ -120.74332, 39.78472 ], [ -120.76299, 39.79712 ], [ -120.76762, 39.81049 ], [ -120.78262, 39.81946 ], [ -120.77906, 39.82405 ], [ -120.78732, 39.83184 ], [ -120.78915, 39.83831 ], [ -120.80356, 39.84226 ], [ -120.81354, 39.84093 ], [ -120.81642, 39.84677 ], [ -120.83107, 39.84568 ], [ -120.8382, 39.85199 ], [ -120.84651, 39.84971 ], [ -120.86013, 39.85637 ], [ -120.85382, 39.84978 ], [ -120.85597, 39.84675 ], [ -120.85276, 39.84005 ], [ -120.85779, 39.84653 ], [ -120.85567, 39.8502 ], [ -120.86027, 39.85061 ], [ -120.86626, 39.85838 ], [ -120.87859, 39.85103 ], [ -120.89037, 39.84874 ], [ -120.91205, 39.85529 ], [ -120.92057, 39.84846 ], [ -120.92854, 39.84783 ], [ -120.95035, 39.84967 ], [ -120.95333, 39.85345 ], [ -120.96059, 39.84696 ], [ -120.96894, 39.84715 ], [ -120.96909, 39.84343 ], [ -120.98956, 39.83582 ], [ -120.99111, 39.82994 ], [ -121.00077, 39.82982 ], [ -121.00219, 39.82532 ], [ -121.00978, 39.82154 ], [ -121.00947, 39.81802 ], [ -121.02353, 39.8213 ], [ -121.03641, 39.81573 ], [ -121.03692, 39.81222 ], [ -121.04208, 39.81348 ], [ -121.04391, 39.80883 ], [ -121.05457, 39.80333 ], [ -121.0617, 39.80543 ], [ -121.0664, 39.80272 ], [ -121.09725, 39.81185 ], [ -121.10015, 39.82019 ], [ -121.11093, 39.82432 ], [ -121.11852, 39.84375 ], [ -121.13382, 39.85245 ], [ -121.13141, 39.85771 ], [ -121.13658, 39.85306 ], [ -121.14914, 39.85127 ], [ -121.16729, 39.85735 ], [ -121.201, 39.86142 ], [ -121.19283, 39.86148 ] ] ], [ [ [ -121.20365, 39.55595 ], [ -121.20358, 39.57058 ], [ -121.19432, 39.57038 ], [ -121.19425, 39.57774 ], [ -121.17601, 39.57746 ], [ -121.17581, 39.58845 ], [ -121.17559, 39.58376 ], [ -121.17346, 39.58842 ], [ -121.16675, 39.58832 ], [ -121.166, 39.60714 ], [ -121.1609, 39.61499 ], [ -121.15619, 39.61502 ], [ -121.15629, 39.62827 ], [ -121.13705, 39.6285 ], [ -121.13654, 39.64838 ], [ -121.12792, 39.66371 ], [ -121.12774, 39.6538 ], [ -121.11854, 39.65382 ], [ -121.11861, 39.66469 ], [ -121.11385, 39.66471 ], [ -121.11389, 39.67198 ], [ -121.11867, 39.67312 ], [ -121.11386, 39.67556 ], [ -121.11382, 39.67914 ], [ -121.09931, 39.68616 ], [ -121.0951, 39.69375 ], [ -121.09056, 39.6938 ], [ -121.0904, 39.69006 ], [ -121.06924, 39.70983 ], [ -121.06021, 39.72313 ], [ -121.02675, 39.73788 ], [ -121.02418, 39.74039 ], [ -121.03158, 39.74638 ], [ -121.03064, 39.75188 ], [ -121.01359, 39.75594 ], [ -121.00701, 39.76935 ], [ -120.99754, 39.77198 ], [ -120.98977, 39.76869 ], [ -120.98973, 39.76043 ], [ -120.97084, 39.76056 ], [ -120.97036, 39.76866 ], [ -120.95681, 39.77192 ], [ -120.94727, 39.77845 ], [ -120.94726, 39.77513 ], [ -120.95184, 39.77513 ], [ -120.95181, 39.76404 ], [ -120.95655, 39.76404 ], [ -120.9566, 39.75392 ], [ -120.94722, 39.7567 ], [ -120.94718, 39.76032 ], [ -120.94255, 39.76029 ], [ -120.94259, 39.764 ], [ -120.93797, 39.76398 ], [ -120.93809, 39.77512 ], [ -120.93351, 39.77511 ], [ -120.93361, 39.78107 ], [ -120.91955, 39.78442 ], [ -120.90739, 39.78076 ], [ -120.89225, 39.78162 ], [ -120.89197, 39.77919 ], [ -120.88062, 39.78775 ], [ -120.86898, 39.78311 ], [ -120.87056, 39.77574 ], [ -120.85952, 39.77014 ], [ -120.8546, 39.75993 ], [ -120.8443, 39.75599 ], [ -120.84474, 39.75203 ], [ -120.83768, 39.74567 ], [ -120.85134, 39.74041 ], [ -120.85465, 39.7176 ], [ -120.8653, 39.7133 ], [ -120.87022, 39.69166 ], [ -120.86665, 39.69239 ], [ -120.86532, 39.68863 ], [ -120.87258, 39.69025 ], [ -120.88646, 39.68419 ], [ -120.89224, 39.68063 ], [ -120.89173, 39.67731 ], [ -120.90088, 39.67549 ], [ -120.91513, 39.66543 ], [ -120.92556, 39.64073 ], [ -120.94552, 39.63118 ], [ -120.94395, 39.62758 ], [ -120.94784, 39.62473 ], [ -120.94563, 39.62049 ], [ -120.94906, 39.61305 ], [ -120.95891, 39.60384 ], [ -120.96814, 39.60053 ], [ -120.96897, 39.5925 ], [ -120.97706, 39.58867 ], [ -120.98102, 39.5827 ], [ -120.99765, 39.58087 ], [ -121.00144, 39.57394 ], [ -121.01502, 39.56369 ], [ -121.02988, 39.5593 ], [ -121.03907, 39.5503 ], [ -121.04859, 39.54801 ], [ -121.05821, 39.53704 ], [ -121.05164, 39.52334 ], [ -121.07923, 39.51888 ], [ -121.09011, 39.51973 ], [ -121.09612, 39.52956 ], [ -121.10336, 39.52938 ], [ -121.10704, 39.52584 ], [ -121.11654, 39.5264 ], [ -121.13033, 39.51816 ], [ -121.12863, 39.51262 ], [ -121.13125, 39.50767 ], [ -121.12811, 39.50248 ], [ -121.13685, 39.49877 ], [ -121.13835, 39.49035 ], [ -121.1448, 39.48825 ], [ -121.14698, 39.4769 ], [ -121.16653, 39.47499 ], [ -121.16673, 39.47768 ], [ -121.14877, 39.47736 ], [ -121.15339, 39.4841 ], [ -121.15321, 39.49097 ], [ -121.14871, 39.49094 ], [ -121.14879, 39.51591 ], [ -121.15342, 39.51588 ], [ -121.15362, 39.52663 ], [ -121.14883, 39.52677 ], [ -121.14952, 39.55537 ], [ -121.17635, 39.55559 ], [ -121.17624, 39.56285 ], [ -121.1851, 39.56294 ], [ -121.18515, 39.5557 ], [ -121.20365, 39.55595 ] ] ], [ [ [ -120.52807, 40.2475 ], [ -120.52325, 40.23955 ], [ -120.51773, 40.23725 ], [ -120.51619, 40.24457 ], [ -120.50352, 40.23948 ], [ -120.496, 40.22448 ], [ -120.49005, 40.22041 ], [ -120.49632, 40.21555 ], [ -120.49462, 40.20931 ], [ -120.50238, 40.20433 ], [ -120.51781, 40.20131 ], [ -120.51454, 40.19199 ], [ -120.55166, 40.1846 ], [ -120.55493, 40.19392 ], [ -120.5673, 40.19146 ], [ -120.57184, 40.21147 ], [ -120.57045, 40.21578 ], [ -120.567, 40.21647 ], [ -120.56955, 40.21842 ], [ -120.5672, 40.22414 ], [ -120.56122, 40.22309 ], [ -120.5611, 40.22784 ], [ -120.55434, 40.22679 ], [ -120.55208, 40.23392 ], [ -120.55497, 40.2369 ], [ -120.54917, 40.23839 ], [ -120.54819, 40.24559 ], [ -120.539, 40.249 ], [ -120.52807, 40.2475 ] ] ], [ [ [ -121.21335, 39.5197 ], [ -121.20369, 39.5201 ], [ -121.20371, 39.52704 ], [ -121.19906, 39.52696 ], [ -121.19904, 39.51627 ], [ -121.20371, 39.5163 ], [ -121.20373, 39.5125 ], [ -121.18496, 39.51246 ], [ -121.18555, 39.48381 ], [ -121.17637, 39.48387 ], [ -121.17545, 39.46949 ], [ -121.15954, 39.46999 ], [ -121.16619, 39.46873 ], [ -121.16708, 39.45518 ], [ -121.16248, 39.45524 ], [ -121.16241, 39.45125 ], [ -121.15778, 39.45128 ], [ -121.15769, 39.4477 ], [ -121.15074, 39.44773 ], [ -121.14854, 39.45134 ], [ -121.14821, 39.44063 ], [ -121.16683, 39.44042 ], [ -121.167, 39.44765 ], [ -121.18529, 39.44747 ], [ -121.18519, 39.45491 ], [ -121.21309, 39.45438 ], [ -121.21314, 39.46164 ], [ -121.22244, 39.46145 ], [ -121.22253, 39.46875 ], [ -121.24059, 39.46497 ], [ -121.24063, 39.47588 ], [ -121.23173, 39.47594 ], [ -121.23181, 39.47954 ], [ -121.22734, 39.47954 ], [ -121.22744, 39.48312 ], [ -121.22292, 39.48424 ], [ -121.22279, 39.48672 ], [ -121.23182, 39.48678 ], [ -121.23185, 39.50494 ], [ -121.20845, 39.5053 ], [ -121.20862, 39.50872 ], [ -121.21839, 39.50848 ], [ -121.21848, 39.51194 ], [ -121.21386, 39.51186 ], [ -121.21335, 39.5197 ] ] ], [ [ [ -121.2783, 39.55693 ], [ -121.27672, 39.54144 ], [ -121.25857, 39.54152 ], [ -121.25847, 39.50533 ], [ -121.26764, 39.50534 ], [ -121.26757, 39.51645 ], [ -121.27674, 39.5165 ], [ -121.27666, 39.52752 ], [ -121.29554, 39.52706 ], [ -121.29613, 39.51985 ], [ -121.31459, 39.51948 ], [ -121.31459, 39.51227 ], [ -121.31984, 39.51026 ], [ -121.35287, 39.51208 ], [ -121.353, 39.52681 ], [ -121.33294, 39.52676 ], [ -121.33429, 39.55639 ], [ -121.31549, 39.55644 ], [ -121.31363, 39.54139 ], [ -121.29507, 39.5414 ], [ -121.29644, 39.55663 ], [ -121.2783, 39.55693 ] ] ], [ [ [ -121.2783, 39.55693 ], [ -121.27826, 39.57095 ], [ -121.29675, 39.57078 ], [ -121.29688, 39.57809 ], [ -121.29223, 39.57814 ], [ -121.29218, 39.57448 ], [ -121.28754, 39.57453 ], [ -121.28758, 39.57819 ], [ -121.25947, 39.57833 ], [ -121.2594, 39.57463 ], [ -121.26412, 39.57463 ], [ -121.264, 39.56738 ], [ -121.25457, 39.56733 ], [ -121.25445, 39.56014 ], [ -121.2498, 39.56008 ], [ -121.24985, 39.56369 ], [ -121.24052, 39.56361 ], [ -121.2405, 39.55996 ], [ -121.22241, 39.55986 ], [ -121.22244, 39.55622 ], [ -121.24049, 39.55631 ], [ -121.24042, 39.54159 ], [ -121.25857, 39.54152 ], [ -121.25902, 39.55662 ], [ -121.26841, 39.55295 ], [ -121.26866, 39.55678 ], [ -121.2783, 39.55693 ] ] ], [ [ [ -121.16732, 39.41181 ], [ -121.16744, 39.4082 ], [ -121.15289, 39.4085 ], [ -121.15291, 39.40496 ], [ -121.16267, 39.40472 ], [ -121.16284, 39.39754 ], [ -121.14802, 39.39805 ], [ -121.14805, 39.41212 ], [ -121.14312, 39.41215 ], [ -121.14454, 39.40644 ], [ -121.13639, 39.39443 ], [ -121.14404, 39.39069 ], [ -121.14079, 39.3835 ], [ -121.15752, 39.38279 ], [ -121.15781, 39.39404 ], [ -121.1673, 39.39006 ], [ -121.16778, 39.39737 ], [ -121.18616, 39.39716 ], [ -121.18598, 39.41167 ], [ -121.16732, 39.41181 ] ] ], [ [ [ -121.17632, 39.42956 ], [ -121.17165, 39.42961 ], [ -121.17171, 39.42601 ], [ -121.16704, 39.42607 ], [ -121.16699, 39.42966 ], [ -121.14812, 39.42627 ], [ -121.14572, 39.41921 ], [ -121.14808, 39.4192 ], [ -121.14805, 39.41212 ], [ -121.16732, 39.41181 ], [ -121.16718, 39.41894 ], [ -121.17653, 39.41885 ], [ -121.17632, 39.42956 ] ] ], [ [ [ -121.52282, 39.85758 ], [ -121.52265, 39.87196 ], [ -121.50338, 39.87225 ], [ -121.50347, 39.85787 ], [ -121.52282, 39.85758 ] ] ], [ [ [ -121.22263, 39.54155 ], [ -121.22244, 39.55622 ], [ -121.20365, 39.55595 ], [ -121.20368, 39.54139 ], [ -121.22263, 39.54155 ] ] ], [ [ [ -121.52412, 39.79997 ], [ -121.52359, 39.81432 ], [ -121.50459, 39.81432 ], [ -121.50531, 39.80004 ], [ -121.52412, 39.79997 ] ] ], [ [ [ -121.54165, 39.84334 ], [ -121.54154, 39.85735 ], [ -121.52282, 39.85758 ], [ -121.52305, 39.84311 ], [ -121.54165, 39.84334 ] ] ], [ [ [ -121.56054, 39.84306 ], [ -121.54165, 39.84334 ], [ -121.54191, 39.8384 ], [ -121.54733, 39.83692 ], [ -121.5475, 39.83363 ], [ -121.54216, 39.83347 ], [ -121.5424, 39.82889 ], [ -121.56083, 39.828 ], [ -121.56054, 39.84306 ] ] ], [ [ [ -121.24042, 39.54159 ], [ -121.22263, 39.54155 ], [ -121.22272, 39.52725 ], [ -121.23992, 39.53095 ], [ -121.24042, 39.54159 ] ] ], [ [ [ -121.14821, 39.44063 ], [ -121.14362, 39.44065 ], [ -121.1437, 39.44418 ], [ -121.13439, 39.44068 ], [ -121.13429, 39.43708 ], [ -121.13896, 39.43708 ], [ -121.13877, 39.4281 ], [ -121.13409, 39.42811 ], [ -121.13399, 39.42279 ], [ -121.14812, 39.42627 ], [ -121.14821, 39.44063 ] ] ], [ [ [ -121.56128, 39.79963 ], [ -121.56121, 39.81357 ], [ -121.54732, 39.81422 ], [ -121.54737, 39.80697 ], [ -121.552, 39.80685 ], [ -121.55202, 39.80327 ], [ -121.54278, 39.80343 ], [ -121.54281, 39.79976 ], [ -121.56128, 39.79963 ] ] ], [ [ [ -121.4128, 39.71159 ], [ -121.41276, 39.69767 ], [ -121.42196, 39.6977 ], [ -121.42197, 39.70483 ], [ -121.43115, 39.70485 ], [ -121.43114, 39.71165 ], [ -121.4128, 39.71159 ] ] ], [ [ [ -121.43543, 39.69774 ], [ -121.43115, 39.68339 ], [ -121.44967, 39.68335 ], [ -121.44031, 39.69776 ], [ -121.43543, 39.69774 ] ] ], [ [ [ -121.5236, 39.75381 ], [ -121.50527, 39.75412 ], [ -121.50526, 39.74358 ], [ -121.51441, 39.7442 ], [ -121.51442, 39.74746 ], [ -121.52356, 39.74482 ], [ -121.5236, 39.75381 ] ] ], [ [ [ -121.17149, 39.38291 ], [ -121.16681, 39.38274 ], [ -121.16582, 39.36811 ], [ -121.17048, 39.36824 ], [ -121.17073, 39.37191 ], [ -121.18005, 39.37219 ], [ -121.17981, 39.36848 ], [ -121.18447, 39.36861 ], [ -121.18493, 39.37605 ], [ -121.17566, 39.37574 ], [ -121.17591, 39.3794 ], [ -121.17124, 39.37924 ], [ -121.17149, 39.38291 ] ] ], [ [ [ -121.29717, 39.59618 ], [ -121.27833, 39.59644 ], [ -121.2783, 39.58921 ], [ -121.28769, 39.5891 ], [ -121.28765, 39.58552 ], [ -121.29233, 39.58546 ], [ -121.29237, 39.58905 ], [ -121.29706, 39.589 ], [ -121.29717, 39.59618 ] ] ], [ [ [ -121.30551, 39.51214 ], [ -121.29145, 39.51263 ], [ -121.29138, 39.50895 ], [ -121.29622, 39.50896 ], [ -121.29607, 39.49808 ], [ -121.30536, 39.49784 ], [ -121.30551, 39.51214 ] ] ], [ [ [ -121.52359, 39.81432 ], [ -121.53314, 39.81438 ], [ -121.533, 39.82161 ], [ -121.54269, 39.82168 ], [ -121.54254, 39.82528 ], [ -121.5234, 39.82514 ], [ -121.52359, 39.81432 ] ] ], [ [ [ -121.50338, 39.87225 ], [ -121.5038, 39.88635 ], [ -121.49425, 39.8863 ], [ -121.49379, 39.87229 ], [ -121.50338, 39.87225 ] ] ], [ [ [ -121.4726, 39.75464 ], [ -121.47192, 39.74643 ], [ -121.4752, 39.74053 ], [ -121.48625, 39.7405 ], [ -121.48196, 39.7475 ], [ -121.47751, 39.74754 ], [ -121.48209, 39.7545 ], [ -121.4726, 39.75464 ] ] ], [ [ [ -121.54154, 39.85735 ], [ -121.54622, 39.85727 ], [ -121.54616, 39.86457 ], [ -121.5532, 39.86446 ], [ -121.55316, 39.87177 ], [ -121.5414, 39.87194 ], [ -121.54154, 39.85735 ] ] ], [ [ [ -121.57895, 39.85354 ], [ -121.56506, 39.85355 ], [ -121.56513, 39.85003 ], [ -121.56986, 39.85002 ], [ -121.56998, 39.84298 ], [ -121.57904, 39.84292 ], [ -121.57895, 39.85354 ] ], [ [ -121.57338, 39.8509 ], [ -121.57575, 39.85001 ], [ -121.5734, 39.85002 ], [ -121.57338, 39.8509 ] ] ], [ [ [ -121.43115, 39.68339 ], [ -121.41275, 39.68353 ], [ -121.41275, 39.68323 ], [ -121.42933, 39.67213 ], [ -121.43115, 39.68339 ] ] ], [ [ [ -121.56121, 39.81357 ], [ -121.57863, 39.81331 ], [ -121.57923, 39.81873 ], [ -121.56871, 39.82065 ], [ -121.56988, 39.8169 ], [ -121.56085, 39.82016 ], [ -121.56121, 39.81357 ] ] ], [ [ [ -121.4682, 39.68335 ], [ -121.46355, 39.68335 ], [ -121.46357, 39.6797 ], [ -121.44965, 39.67973 ], [ -121.44961, 39.67252 ], [ -121.45952, 39.67833 ], [ -121.46828, 39.67385 ], [ -121.4682, 39.68335 ] ] ], [ [ [ -121.46147, 39.71167 ], [ -121.44982, 39.71167 ], [ -121.4498, 39.70491 ], [ -121.46149, 39.70493 ], [ -121.46147, 39.71167 ] ] ], [ [ [ -121.22272, 39.52725 ], [ -121.21321, 39.52714 ], [ -121.21335, 39.5197 ], [ -121.22296, 39.5193 ], [ -121.22272, 39.52725 ] ] ], [ [ [ -121.19906, 39.52696 ], [ -121.19905, 39.54134 ], [ -121.19443, 39.5413 ], [ -121.19441, 39.52688 ], [ -121.19906, 39.52696 ] ] ], [ [ [ -121.19279, 39.86514 ], [ -121.19945, 39.86507 ], [ -121.20175, 39.87349 ], [ -121.19517, 39.87484 ], [ -121.19279, 39.86514 ] ] ], [ [ [ -121.49608, 39.76475 ], [ -121.49603, 39.76126 ], [ -121.50066, 39.76119 ], [ -121.50072, 39.76818 ], [ -121.49153, 39.7683 ], [ -121.49146, 39.76482 ], [ -121.49608, 39.76475 ] ] ], [ [ [ -121.44982, 39.71167 ], [ -121.4498, 39.7163 ], [ -121.44046, 39.71697 ], [ -121.44048, 39.71166 ], [ -121.44982, 39.71167 ] ] ], [ [ [ -121.53812, 39.79982 ], [ -121.53814, 39.79173 ], [ -121.54282, 39.79237 ], [ -121.54281, 39.79948 ], [ -121.53812, 39.79982 ] ] ], [ [ [ -121.5885, 39.83931 ], [ -121.57908, 39.83923 ], [ -121.57912, 39.83554 ], [ -121.58854, 39.83568 ], [ -121.5885, 39.83931 ] ] ], [ [ [ -121.17632, 39.42956 ], [ -121.18564, 39.42947 ], [ -121.18557, 39.43309 ], [ -121.17625, 39.43317 ], [ -121.17632, 39.42956 ] ] ], [ [ [ -121.60669, 39.88258 ], [ -121.5973, 39.88257 ], [ -121.59732, 39.87897 ], [ -121.60672, 39.87902 ], [ -121.60669, 39.88258 ] ] ], [ [ [ -121.58814, 39.87157 ], [ -121.58821, 39.86436 ], [ -121.59288, 39.86439 ], [ -121.59279, 39.87161 ], [ -121.58814, 39.87157 ] ] ], [ [ [ -121.18568, 39.38684 ], [ -121.18553, 39.38339 ], [ -121.1947, 39.38302 ], [ -121.19479, 39.38654 ], [ -121.18568, 39.38684 ] ] ], [ [ [ -121.15661, 39.46277 ], [ -121.15648, 39.45744 ], [ -121.1623, 39.45889 ], [ -121.16213, 39.46255 ], [ -121.15661, 39.46277 ] ] ], [ [ [ -121.24527, 39.57458 ], [ -121.24056, 39.57456 ], [ -121.24055, 39.57091 ], [ -121.24524, 39.57092 ], [ -121.24527, 39.57458 ] ] ], [ [ [ -121.27833, 39.59644 ], [ -121.27836, 39.60022 ], [ -121.27373, 39.6001 ], [ -121.2737, 39.59647 ], [ -121.27833, 39.59644 ] ] ], [ [ [ -121.18553, 39.38339 ], [ -121.18085, 39.38323 ], [ -121.18057, 39.37956 ], [ -121.18523, 39.37972 ], [ -121.18553, 39.38339 ] ] ], [ [ [ -121.50527, 39.75412 ], [ -121.50528, 39.75762 ], [ -121.50063, 39.75769 ], [ -121.5006, 39.7542 ], [ -121.50527, 39.75412 ] ] ], [ [ [ -121.52878, 39.79992 ], [ -121.52412, 39.79997 ], [ -121.52418, 39.79694 ], [ -121.52881, 39.79762 ], [ -121.52878, 39.79992 ] ] ], [ [ [ -121.56982, 39.88437 ], [ -121.57452, 39.8864 ], [ -121.56982, 39.88648 ], [ -121.56982, 39.88437 ] ] ], [ [ [ -121.41276, 39.69767 ], [ -121.40911, 39.69759 ], [ -121.41276, 39.69468 ], [ -121.41276, 39.69767 ] ] ], [ [ [ -121.50459, 39.81432 ], [ -121.50452, 39.81745 ], [ -121.50337, 39.81432 ], [ -121.50459, 39.81432 ] ] ], [ [ [ -120.82706, 39.9561 ], [ -120.82927, 39.95606 ], [ -120.82928, 39.95662 ], [ -120.82922, 39.95654 ], [ -120.82706, 39.9561 ] ] ] ] } },
{ "type": "Feature", "properties": { "name": "Prescott", "state": "Arizona", "region": "03", "project_id": "NPL004", "investment_year": 2022, "acres": 778199, "edited": "2022-08-08" }, "geometry": { "type": "Polygon", "coordinates": [ [ [ -112.70037, 34.80969 ], [ -112.69842, 34.7623 ], [ -112.62814, 34.76242 ], [ -112.62744, 34.71847 ], [ -112.57419, 34.7168 ], [ -112.57348, 34.70098 ], [ -112.55127, 34.70416 ], [ -112.55333, 34.71367 ], [ -112.54162, 34.71534 ], [ -112.53956, 34.70583 ], [ -112.52786, 34.7075 ], [ -112.5258, 34.69799 ], [ -112.51409, 34.69966 ], [ -112.51204, 34.69015 ], [ -112.50033, 34.69182 ], [ -112.49623, 34.6728 ], [ -112.48453, 34.67446 ], [ -112.47633, 34.63642 ], [ -112.46463, 34.63808 ], [ -112.46258, 34.62857 ], [ -112.43919, 34.6319 ], [ -112.43715, 34.62239 ], [ -112.39036, 34.62902 ], [ -112.3924, 34.63854 ], [ -112.369, 34.64185 ], [ -112.37511, 34.67039 ], [ -112.3634, 34.67204 ], [ -112.37358, 34.71961 ], [ -112.32673, 34.72622 ], [ -112.3247, 34.71671 ], [ -112.30127, 34.72001 ], [ -112.30533, 34.73903 ], [ -112.19986, 34.75382 ], [ -112.19785, 34.74431 ], [ -112.15097, 34.75085 ], [ -112.14895, 34.74133 ], [ -112.13723, 34.74297 ], [ -112.13924, 34.75248 ], [ -112.01829, 34.76926 ], [ -112.01816, 34.76525 ], [ -112.01377, 34.76526 ], [ -112.0138, 34.75805 ], [ -112.00942, 34.75808 ], [ -112.00959, 34.75452 ], [ -112.00079, 34.75441 ], [ -111.99649, 34.7471 ], [ -111.99201, 34.74699 ], [ -111.99178, 34.72496 ], [ -111.98741, 34.72493 ], [ -111.98745, 34.72129 ], [ -111.9743, 34.7212 ], [ -111.97432, 34.70909 ], [ -111.97013, 34.70078 ], [ -111.95599, 34.69593 ], [ -111.95564, 34.69054 ], [ -111.96481, 34.69279 ], [ -111.96499, 34.68587 ], [ -111.95554, 34.68172 ], [ -111.95184, 34.67396 ], [ -111.94815, 34.67352 ], [ -111.94471, 34.67954 ], [ -111.93815, 34.67459 ], [ -111.93973, 34.65737 ], [ -111.92903, 34.63965 ], [ -111.91878, 34.63064 ], [ -111.898, 34.63448 ], [ -111.9003, 34.61672 ], [ -111.89627, 34.60949 ], [ -111.87605, 34.61124 ], [ -111.87863, 34.5987 ], [ -111.8845, 34.59071 ], [ -111.87821, 34.58635 ], [ -111.8846, 34.5761 ], [ -111.90606, 34.55983 ], [ -111.90959, 34.55369 ], [ -111.9084, 34.54341 ], [ -111.91282, 34.53891 ], [ -111.9246, 34.53837 ], [ -111.95027, 34.52999 ], [ -111.95892, 34.53444 ], [ -111.97599, 34.5337 ], [ -111.99227, 34.51421 ], [ -112.01888, 34.51446 ], [ -112.03368, 34.51928 ], [ -112.07185, 34.47614 ], [ -112.09468, 34.47358 ], [ -112.1002, 34.47746 ], [ -112.12192, 34.48112 ], [ -112.14156, 34.47782 ], [ -112.12755, 34.41119 ], [ -112.13922, 34.40955 ], [ -112.13722, 34.40003 ], [ -112.17223, 34.39513 ], [ -112.17022, 34.38561 ], [ -112.19958, 34.38149 ], [ -112.19934, 34.19492 ], [ -112.20339, 34.19492 ], [ -112.20329, 34.12839 ], [ -112.24795, 34.12845 ], [ -112.24417, 34.11052 ], [ -112.25579, 34.10888 ], [ -112.25378, 34.09936 ], [ -112.27702, 34.09606 ], [ -112.27501, 34.08654 ], [ -112.32149, 34.07995 ], [ -112.3235, 34.08947 ], [ -112.34674, 34.08616 ], [ -112.34875, 34.09568 ], [ -112.36037, 34.09403 ], [ -112.36239, 34.10355 ], [ -112.37401, 34.10189 ], [ -112.37968, 34.12853 ], [ -112.41213, 34.12864 ], [ -112.41206, 34.15768 ], [ -112.42182, 34.15769 ], [ -112.42307, 34.16354 ], [ -112.4347, 34.16189 ], [ -112.4469, 34.21899 ], [ -112.43526, 34.22065 ], [ -112.44136, 34.2492 ], [ -112.453, 34.24754 ], [ -112.45503, 34.25705 ], [ -112.4783, 34.25372 ], [ -112.48035, 34.26323 ], [ -112.51832, 34.25721 ], [ -112.51433, 34.32702 ], [ -112.54123, 34.32316 ], [ -112.54317, 34.33216 ], [ -112.56658, 34.32933 ], [ -112.56718, 34.33213 ], [ -112.58412, 34.33191 ], [ -112.58415, 34.40526 ], [ -112.59467, 34.40375 ], [ -112.59672, 34.41326 ], [ -112.62004, 34.4099 ], [ -112.6221, 34.41942 ], [ -112.64543, 34.41605 ], [ -112.64749, 34.42556 ], [ -112.65915, 34.42388 ], [ -112.66948, 34.47143 ], [ -112.65782, 34.47311 ], [ -112.66195, 34.49213 ], [ -112.65028, 34.49382 ], [ -112.65234, 34.50333 ], [ -112.64067, 34.50501 ], [ -112.64274, 34.51452 ], [ -112.63106, 34.5162 ], [ -112.63726, 34.54473 ], [ -112.62596, 34.54817 ], [ -112.64203, 34.54802 ], [ -112.642, 34.59262 ], [ -112.68383, 34.59259 ], [ -112.68473, 34.59674 ], [ -112.67305, 34.59843 ], [ -112.68341, 34.64597 ], [ -112.69511, 34.64428 ], [ -112.70134, 34.6728 ], [ -112.71303, 34.67111 ], [ -112.71511, 34.68062 ], [ -112.73851, 34.67724 ], [ -112.74059, 34.68675 ], [ -112.75229, 34.68505 ], [ -112.76689, 34.75159 ], [ -112.75518, 34.75329 ], [ -112.75727, 34.76279 ], [ -112.74556, 34.76449 ], [ -112.74764, 34.77399 ], [ -112.73593, 34.77569 ], [ -112.73801, 34.78519 ], [ -112.7263, 34.78688 ], [ -112.73047, 34.80589 ], [ -112.71875, 34.80758 ], [ -112.72709, 34.8456 ], [ -112.71536, 34.84729 ], [ -112.71745, 34.8568 ], [ -112.70572, 34.85849 ], [ -112.7078, 34.86799 ], [ -112.69816, 34.86938 ], [ -112.70037, 34.80969 ] ] ] } },
{ "type": "Feature", "properties": { "name": "San Carlos Apache Tribal Forest Protection", "state": "Arizona", "region": "03", "project_id": "NPL002", "investment_year": 2023, "acres": 3014328, "edited": "2023-01-18" }, "geometry": { "type": "Polygon", "coordinates": [ [ [ -110.55753, 33.83818 ], [ -110.55115, 33.82673 ], [ -110.53784, 33.82318 ], [ -110.51528, 33.80503 ], [ -110.51527, 33.79871 ], [ -110.52496, 33.79779 ], [ -110.51387, 33.79174 ], [ -110.51096, 33.79304 ], [ -110.51107, 33.80241 ], [ -110.50817, 33.79765 ], [ -110.49389, 33.79721 ], [ -110.49, 33.79049 ], [ -110.48322, 33.80014 ], [ -110.47384, 33.79613 ], [ -110.47061, 33.80596 ], [ -110.46366, 33.8051 ], [ -110.46249, 33.80033 ], [ -110.45528, 33.79805 ], [ -110.45421, 33.8035 ], [ -110.44652, 33.80107 ], [ -110.44375, 33.8049 ], [ -110.436, 33.79936 ], [ -110.43653, 33.80427 ], [ -110.43004, 33.80652 ], [ -110.42747, 33.79557 ], [ -110.4194, 33.79904 ], [ -110.4093, 33.79748 ], [ -110.40327, 33.78895 ], [ -110.39848, 33.79227 ], [ -110.40257, 33.79652 ], [ -110.3947, 33.80027 ], [ -110.39787, 33.81132 ], [ -110.38205, 33.81003 ], [ -110.3769, 33.81733 ], [ -110.36953, 33.81013 ], [ -110.37422, 33.80494 ], [ -110.38173, 33.80584 ], [ -110.37445, 33.80005 ], [ -110.35946, 33.7998 ], [ -110.37142, 33.79044 ], [ -110.36923, 33.78845 ], [ -110.35336, 33.78696 ], [ -110.35233, 33.78927 ], [ -110.35711, 33.79238 ], [ -110.34314, 33.80116 ], [ -110.34204, 33.79496 ], [ -110.33252, 33.79105 ], [ -110.32735, 33.78378 ], [ -110.31837, 33.78198 ], [ -110.31494, 33.78427 ], [ -110.3067, 33.77953 ], [ -110.3061, 33.77549 ], [ -110.29926, 33.77396 ], [ -110.29066, 33.77928 ], [ -110.29227, 33.77241 ], [ -110.28959, 33.76551 ], [ -110.2834, 33.76395 ], [ -110.28184, 33.76796 ], [ -110.2697, 33.75467 ], [ -110.25643, 33.746 ], [ -110.24937, 33.74698 ], [ -110.24778, 33.75656 ], [ -110.23862, 33.75651 ], [ -110.23654, 33.75428 ], [ -110.24235, 33.7516 ], [ -110.23602, 33.74874 ], [ -110.23176, 33.74088 ], [ -110.22574, 33.73883 ], [ -110.2297, 33.73465 ], [ -110.22481, 33.72893 ], [ -110.23102, 33.72999 ], [ -110.23262, 33.71924 ], [ -110.2253, 33.71586 ], [ -110.2279, 33.71238 ], [ -110.22587, 33.70825 ], [ -110.2233, 33.70744 ], [ -110.21837, 33.71417 ], [ -110.21495, 33.7105 ], [ -110.21098, 33.71314 ], [ -110.20321, 33.71137 ], [ -110.2, 33.71649 ], [ -110.1947, 33.71795 ], [ -110.19557, 33.70736 ], [ -110.18668, 33.70935 ], [ -110.18156, 33.70603 ], [ -110.19361, 33.70106 ], [ -110.19525, 33.69811 ], [ -110.19264, 33.69548 ], [ -110.18449, 33.69047 ], [ -110.17483, 33.69058 ], [ -110.16875, 33.68628 ], [ -110.1567, 33.68454 ], [ -110.15228, 33.66947 ], [ -110.14198, 33.66741 ], [ -110.13819, 33.66108 ], [ -110.11865, 33.65184 ], [ -110.11062, 33.64388 ], [ -110.10183, 33.64216 ], [ -110.1015, 33.63488 ], [ -110.09655, 33.62939 ], [ -110.10238, 33.62186 ], [ -110.09744, 33.62473 ], [ -110.09673, 33.614 ], [ -110.09361, 33.61897 ], [ -110.08641, 33.61309 ], [ -110.08938, 33.60968 ], [ -110.09584, 33.61049 ], [ -110.09474, 33.60701 ], [ -110.09844, 33.60572 ], [ -110.09856, 33.60117 ], [ -110.09385, 33.60067 ], [ -110.08931, 33.60703 ], [ -110.08344, 33.60417 ], [ -110.08801, 33.60067 ], [ -110.08748, 33.59681 ], [ -110.08255, 33.60156 ], [ -110.0701, 33.59746 ], [ -110.07064, 33.595 ], [ -110.07661, 33.59744 ], [ -110.07507, 33.59247 ], [ -110.08131, 33.59033 ], [ -110.0767, 33.58348 ], [ -110.06781, 33.58236 ], [ -110.05941, 33.57508 ], [ -110.05987, 33.58093 ], [ -110.0502, 33.58702 ], [ -110.04381, 33.58438 ], [ -110.04088, 33.58885 ], [ -110.03825, 33.5827 ], [ -110.02584, 33.57605 ], [ -110.02076, 33.56954 ], [ -110.01286, 33.57281 ], [ -110.01488, 33.57895 ], [ -110.00424, 33.57578 ], [ -109.99509, 33.58256 ], [ -109.98112, 33.57628 ], [ -109.96953, 33.57734 ], [ -109.96694, 33.57252 ], [ -109.966, 33.57879 ], [ -109.96111, 33.57958 ], [ -109.96013, 33.57257 ], [ -109.94993, 33.57321 ], [ -109.9417, 33.56845 ], [ -109.93698, 33.5705 ], [ -109.92333, 33.56751 ], [ -109.91294, 33.57594 ], [ -109.89883, 33.57495 ], [ -109.89473, 33.56724 ], [ -109.88176, 33.57138 ], [ -109.87773, 33.55906 ], [ -109.86876, 33.5624 ], [ -109.86869, 33.55773 ], [ -109.85442, 33.54525 ], [ -109.84638, 33.54901 ], [ -109.85265, 33.53991 ], [ -109.85035, 33.53473 ], [ -109.84471, 33.54091 ], [ -109.84539, 33.53468 ], [ -109.84124, 33.53046 ], [ -109.83495, 33.52985 ], [ -109.83202, 33.53596 ], [ -109.82403, 33.52885 ], [ -109.82606, 33.52249 ], [ -109.81905, 33.51997 ], [ -109.8235, 33.50947 ], [ -109.81838, 33.51038 ], [ -109.81359, 33.5054 ], [ -109.80405, 33.50333 ], [ -109.8056, 33.50025 ], [ -109.81402, 33.49918 ], [ -109.80673, 33.49759 ], [ -109.80781, 33.48943 ], [ -109.81228, 33.4889 ], [ -109.8123, 33.48369 ], [ -109.80649, 33.48489 ], [ -109.80272, 33.48189 ], [ -109.8046, 33.48736 ], [ -109.8009, 33.4888 ], [ -109.79661, 33.48376 ], [ -109.79194, 33.48518 ], [ -109.78455, 33.48174 ], [ -109.78361, 33.47641 ], [ -109.76727, 33.47542 ], [ -109.76078, 33.48184 ], [ -109.75322, 33.48142 ], [ -109.74657, 33.4849 ], [ -109.74657, 33.4897 ], [ -109.74187, 33.49415 ], [ -109.7442, 33.50254 ], [ -109.74062, 33.50926 ], [ -109.72802, 33.51596 ], [ -109.73114, 33.52156 ], [ -109.72471, 33.5232 ], [ -109.72507, 33.51968 ], [ -109.72136, 33.51893 ], [ -109.7221, 33.52236 ], [ -109.71265, 33.52565 ], [ -109.71622, 33.53089 ], [ -109.70698, 33.53243 ], [ -109.70659, 33.53987 ], [ -109.70058, 33.53498 ], [ -109.68512, 33.54327 ], [ -109.67864, 33.55229 ], [ -109.67881, 33.55694 ], [ -109.66519, 33.55534 ], [ -109.6723, 33.55986 ], [ -109.67096, 33.56755 ], [ -109.67656, 33.56907 ], [ -109.67545, 33.57332 ], [ -109.66692, 33.5788 ], [ -109.66077, 33.57863 ], [ -109.66052, 33.58371 ], [ -109.63227, 33.58445 ], [ -109.62613, 33.58964 ], [ -109.62025, 33.5835 ], [ -109.61566, 33.59408 ], [ -109.61001, 33.59283 ], [ -109.60424, 33.60107 ], [ -109.60694, 33.60734 ], [ -109.60437, 33.61246 ], [ -109.59838, 33.61029 ], [ -109.59849, 33.61305 ], [ -109.5898, 33.61641 ], [ -109.58155, 33.6129 ], [ -109.57979, 33.61611 ], [ -109.5821, 33.61805 ], [ -109.57695, 33.61798 ], [ -109.5618, 33.62629 ], [ -109.55483, 33.61995 ], [ -109.54639, 33.62082 ], [ -109.54369, 33.61671 ], [ -109.5398, 33.62477 ], [ -109.53388, 33.61974 ], [ -109.52501, 33.61866 ], [ -109.52818, 33.62292 ], [ -109.5174, 33.63481 ], [ -109.51949, 33.64584 ], [ -109.51464, 33.64163 ], [ -109.51108, 33.64502 ], [ -109.50462, 33.64362 ], [ -109.50032, 33.65274 ], [ -109.49549, 33.65267 ], [ -109.4955, 33.57955 ], [ -109.47947, 33.582 ], [ -109.47554, 33.57571 ], [ -109.46303, 33.56948 ], [ -109.45996, 33.57124 ], [ -109.44673, 33.5664 ], [ -109.4373, 33.56628 ], [ -109.41362, 33.57341 ], [ -109.39799, 33.5726 ], [ -109.38137, 33.57745 ], [ -109.35378, 33.56467 ], [ -109.34778, 33.57171 ], [ -109.3416, 33.57114 ], [ -109.34003, 33.574 ], [ -109.33222, 33.56999 ], [ -109.32961, 33.56031 ], [ -109.31822, 33.55235 ], [ -109.3164, 33.54082 ], [ -109.30907, 33.53749 ], [ -109.30929, 33.53137 ], [ -109.30462, 33.52834 ], [ -109.30851, 33.52609 ], [ -109.30683, 33.51761 ], [ -109.3123, 33.51459 ], [ -109.31654, 33.51637 ], [ -109.32166, 33.51206 ], [ -109.32289, 33.50586 ], [ -109.3323, 33.495 ], [ -109.34585, 33.4864 ], [ -109.37475, 33.482 ], [ -109.37448, 33.47307 ], [ -109.3592, 33.46501 ], [ -109.37145, 33.46142 ], [ -109.36959, 33.4548 ], [ -109.36366, 33.45349 ], [ -109.36111, 33.44847 ], [ -109.36934, 33.45109 ], [ -109.37048, 33.44612 ], [ -109.37673, 33.44209 ], [ -109.37647, 33.42853 ], [ -109.37028, 33.42945 ], [ -109.37244, 33.42064 ], [ -109.36947, 33.41447 ], [ -109.35238, 33.41024 ], [ -109.34735, 33.40056 ], [ -109.33843, 33.40274 ], [ -109.33718, 33.39847 ], [ -109.32942, 33.39416 ], [ -109.33266, 33.3789 ], [ -109.32614, 33.37093 ], [ -109.33291, 33.36424 ], [ -109.34092, 33.3624 ], [ -109.34597, 33.35266 ], [ -109.35158, 33.32379 ], [ -109.35004, 33.30516 ], [ -109.36091, 33.29668 ], [ -109.35447, 33.29079 ], [ -109.35631, 33.2746 ], [ -109.36621, 33.26068 ], [ -109.37164, 33.25924 ], [ -109.3682, 33.25766 ], [ -109.37125, 33.252 ], [ -109.36895, 33.24939 ], [ -109.37811, 33.23879 ], [ -109.38175, 33.2396 ], [ -109.37792, 33.2374 ], [ -109.39344, 33.22866 ], [ -109.39191, 33.22502 ], [ -109.38833, 33.22507 ], [ -109.38982, 33.22031 ], [ -109.37946, 33.21651 ], [ -109.37554, 33.20995 ], [ -109.38229, 33.20412 ], [ -109.37899, 33.20382 ], [ -109.38249, 33.19839 ], [ -109.3799, 33.19718 ], [ -109.38583, 33.18684 ], [ -109.3717, 33.17587 ], [ -109.37357, 33.17346 ], [ -109.37279, 33.17213 ], [ -109.36509, 33.17246 ], [ -109.36399, 33.169 ], [ -109.36783, 33.16297 ], [ -109.36692, 33.16488 ], [ -109.39246, 33.16485 ], [ -109.39245, 33.13589 ], [ -109.40109, 33.13589 ], [ -109.40108, 33.12139 ], [ -109.49573, 33.12065 ], [ -109.49574, 33.07841 ], [ -109.51489, 33.0346 ], [ -109.51821, 33.03624 ], [ -109.51849, 33.04528 ], [ -109.51587, 33.048 ], [ -109.52111, 33.05139 ], [ -109.5608, 33.05175 ], [ -109.59478, 33.01592 ], [ -109.60374, 33.02259 ], [ -109.61615, 33.02434 ], [ -109.62031, 33.02817 ], [ -109.63059, 33.02557 ], [ -109.64354, 33.01535 ], [ -109.64634, 33.0189 ], [ -109.66569, 33.01488 ], [ -109.67397, 33.02209 ], [ -109.67915, 33.022 ], [ -109.70125, 33.04417 ], [ -109.70783, 33.04445 ], [ -109.71402, 33.04032 ], [ -109.71627, 33.04802 ], [ -109.7249, 33.04652 ], [ -109.73104, 33.05042 ], [ -109.7311, 33.05564 ], [ -109.73942, 33.05569 ], [ -109.73332, 33.07077 ], [ -109.74032, 33.07781 ], [ -109.74744, 33.07107 ], [ -109.75954, 33.07036 ], [ -109.76588, 33.09258 ], [ -109.77506, 33.10028 ], [ -109.76698, 33.12301 ], [ -109.7702, 33.12587 ], [ -109.79064, 33.11754 ], [ -109.79899, 33.12488 ], [ -109.80846, 33.12204 ], [ -109.80674, 33.11786 ], [ -109.81746, 33.11877 ], [ -109.82388, 33.13038 ], [ -109.83333, 33.13528 ], [ -109.83305, 33.15792 ], [ -109.83942, 33.15715 ], [ -109.84963, 33.16191 ], [ -109.87316, 33.15959 ], [ -109.87356, 33.15443 ], [ -109.88113, 33.15403 ], [ -109.88794, 33.14443 ], [ -109.89387, 33.14607 ], [ -109.89292, 33.16002 ], [ -109.90234, 33.16407 ], [ -109.90912, 33.16243 ], [ -109.91688, 33.16914 ], [ -109.92588, 33.17016 ], [ -109.92732, 33.17649 ], [ -109.9514, 33.19072 ], [ -109.95194, 33.19311 ], [ -109.94307, 33.19976 ], [ -109.94946, 33.21453 ], [ -109.94584, 33.21687 ], [ -109.95179, 33.22211 ], [ -109.95262, 33.23158 ], [ -109.95899, 33.23256 ], [ -109.96022, 33.23694 ], [ -109.96457, 33.23628 ], [ -109.97304, 33.24484 ], [ -109.98231, 33.24898 ], [ -109.99143, 33.24945 ], [ -109.99128, 33.24568 ], [ -109.99925, 33.2416 ], [ -110.00064, 33.23567 ], [ -110.02239, 33.24553 ], [ -110.01584, 33.25199 ], [ -110.01717, 33.26001 ], [ -110.02134, 33.26306 ], [ -110.01962, 33.26489 ], [ -110.03859, 33.27454 ], [ -110.04259, 33.27395 ], [ -110.04909, 33.30055 ], [ -110.05675, 33.30429 ], [ -110.05476, 32.87514 ], [ -110.05182, 32.8436 ], [ -110.04336, 32.82814 ], [ -110.04491, 32.81681 ], [ -110.02266, 32.81702 ], [ -110.02265, 32.80256 ], [ -109.93745, 32.80306 ], [ -109.93743, 32.78871 ], [ -109.85359, 32.78809 ], [ -109.8531, 32.77371 ], [ -109.83533, 32.77361 ], [ -109.8353, 32.75924 ], [ -109.81838, 32.7592 ], [ -109.81845, 32.74466 ], [ -109.78435, 32.74455 ], [ -109.78436, 32.73008 ], [ -109.77579, 32.73006 ], [ -109.77589, 32.71548 ], [ -109.76736, 32.71542 ], [ -109.76744, 32.70092 ], [ -109.75877, 32.70093 ], [ -109.7588, 32.6864 ], [ -109.73408, 32.6865 ], [ -109.73406, 32.60005 ], [ -109.71702, 32.60005 ], [ -109.71695, 32.57129 ], [ -109.69979, 32.57127 ], [ -109.69962, 32.5132 ], [ -109.70639, 32.5132 ], [ -109.70638, 32.49943 ], [ -109.72354, 32.49945 ], [ -109.72344, 32.4414 ], [ -109.79139, 32.44165 ], [ -109.7914, 32.45616 ], [ -109.84208, 32.45625 ], [ -109.8421, 32.49982 ], [ -109.85923, 32.49983 ], [ -109.85924, 32.51464 ], [ -109.87066, 32.51466 ], [ -109.87074, 32.57266 ], [ -109.88788, 32.57265 ], [ -109.88789, 32.58716 ], [ -109.90516, 32.58713 ], [ -109.90519, 32.61603 ], [ -109.93937, 32.61602 ], [ -109.93938, 32.64498 ], [ -109.97367, 32.64506 ], [ -109.97366, 32.65956 ], [ -110.00792, 32.65954 ], [ -110.00787, 32.68849 ], [ -110.0767, 32.68844 ], [ -110.07659, 32.71741 ], [ -110.09383, 32.71756 ], [ -110.09388, 32.73205 ], [ -110.1111, 32.73209 ], [ -110.11096, 32.73939 ], [ -110.12818, 32.73929 ], [ -110.12827, 32.76385 ], [ -110.15622, 32.76839 ], [ -110.15877, 32.7733 ], [ -110.16483, 32.77458 ], [ -110.16802, 32.77994 ], [ -110.1662, 32.78667 ], [ -110.18045, 32.79699 ], [ -110.19139, 32.81122 ], [ -110.19951, 32.82917 ], [ -110.20689, 32.83415 ], [ -110.21011, 32.8476 ], [ -110.28164, 32.84743 ], [ -110.2817, 32.86133 ], [ -110.31604, 32.86134 ], [ -110.31611, 32.9474 ], [ -110.32741, 32.94743 ], [ -110.32745, 32.9998 ], [ -110.37173, 33.00658 ], [ -110.39514, 33.00661 ], [ -110.41741, 32.98132 ], [ -110.43606, 32.98127 ], [ -110.46111, 32.99439 ], [ -110.48565, 32.9846 ], [ -110.49328, 32.98462 ], [ -110.52217, 32.95361 ], [ -110.57313, 32.93944 ], [ -110.63566, 32.92779 ], [ -110.70715, 32.87723 ], [ -110.70672, 32.98791 ], [ -110.70355, 32.99222 ], [ -110.70521, 33.02573 ], [ -110.73346, 33.02206 ], [ -110.73166, 33.0125 ], [ -110.85804, 32.996 ], [ -110.85986, 33.00556 ], [ -110.87134, 33.00405 ], [ -110.87316, 33.01361 ], [ -110.98803, 32.99847 ], [ -110.99168, 33.01758 ], [ -111.00317, 33.01606 ], [ -111.00682, 33.03517 ], [ -111.01831, 33.03365 ], [ -111.02198, 33.05276 ], [ -111.04496, 33.04972 ], [ -111.04679, 33.05927 ], [ -111.06978, 33.05622 ], [ -111.07162, 33.06577 ], [ -111.0946, 33.06271 ], [ -111.10934, 33.13914 ], [ -111.07483, 33.14373 ], [ -111.07667, 33.15329 ], [ -111.05366, 33.15634 ], [ -111.05664, 33.17182 ], [ -111.05272, 33.17553 ], [ -111.05779, 33.1778 ], [ -111.06286, 33.20411 ], [ -111.05134, 33.20564 ], [ -111.05318, 33.21519 ], [ -111.0647, 33.21366 ], [ -111.06654, 33.22322 ], [ -111.07805, 33.22169 ], [ -111.0799, 33.23124 ], [ -111.10293, 33.22818 ], [ -111.10477, 33.23773 ], [ -111.11629, 33.2362 ], [ -111.11814, 33.24575 ], [ -111.12966, 33.24422 ], [ -111.13521, 33.27287 ], [ -111.12369, 33.27441 ], [ -111.12739, 33.29351 ], [ -111.11586, 33.29504 ], [ -111.11956, 33.31414 ], [ -111.10803, 33.31567 ], [ -111.11173, 33.33477 ], [ -111.12326, 33.33324 ], [ -111.12696, 33.35234 ], [ -111.11543, 33.35388 ], [ -111.11728, 33.36343 ], [ -111.10574, 33.36496 ], [ -111.10803, 33.37677 ], [ -111.09931, 33.37324 ], [ -111.0774, 33.37964 ], [ -111.06956, 33.3768 ], [ -111.0575, 33.38067 ], [ -111.05317, 33.39409 ], [ -111.06206, 33.41292 ], [ -111.05603, 33.42621 ], [ -111.05782, 33.43255 ], [ -111.06213, 33.43234 ], [ -111.06813, 33.43839 ], [ -111.05684, 33.43977 ], [ -111.05469, 33.44511 ], [ -111.04443, 33.45245 ], [ -111.05251, 33.46222 ], [ -111.06954, 33.46787 ], [ -111.0695, 33.50886 ], [ -111.0733, 33.50886 ], [ -111.07052, 33.51401 ], [ -111.05728, 33.51472 ], [ -111.05387, 33.51822 ], [ -111.05482, 33.52406 ], [ -111.06823, 33.52877 ], [ -111.06971, 33.52183 ], [ -111.07654, 33.52412 ], [ -111.08216, 33.50952 ], [ -111.08682, 33.50886 ], [ -111.08682, 33.52408 ], [ -111.07712, 33.53453 ], [ -111.07792, 33.5464 ], [ -111.07064, 33.56019 ], [ -111.06716, 33.57936 ], [ -111.07759, 33.57729 ], [ -111.08683, 33.5816 ], [ -111.08684, 33.59614 ], [ -111.13693, 33.59627 ], [ -111.14049, 33.60459 ], [ -111.15332, 33.60985 ], [ -111.15397, 33.61321 ], [ -111.1424, 33.61474 ], [ -111.14426, 33.62429 ], [ -111.12112, 33.62735 ], [ -111.12297, 33.6369 ], [ -111.1114, 33.63843 ], [ -111.11325, 33.64798 ], [ -111.10168, 33.64951 ], [ -111.09982, 33.63996 ], [ -111.06509, 33.64454 ], [ -111.06324, 33.635 ], [ -111.05166, 33.63652 ], [ -111.04981, 33.62698 ], [ -111.03824, 33.6285 ], [ -111.03639, 33.61895 ], [ -111.02482, 33.62047 ], [ -111.02297, 33.61093 ], [ -110.98825, 33.61549 ], [ -110.99009, 33.62504 ], [ -110.94378, 33.6311 ], [ -110.94194, 33.62155 ], [ -110.93037, 33.62307 ], [ -110.92853, 33.61352 ], [ -110.92275, 33.61427 ], [ -110.92406, 33.59718 ], [ -110.92831, 33.59527 ], [ -110.92322, 33.5948 ], [ -110.92273, 33.5893 ], [ -110.92587, 33.59011 ], [ -110.9267, 33.58525 ], [ -110.92994, 33.58455 ], [ -110.92881, 33.56873 ], [ -110.92378, 33.56408 ], [ -110.92054, 33.55255 ], [ -110.91306, 33.55825 ], [ -110.90018, 33.55392 ], [ -110.89712, 33.5573 ], [ -110.90616, 33.57805 ], [ -110.88891, 33.58772 ], [ -110.88406, 33.59963 ], [ -110.87684, 33.59613 ], [ -110.87163, 33.59765 ], [ -110.86654, 33.61014 ], [ -110.85215, 33.61786 ], [ -110.84696, 33.63782 ], [ -110.83395, 33.63468 ], [ -110.8285, 33.62236 ], [ -110.81746, 33.62293 ], [ -110.79167, 33.64217 ], [ -110.78909, 33.63999 ], [ -110.76469, 33.64053 ], [ -110.75231, 33.64381 ], [ -110.75299, 33.65192 ], [ -110.75665, 33.65331 ], [ -110.7459, 33.65741 ], [ -110.75016, 33.66275 ], [ -110.74544, 33.66719 ], [ -110.73644, 33.65616 ], [ -110.72732, 33.66599 ], [ -110.73302, 33.67093 ], [ -110.73605, 33.6818 ], [ -110.72095, 33.70477 ], [ -110.716, 33.70242 ], [ -110.69311, 33.71003 ], [ -110.68962, 33.71782 ], [ -110.66528, 33.74409 ], [ -110.66916, 33.75094 ], [ -110.66766, 33.75667 ], [ -110.68033, 33.76548 ], [ -110.68263, 33.77155 ], [ -110.67581, 33.77509 ], [ -110.66965, 33.79082 ], [ -110.65561, 33.80134 ], [ -110.65763, 33.80966 ], [ -110.64911, 33.81195 ], [ -110.64997, 33.81571 ], [ -110.64728, 33.81631 ], [ -110.63182, 33.81111 ], [ -110.6298, 33.80787 ], [ -110.62385, 33.813 ], [ -110.62608, 33.82282 ], [ -110.6237, 33.82557 ], [ -110.61653, 33.82136 ], [ -110.60687, 33.8232 ], [ -110.60026, 33.831 ], [ -110.59088, 33.82936 ], [ -110.58614, 33.83595 ], [ -110.56687, 33.82496 ], [ -110.55753, 33.83818 ] ] ] } },
{ "type": "Feature", "properties": { "name": "Sierra and Elko Fronts", "state": "Nevada", "region": "04", "project_id": "NPL006", "investment_year": 2023, "acres": 3386317, "edited": "2023-01-18" }, "geometry": { "type": "MultiPolygon", "coordinates": [ [ [ [ -119.66631, 39.79293 ], [ -119.66776, 39.77981 ], [ -119.66295, 39.77528 ], [ -119.6624, 39.76965 ], [ -119.66761, 39.76682 ], [ -119.65413, 39.74182 ], [ -119.64165, 39.73628 ], [ -119.65305, 39.72972 ], [ -119.65084, 39.72293 ], [ -119.65604, 39.71688 ], [ -119.65527, 39.70954 ], [ -119.65226, 39.70615 ], [ -119.62465, 39.70727 ], [ -119.61489, 39.70348 ], [ -119.6011, 39.70343 ], [ -119.60045, 39.69877 ], [ -119.59603, 39.69727 ], [ -119.59724, 39.69328 ], [ -119.60349, 39.69155 ], [ -119.59731, 39.67763 ], [ -119.60323, 39.66814 ], [ -119.60267, 39.65554 ], [ -119.58568, 39.64881 ], [ -119.61537, 39.6379 ], [ -119.61788, 39.62994 ], [ -119.62553, 39.6223 ], [ -119.62342, 39.61686 ], [ -119.62818, 39.61197 ], [ -119.62525, 39.60457 ], [ -119.62764, 39.59962 ], [ -119.6171, 39.58974 ], [ -119.63496, 39.5754 ], [ -119.64259, 39.56441 ], [ -119.6591, 39.55814 ], [ -119.65552, 39.55486 ], [ -119.66181, 39.54828 ], [ -119.65786, 39.54271 ], [ -119.6661, 39.53191 ], [ -119.65754, 39.53356 ], [ -119.65441, 39.52422 ], [ -119.62984, 39.52897 ], [ -119.62672, 39.51963 ], [ -119.61443, 39.522 ], [ -119.60196, 39.48463 ], [ -119.61424, 39.48226 ], [ -119.61113, 39.47292 ], [ -119.62341, 39.47055 ], [ -119.62029, 39.46121 ], [ -119.63257, 39.45884 ], [ -119.62945, 39.4495 ], [ -119.64173, 39.44713 ], [ -119.63861, 39.43779 ], [ -119.65088, 39.43541 ], [ -119.64777, 39.42607 ], [ -119.66004, 39.4237 ], [ -119.64445, 39.377 ], [ -119.63218, 39.37937 ], [ -119.62907, 39.37003 ], [ -119.61681, 39.37241 ], [ -119.6137, 39.36306 ], [ -119.50331, 39.38435 ], [ -119.50021, 39.375 ], [ -119.48794, 39.37736 ], [ -119.46629, 39.31195 ], [ -119.47294, 39.31068 ], [ -119.47571, 39.30429 ], [ -119.4631, 39.26288 ], [ -119.47535, 39.26052 ], [ -119.46918, 39.24183 ], [ -119.48142, 39.23948 ], [ -119.47525, 39.22079 ], [ -119.47992, 39.21989 ], [ -119.47196, 39.20832 ], [ -119.47857, 39.1993 ], [ -119.48864, 39.1997 ], [ -119.49239, 39.19157 ], [ -119.47855, 39.18478 ], [ -119.48006, 39.16558 ], [ -119.49024, 39.16031 ], [ -119.48787, 39.14886 ], [ -119.47601, 39.13752 ], [ -119.47315, 39.12807 ], [ -119.48198, 39.11782 ], [ -119.48499, 39.10521 ], [ -119.48853, 39.10214 ], [ -119.48914, 39.09361 ], [ -119.4848, 39.08554 ], [ -119.49189, 39.07324 ], [ -119.48978, 39.06637 ], [ -119.48151, 39.06119 ], [ -119.47722, 39.05417 ], [ -119.48073, 39.04592 ], [ -119.48001, 39.03849 ], [ -119.4736, 39.0274 ], [ -119.47391, 39.02128 ], [ -119.46649, 39.01414 ], [ -119.46591, 38.98531 ], [ -119.46055, 38.97854 ], [ -119.45828, 38.96333 ], [ -119.45483, 38.95903 ], [ -119.45778, 38.95203 ], [ -119.46947, 38.94544 ], [ -119.45967, 38.92756 ], [ -119.47266, 38.92788 ], [ -119.47023, 38.91517 ], [ -119.4758, 38.91461 ], [ -119.47959, 38.90204 ], [ -119.48433, 38.8985 ], [ -119.48291, 38.89076 ], [ -119.48777, 38.87955 ], [ -119.48071, 38.86613 ], [ -119.50449, 38.86865 ], [ -119.50251, 38.85873 ], [ -119.50844, 38.85233 ], [ -119.50628, 38.84957 ], [ -119.50872, 38.84202 ], [ -119.50488, 38.8364 ], [ -119.51332, 38.82943 ], [ -119.51374, 38.81846 ], [ -119.51937, 38.81195 ], [ -119.47447, 38.79792 ], [ -119.47344, 38.79454 ], [ -119.46674, 38.79436 ], [ -119.46171, 38.7894 ], [ -119.42797, 38.79213 ], [ -119.39993, 38.80351 ], [ -119.36064, 38.81125 ], [ -119.34807, 38.81881 ], [ -119.3524, 38.82287 ], [ -119.33228, 38.83623 ], [ -119.32969, 38.84747 ], [ -119.32364, 38.85631 ], [ -119.25571, 38.90514 ], [ -119.25219, 38.9178 ], [ -119.22469, 38.91037 ], [ -119.22376, 38.88784 ], [ -119.20863, 38.88634 ], [ -119.19853, 38.87661 ], [ -119.19072, 38.87539 ], [ -119.18412, 38.87863 ], [ -119.18094, 38.89409 ], [ -119.17315, 38.88878 ], [ -119.16856, 38.87216 ], [ -119.14471, 38.85262 ], [ -119.1437, 38.83577 ], [ -119.12678, 38.82521 ], [ -119.12143, 38.81457 ], [ -119.12337, 38.8022 ], [ -119.11267, 38.77587 ], [ -119.11881, 38.7585 ], [ -119.12497, 38.75311 ], [ -119.13736, 38.75247 ], [ -119.13698, 38.74508 ], [ -119.14128, 38.74092 ], [ -119.14684, 38.72101 ], [ -119.16314, 38.70476 ], [ -119.16235, 38.69884 ], [ -119.16717, 38.69601 ], [ -119.16692, 38.69281 ], [ -119.18647, 38.68244 ], [ -119.17353, 38.67584 ], [ -119.17045, 38.6693 ], [ -119.16654, 38.66816 ], [ -119.16673, 38.66346 ], [ -119.17485, 38.65684 ], [ -119.17407, 38.65241 ], [ -119.16382, 38.65114 ], [ -119.16127, 38.64155 ], [ -119.15562, 38.63802 ], [ -119.13506, 38.6384 ], [ -119.11514, 38.6495 ], [ -119.09992, 38.6382 ], [ -119.10666, 38.6382 ], [ -119.10669, 38.64139 ], [ -119.11035, 38.64201 ], [ -119.12377, 38.63125 ], [ -119.12246, 38.62498 ], [ -119.13333, 38.60839 ], [ -119.12855, 38.60479 ], [ -119.13369, 38.5981 ], [ -119.12875, 38.59808 ], [ -119.12136, 38.59184 ], [ -119.12471, 38.58481 ], [ -119.12061, 38.58116 ], [ -119.12851, 38.57786 ], [ -119.12813, 38.57327 ], [ -119.13971, 38.57597 ], [ -119.15533, 38.57352 ], [ -119.15378, 38.56784 ], [ -119.16499, 38.56785 ], [ -119.16708, 38.56159 ], [ -119.17274, 38.56276 ], [ -119.17877, 38.55896 ], [ -119.17741, 38.55571 ], [ -119.16959, 38.55568 ], [ -119.16574, 38.55358 ], [ -119.18788, 38.55399 ], [ -119.18669, 38.55052 ], [ -119.19114, 38.54805 ], [ -119.19053, 38.54001 ], [ -119.18012, 38.53657 ], [ -119.18099, 38.53154 ], [ -119.17622, 38.53305 ], [ -119.176, 38.52853 ], [ -119.16764, 38.52123 ], [ -119.17128, 38.51742 ], [ -119.16074, 38.51085 ], [ -119.17026, 38.49865 ], [ -119.17512, 38.49699 ], [ -119.17514, 38.49457 ], [ -119.16904, 38.49386 ], [ -119.17895, 38.49012 ], [ -119.17192, 38.48646 ], [ -119.16872, 38.49034 ], [ -119.17043, 38.48628 ], [ -119.16682, 38.48273 ], [ -119.17243, 38.47869 ], [ -119.16833, 38.47263 ], [ -119.16087, 38.47479 ], [ -119.16012, 38.46985 ], [ -119.14694, 38.47324 ], [ -119.14283, 38.47531 ], [ -119.14369, 38.47768 ], [ -119.11948, 38.47165 ], [ -119.11918, 38.49313 ], [ -119.1083, 38.49318 ], [ -119.1056, 38.48992 ], [ -119.10068, 38.4934 ], [ -119.09682, 38.49045 ], [ -119.09106, 38.49595 ], [ -119.08753, 38.49085 ], [ -119.07908, 38.49372 ], [ -119.07779, 38.49002 ], [ -119.07241, 38.49027 ], [ -119.07246, 38.49295 ], [ -119.06949, 38.48962 ], [ -119.06205, 38.49017 ], [ -119.06583, 38.48444 ], [ -119.06209, 38.48208 ], [ -119.0603, 38.47347 ], [ -119.05551, 38.47159 ], [ -119.0503, 38.4746 ], [ -119.05721, 38.47866 ], [ -119.06099, 38.4874 ], [ -119.0579, 38.48936 ], [ -119.05327, 38.48146 ], [ -119.04691, 38.48349 ], [ -119.04133, 38.47402 ], [ -119.04283, 38.45644 ], [ -119.03489, 38.45004 ], [ -119.02911, 38.44998 ], [ -119.03134, 38.43917 ], [ -119.01325, 38.43496 ], [ -119.01052, 38.42586 ], [ -119.00538, 38.42451 ], [ -118.99886, 38.409 ], [ -118.99189, 38.40298 ], [ -118.93844, 38.38624 ], [ -118.9384, 38.37898 ], [ -118.92852, 38.37894 ], [ -118.91983, 38.36799 ], [ -118.91204, 38.36797 ], [ -118.9044, 38.36354 ], [ -118.91125, 38.33463 ], [ -118.92909, 38.31968 ], [ -118.92957, 38.27824 ], [ -118.94296, 38.26856 ], [ -118.95103, 38.26785 ], [ -118.99537, 38.30048 ], [ -118.99536, 38.28597 ], [ -119.01345, 38.28567 ], [ -119.01354, 38.29305 ], [ -119.02737, 38.29341 ], [ -119.02746, 38.30143 ], [ -119.03569, 38.30349 ], [ -119.03666, 38.30088 ], [ -119.04585, 38.30088 ], [ -119.04689, 38.31749 ], [ -119.06284, 38.31759 ], [ -119.06625, 38.30828 ], [ -119.06422, 38.30459 ], [ -119.06888, 38.30459 ], [ -119.07338, 38.29724 ], [ -119.08357, 38.29675 ], [ -119.09114, 38.28928 ], [ -119.09138, 38.27524 ], [ -119.14442, 38.2741 ], [ -119.15537, 38.27898 ], [ -119.15527, 38.27171 ], [ -119.15795, 38.27169 ], [ -119.15795, 38.27533 ], [ -119.16256, 38.27532 ], [ -119.16256, 38.27169 ], [ -119.16845, 38.27364 ], [ -119.17661, 38.27024 ], [ -119.19075, 38.27099 ], [ -119.20402, 38.26591 ], [ -119.20402, 38.25353 ], [ -119.20752, 38.25353 ], [ -119.20329, 38.24643 ], [ -119.20477, 38.24408 ], [ -119.2103, 38.24231 ], [ -119.21777, 38.2463 ], [ -119.21775, 38.22815 ], [ -119.2086, 38.22452 ], [ -119.20861, 38.21366 ], [ -119.21318, 38.21366 ], [ -119.21317, 38.19554 ], [ -119.20858, 38.19554 ], [ -119.20896, 38.19147 ], [ -119.19756, 38.18293 ], [ -119.18724, 38.15731 ], [ -119.17755, 38.11458 ], [ -119.17824, 38.09569 ], [ -119.18214, 38.08823 ], [ -119.17808, 38.08319 ], [ -119.17843, 38.07579 ], [ -119.17413, 38.07464 ], [ -119.16305, 38.0844 ], [ -119.15831, 38.08271 ], [ -119.16983, 38.06909 ], [ -119.16189, 38.04701 ], [ -119.20885, 38.04364 ], [ -119.21537, 38.04403 ], [ -119.22223, 38.04904 ], [ -119.25619, 38.03879 ], [ -119.26769, 38.04696 ], [ -119.27518, 38.06643 ], [ -119.27371, 38.07405 ], [ -119.27867, 38.07756 ], [ -119.27786, 38.09076 ], [ -119.28843, 38.1006 ], [ -119.30192, 38.1006 ], [ -119.3133, 38.10627 ], [ -119.31002, 38.11312 ], [ -119.30412, 38.11206 ], [ -119.30085, 38.11813 ], [ -119.30828, 38.12493 ], [ -119.31205, 38.13977 ], [ -119.31649, 38.14277 ], [ -119.32199, 38.15646 ], [ -119.33767, 38.14982 ], [ -119.34207, 38.14142 ], [ -119.36034, 38.13962 ], [ -119.36606, 38.13213 ], [ -119.37296, 38.13553 ], [ -119.3776, 38.12988 ], [ -119.383, 38.1394 ], [ -119.39055, 38.13839 ], [ -119.39825, 38.14422 ], [ -119.38633, 38.16573 ], [ -119.36058, 38.1775 ], [ -119.35683, 38.19178 ], [ -119.3651, 38.20452 ], [ -119.38497, 38.20509 ], [ -119.39365, 38.22196 ], [ -119.42184, 38.19447 ], [ -119.43619, 38.18719 ], [ -119.44026, 38.18793 ], [ -119.4251, 38.20083 ], [ -119.41301, 38.21751 ], [ -119.41851, 38.22053 ], [ -119.40842, 38.2289 ], [ -119.40909, 38.23321 ], [ -119.40491, 38.23185 ], [ -119.39825, 38.23553 ], [ -119.40063, 38.23995 ], [ -119.38732, 38.2541 ], [ -119.38478, 38.26295 ], [ -119.39404, 38.26265 ], [ -119.39215, 38.26773 ], [ -119.42709, 38.2744 ], [ -119.43013, 38.26193 ], [ -119.43618, 38.25679 ], [ -119.43003, 38.27439 ], [ -119.4593, 38.26274 ], [ -119.47635, 38.27704 ], [ -119.4739, 38.28162 ], [ -119.478, 38.28741 ], [ -119.47252, 38.29441 ], [ -119.48646, 38.29153 ], [ -119.5021, 38.30008 ], [ -119.55464, 38.30241 ], [ -119.5554, 38.30985 ], [ -119.56434, 38.31949 ], [ -119.56982, 38.30708 ], [ -119.57015, 38.29369 ], [ -119.58474, 38.28833 ], [ -119.5903, 38.27934 ], [ -119.59622, 38.27649 ], [ -119.59848, 38.26566 ], [ -119.6046, 38.2661 ], [ -119.61297, 38.26109 ], [ -119.62994, 38.26892 ], [ -119.63734, 38.27839 ], [ -119.64278, 38.27865 ], [ -119.65119, 38.28607 ], [ -119.64244, 38.294 ], [ -119.64221, 38.31549 ], [ -119.64485, 38.32143 ], [ -119.63494, 38.32928 ], [ -119.63191, 38.34425 ], [ -119.62792, 38.34809 ], [ -119.63561, 38.3539 ], [ -119.60649, 38.36784 ], [ -119.61852, 38.38159 ], [ -119.62196, 38.39394 ], [ -119.60199, 38.40564 ], [ -119.58359, 38.39675 ], [ -119.58143, 38.4004 ], [ -119.56272, 38.40925 ], [ -119.56149, 38.42015 ], [ -119.56592, 38.42226 ], [ -119.57019, 38.43492 ], [ -119.56366, 38.43782 ], [ -119.55646, 38.44729 ], [ -119.559, 38.46042 ], [ -119.55614, 38.47009 ], [ -119.54607, 38.47413 ], [ -119.54238, 38.48114 ], [ -119.54547, 38.48992 ], [ -119.54287, 38.4998 ], [ -119.55647, 38.50178 ], [ -119.5589, 38.50534 ], [ -119.55645, 38.5162 ], [ -119.56702, 38.51343 ], [ -119.57036, 38.5174 ], [ -119.56596, 38.52218 ], [ -119.56767, 38.53741 ], [ -119.57052, 38.5417 ], [ -119.57469, 38.54098 ], [ -119.58378, 38.55213 ], [ -119.59097, 38.5765 ], [ -119.61263, 38.57674 ], [ -119.61252, 38.56122 ], [ -119.63051, 38.56111 ], [ -119.63063, 38.57619 ], [ -119.65716, 38.57615 ], [ -119.65792, 38.59152 ], [ -119.67639, 38.60234 ], [ -119.68056, 38.60001 ], [ -119.69202, 38.57326 ], [ -119.70016, 38.5741 ], [ -119.7005, 38.59445 ], [ -119.71564, 38.59273 ], [ -119.72377, 38.58717 ], [ -119.73171, 38.57437 ], [ -119.73982, 38.57524 ], [ -119.75807, 38.56716 ], [ -119.76294, 38.56187 ], [ -119.76363, 38.55474 ], [ -119.75552, 38.54448 ], [ -119.75859, 38.5368 ], [ -119.76947, 38.52824 ], [ -119.77214, 38.51822 ], [ -119.7851, 38.51922 ], [ -119.78992, 38.52246 ], [ -119.78983, 38.52865 ], [ -119.79786, 38.53504 ], [ -119.79946, 38.54008 ], [ -119.80981, 38.54277 ], [ -119.81482, 38.54761 ], [ -119.81963, 38.54707 ], [ -119.82432, 38.5517 ], [ -119.8338, 38.55246 ], [ -119.83191, 38.55661 ], [ -119.83498, 38.56177 ], [ -119.82791, 38.56807 ], [ -119.8298, 38.57112 ], [ -119.82483, 38.57862 ], [ -119.81947, 38.584 ], [ -119.81067, 38.58403 ], [ -119.80822, 38.60785 ], [ -119.80222, 38.61157 ], [ -119.80127, 38.61799 ], [ -119.7881, 38.61798 ], [ -119.78537, 38.62652 ], [ -119.79683, 38.63792 ], [ -119.81387, 38.63808 ], [ -119.81749, 38.64449 ], [ -119.82363, 38.64474 ], [ -119.82966, 38.63789 ], [ -119.84513, 38.63989 ], [ -119.8358, 38.65418 ], [ -119.83184, 38.65439 ], [ -119.83183, 38.66702 ], [ -119.82837, 38.67359 ], [ -119.82312, 38.67569 ], [ -119.82287, 38.69129 ], [ -119.87448, 38.69115 ], [ -119.87671, 38.68247 ], [ -119.88184, 38.67845 ], [ -119.90086, 38.67636 ], [ -119.90078, 38.66912 ], [ -119.90522, 38.66909 ], [ -119.90571, 38.6529 ], [ -119.9151, 38.65177 ], [ -119.90941, 38.64743 ], [ -119.91059, 38.6414 ], [ -119.91533, 38.63948 ], [ -119.90836, 38.62735 ], [ -119.90835, 38.62121 ], [ -119.89644, 38.61932 ], [ -119.88872, 38.61604 ], [ -119.88846, 38.61295 ], [ -119.88189, 38.61685 ], [ -119.85986, 38.61425 ], [ -119.85603, 38.60737 ], [ -119.8581, 38.60046 ], [ -119.86789, 38.60097 ], [ -119.87326, 38.60657 ], [ -119.87706, 38.60209 ], [ -119.88308, 38.60578 ], [ -119.89447, 38.60402 ], [ -119.89931, 38.59739 ], [ -119.90716, 38.59594 ], [ -119.90851, 38.60142 ], [ -119.92488, 38.61159 ], [ -119.91354, 38.62279 ], [ -119.92214, 38.62602 ], [ -119.92082, 38.63094 ], [ -119.92465, 38.63582 ], [ -119.93204, 38.64002 ], [ -119.94487, 38.64111 ], [ -119.95163, 38.6456 ], [ -119.95105, 38.65243 ], [ -119.95838, 38.66034 ], [ -119.96194, 38.66283 ], [ -119.96979, 38.66144 ], [ -119.97004, 38.67583 ], [ -119.96538, 38.67578 ], [ -119.96549, 38.69046 ], [ -119.98844, 38.69054 ], [ -119.98719, 38.69566 ], [ -119.99291, 38.70092 ], [ -119.99277, 38.70837 ], [ -119.98584, 38.71559 ], [ -119.9881, 38.72236 ], [ -119.98498, 38.73365 ], [ -119.98828, 38.73687 ], [ -119.98299, 38.74743 ], [ -119.98527, 38.75335 ], [ -119.98179, 38.76156 ], [ -119.97111, 38.7641 ], [ -119.96759, 38.77637 ], [ -119.94804, 38.78158 ], [ -119.93974, 38.79381 ], [ -119.94415, 38.79668 ], [ -119.94288, 38.80221 ], [ -119.92109, 38.82144 ], [ -119.92404, 38.82527 ], [ -119.92296, 38.82949 ], [ -119.90844, 38.83438 ], [ -119.90573, 38.85574 ], [ -119.89164, 38.85711 ], [ -119.88017, 38.86414 ], [ -119.87692, 38.87104 ], [ -119.87875, 38.87513 ], [ -119.88886, 38.87915 ], [ -119.8828, 38.88129 ], [ -119.87951, 38.88696 ], [ -119.88464, 38.89421 ], [ -119.87973, 38.89948 ], [ -119.88621, 38.91571 ], [ -119.9001, 38.92414 ], [ -119.89004, 38.92501 ], [ -119.89439, 38.9467 ], [ -119.94201, 38.95921 ], [ -119.93526, 38.96983 ], [ -119.93621, 38.97729 ], [ -119.9485, 38.98809 ], [ -119.94862, 38.99434 ], [ -119.95589, 39.00069 ], [ -119.9471, 39.00429 ], [ -119.94522, 39.02459 ], [ -119.94941, 39.0365 ], [ -119.94856, 39.04654 ], [ -119.96707, 39.09518 ], [ -119.95486, 39.09759 ], [ -119.95801, 39.10692 ], [ -119.9458, 39.10932 ], [ -119.95209, 39.12798 ], [ -119.93987, 39.13039 ], [ -119.94302, 39.13972 ], [ -119.9308, 39.14212 ], [ -119.93709, 39.16078 ], [ -119.92487, 39.16319 ], [ -119.92658, 39.16825 ], [ -119.92316, 39.17464 ], [ -119.93042, 39.20343 ], [ -119.92718, 39.21847 ], [ -119.93241, 39.22469 ], [ -119.9321, 39.23216 ], [ -119.93531, 39.23664 ], [ -119.97591, 39.24957 ], [ -119.99605, 39.24796 ], [ -120.00669, 39.227 ], [ -120.02119, 39.23566 ], [ -120.00948, 39.2852 ], [ -120.00551, 39.28005 ], [ -120.00536, 39.30913 ], [ -120.00798, 39.30913 ], [ -120.008, 39.31271 ], [ -120.01275, 39.31271 ], [ -120.01277, 39.33064 ], [ -120.01755, 39.3306 ], [ -120.01754, 39.34498 ], [ -120.02231, 39.3449 ], [ -120.02231, 39.35207 ], [ -120.03026, 39.35201 ], [ -120.03016, 39.36332 ], [ -120.03562, 39.37436 ], [ -120.03451, 39.38164 ], [ -120.0392, 39.38161 ], [ -120.03911, 39.39617 ], [ -120.04377, 39.39618 ], [ -120.04364, 39.418 ], [ -120.04826, 39.41798 ], [ -120.04831, 39.43267 ], [ -120.05759, 39.43269 ], [ -120.05756, 39.45097 ], [ -120.05296, 39.45099 ], [ -120.05286, 39.46214 ], [ -120.04829, 39.46217 ], [ -120.04829, 39.46581 ], [ -120.03913, 39.46597 ], [ -120.03914, 39.47689 ], [ -120.04372, 39.47682 ], [ -120.04378, 39.49137 ], [ -120.03919, 39.49143 ], [ -120.03921, 39.49867 ], [ -120.0438, 39.49862 ], [ -120.04382, 39.50586 ], [ -120.05299, 39.50943 ], [ -120.05303, 39.51677 ], [ -120.06216, 39.52038 ], [ -120.06223, 39.52767 ], [ -120.06681, 39.52763 ], [ -120.06692, 39.53472 ], [ -120.08556, 39.53461 ], [ -120.08558, 39.57827 ], [ -120.10427, 39.57833 ], [ -120.10435, 39.61834 ], [ -120.11355, 39.61828 ], [ -120.11569, 39.62881 ], [ -120.12036, 39.62879 ], [ -120.12033, 39.63587 ], [ -120.12961, 39.6358 ], [ -120.12948, 39.64683 ], [ -120.13865, 39.6507 ], [ -120.13854, 39.66527 ], [ -120.12947, 39.6653 ], [ -120.12965, 39.6933 ], [ -120.13857, 39.6933 ], [ -120.1388, 39.70752 ], [ -120.14786, 39.70752 ], [ -120.14709, 39.73638 ], [ -120.01006, 39.72368 ], [ -119.99857, 39.79664 ], [ -119.98825, 39.79315 ], [ -119.97714, 39.79407 ], [ -119.97439, 39.78792 ], [ -119.96752, 39.78328 ], [ -119.96676, 39.77781 ], [ -119.97147, 39.77234 ], [ -119.96668, 39.76692 ], [ -119.9486, 39.76105 ], [ -119.94844, 39.75622 ], [ -119.94409, 39.75501 ], [ -119.93657, 39.76374 ], [ -119.93119, 39.76464 ], [ -119.92782, 39.77067 ], [ -119.92285, 39.7711 ], [ -119.91799, 39.78341 ], [ -119.9069, 39.77929 ], [ -119.87715, 39.78452 ], [ -119.8537, 39.78042 ], [ -119.84848, 39.79272 ], [ -119.84307, 39.79254 ], [ -119.83553, 39.80096 ], [ -119.82629, 39.79691 ], [ -119.81764, 39.80955 ], [ -119.81385, 39.80736 ], [ -119.80843, 39.8105 ], [ -119.80076, 39.80515 ], [ -119.79345, 39.80553 ], [ -119.78482, 39.79988 ], [ -119.78218, 39.79339 ], [ -119.773, 39.7977 ], [ -119.76112, 39.79224 ], [ -119.72846, 39.79381 ], [ -119.70556, 39.80691 ], [ -119.68134, 39.84713 ], [ -119.67453, 39.83885 ], [ -119.65174, 39.82872 ], [ -119.6489, 39.82486 ], [ -119.64854, 39.81563 ], [ -119.66631, 39.79293 ] ] ], [ [ [ -115.5006, 41.26702 ], [ -115.38607, 41.22653 ], [ -115.36074, 41.20588 ], [ -115.34409, 41.19832 ], [ -115.33667, 41.19586 ], [ -115.31836, 41.19862 ], [ -115.31048, 41.19629 ], [ -115.30146, 41.18651 ], [ -115.28643, 41.15439 ], [ -115.28139, 41.1329 ], [ -115.25266, 41.13546 ], [ -115.2385, 41.08557 ], [ -115.188, 41.08542 ], [ -115.086, 41.10065 ], [ -115.08536, 41.09195 ], [ -115.09491, 41.09195 ], [ -115.09494, 41.08473 ], [ -115.10936, 41.08476 ], [ -115.10936, 41.08113 ], [ -115.11898, 41.08114 ], [ -115.11897, 41.07024 ], [ -115.13964, 41.07029 ], [ -115.13964, 41.06297 ], [ -115.15891, 41.06303 ], [ -115.16061, 41.01896 ], [ -115.15109, 41.01893 ], [ -115.15108, 41.01171 ], [ -115.1606, 41.01172 ], [ -115.16059, 41.00446 ], [ -115.17491, 41.00444 ], [ -115.17488, 40.9972 ], [ -115.17965, 40.99719 ], [ -115.17968, 40.96818 ], [ -115.21793, 40.96816 ], [ -115.21811, 40.90844 ], [ -115.19897, 40.90826 ], [ -115.19889, 40.89371 ], [ -115.17489, 40.89361 ], [ -115.15253, 40.88934 ], [ -115.14601, 40.88653 ], [ -115.14117, 40.87918 ], [ -115.11193, 40.87925 ], [ -115.11191, 40.87563 ], [ -115.10238, 40.87928 ], [ -115.10232, 40.86471 ], [ -115.08488, 40.84451 ], [ -115.08486, 40.82065 ], [ -115.04697, 40.82054 ], [ -115.04631, 40.79965 ], [ -115.05602, 40.79965 ], [ -115.05576, 40.7924 ], [ -115.06579, 40.7924 ], [ -115.06581, 40.77782 ], [ -115.06504, 40.756 ], [ -115.04599, 40.75606 ], [ -115.04594, 40.73434 ], [ -115.05547, 40.73431 ], [ -115.05545, 40.72707 ], [ -115.06498, 40.72703 ], [ -115.06496, 40.71981 ], [ -115.08402, 40.71972 ], [ -115.084, 40.71248 ], [ -115.111, 40.71241 ], [ -115.11654, 40.70781 ], [ -115.11829, 40.70327 ], [ -115.11574, 40.694 ], [ -115.10923, 40.69191 ], [ -115.10408, 40.68474 ], [ -115.10321, 40.66852 ], [ -115.14505, 40.65645 ], [ -115.19555, 40.64848 ], [ -115.21989, 40.63693 ], [ -115.2663, 40.62808 ], [ -115.27654, 40.59948 ], [ -115.2935, 40.58891 ], [ -115.30199, 40.56514 ], [ -115.33035, 40.53407 ], [ -115.34462, 40.50687 ], [ -115.34291, 40.50142 ], [ -115.34621, 40.48857 ], [ -115.36416, 40.46254 ], [ -115.37747, 40.45011 ], [ -115.39462, 40.44496 ], [ -115.40203, 40.43591 ], [ -115.40226, 40.43096 ], [ -115.40499, 40.43098 ], [ -115.41977, 40.41125 ], [ -115.42666, 40.40935 ], [ -115.42675, 40.40215 ], [ -115.43353, 40.39539 ], [ -115.43328, 40.38281 ], [ -115.44523, 40.3688 ], [ -115.4513, 40.35456 ], [ -115.44965, 40.34981 ], [ -115.45274, 40.33945 ], [ -115.44915, 40.33715 ], [ -115.44945, 40.31532 ], [ -115.45198, 40.30444 ], [ -115.45472, 40.30444 ], [ -115.45668, 40.2899 ], [ -115.46139, 40.28994 ], [ -115.46209, 40.25756 ], [ -115.47526, 40.25759 ], [ -115.48372, 40.23623 ], [ -115.48813, 40.21999 ], [ -115.486, 40.21237 ], [ -115.49238, 40.20285 ], [ -115.49385, 40.19439 ], [ -115.49114, 40.17383 ], [ -115.49485, 40.17385 ], [ -115.49934, 40.16764 ], [ -115.50078, 40.15581 ], [ -115.50447, 40.15583 ], [ -115.51985, 40.13813 ], [ -115.51985, 40.13435 ], [ -115.52945, 40.1286 ], [ -115.5296, 40.11644 ], [ -115.53678, 40.09311 ], [ -115.53185, 40.07294 ], [ -115.53164, 40.05478 ], [ -115.55061, 40.05477 ], [ -115.5508, 40.01841 ], [ -115.62501, 40.01812 ], [ -115.62493, 40.02541 ], [ -115.68116, 40.02603 ], [ -115.68042, 40.06999 ], [ -115.69921, 40.07005 ], [ -115.69939, 40.17149 ], [ -115.64274, 40.17143 ], [ -115.64275, 40.2438 ], [ -115.63336, 40.24378 ], [ -115.63167, 40.27976 ], [ -115.61269, 40.27973 ], [ -115.6149, 40.30296 ], [ -115.62526, 40.32921 ], [ -115.6403, 40.34819 ], [ -115.64296, 40.35984 ], [ -115.65066, 40.36469 ], [ -115.64838, 40.37275 ], [ -115.65529, 40.38124 ], [ -115.6568, 40.398 ], [ -115.66826, 40.40912 ], [ -115.67078, 40.41911 ], [ -115.67945, 40.43089 ], [ -115.67703, 40.44488 ], [ -115.685, 40.45345 ], [ -115.70266, 40.45884 ], [ -115.70811, 40.46343 ], [ -115.70293, 40.47143 ], [ -115.70961, 40.46746 ], [ -115.71931, 40.47175 ], [ -115.72735, 40.46142 ], [ -115.74365, 40.46209 ], [ -115.76497, 40.45256 ], [ -115.81653, 40.4747 ], [ -115.81132, 40.49159 ], [ -115.80439, 40.49895 ], [ -115.80517, 40.5099 ], [ -115.79681, 40.515 ], [ -115.79174, 40.51429 ], [ -115.78688, 40.52375 ], [ -115.78635, 40.53665 ], [ -115.77936, 40.55646 ], [ -115.78062, 40.56597 ], [ -115.77461, 40.57486 ], [ -115.78921, 40.57962 ], [ -115.79161, 40.58546 ], [ -115.80164, 40.59253 ], [ -115.8111, 40.61293 ], [ -115.8175, 40.61397 ], [ -115.82062, 40.6226 ], [ -115.81831, 40.63056 ], [ -115.82965, 40.64925 ], [ -115.82191, 40.66519 ], [ -115.82096, 40.67257 ], [ -115.82412, 40.67872 ], [ -115.82882, 40.67617 ], [ -115.84069, 40.67696 ], [ -115.84313, 40.68089 ], [ -115.84137, 40.68446 ], [ -115.84458, 40.68517 ], [ -115.842, 40.69128 ], [ -115.88327, 40.69394 ], [ -115.88671, 40.6992 ], [ -115.90039, 40.70301 ], [ -115.90778, 40.69474 ], [ -115.91016, 40.67697 ], [ -115.91387, 40.67598 ], [ -115.91143, 40.66643 ], [ -115.92008, 40.67129 ], [ -115.93638, 40.66152 ], [ -115.94382, 40.66408 ], [ -115.94606, 40.66032 ], [ -115.95802, 40.65857 ], [ -115.97651, 40.63661 ], [ -115.98326, 40.63546 ], [ -115.991, 40.64427 ], [ -116.0029, 40.64478 ], [ -116.00821, 40.6381 ], [ -116.01724, 40.6363 ], [ -116.01979, 40.62892 ], [ -116.02498, 40.62577 ], [ -116.03388, 40.62743 ], [ -116.04904, 40.61952 ], [ -116.06187, 40.62276 ], [ -116.07075, 40.6208 ], [ -116.07341, 40.6253 ], [ -116.09262, 40.63683 ], [ -116.10264, 40.63186 ], [ -116.12641, 40.63412 ], [ -116.13349, 40.62535 ], [ -116.13399, 40.61645 ], [ -116.13854, 40.61568 ], [ -116.14099, 40.61087 ], [ -116.16327, 40.60689 ], [ -116.17733, 40.61616 ], [ -116.17302, 40.62757 ], [ -116.16441, 40.63326 ], [ -116.13634, 40.68189 ], [ -116.12822, 40.68859 ], [ -116.13345, 40.71853 ], [ -116.11902, 40.7187 ], [ -116.10277, 40.72331 ], [ -116.09345, 40.7327 ], [ -116.04591, 40.81321 ], [ -115.95163, 40.86262 ], [ -115.89819, 40.88126 ], [ -115.88972, 40.89356 ], [ -115.87604, 40.89293 ], [ -115.86627, 40.89949 ], [ -115.85803, 40.91661 ], [ -115.83683, 40.93557 ], [ -115.8309, 40.93576 ], [ -115.82699, 40.94367 ], [ -115.8171, 40.94683 ], [ -115.81084, 40.95375 ], [ -115.80854, 40.95942 ], [ -115.81079, 40.97016 ], [ -115.80413, 40.97655 ], [ -115.80242, 40.99098 ], [ -115.79084, 40.99253 ], [ -115.78954, 40.998 ], [ -115.77477, 40.99985 ], [ -115.75894, 41.01951 ], [ -115.75975, 41.02688 ], [ -115.75411, 41.02462 ], [ -115.75254, 41.02831 ], [ -115.74408, 41.03169 ], [ -115.74228, 41.03947 ], [ -115.73659, 41.04452 ], [ -115.73817, 41.068 ], [ -115.73103, 41.07506 ], [ -115.72805, 41.08474 ], [ -115.7205, 41.09058 ], [ -115.72596, 41.10027 ], [ -115.72223, 41.10599 ], [ -115.71111, 41.11016 ], [ -115.6975, 41.12321 ], [ -115.70363, 41.12869 ], [ -115.7061, 41.14035 ], [ -115.71353, 41.14549 ], [ -115.71175, 41.1496 ], [ -115.70163, 41.15685 ], [ -115.69956, 41.16618 ], [ -115.69494, 41.16996 ], [ -115.68268, 41.17371 ], [ -115.68202, 41.17793 ], [ -115.67355, 41.18218 ], [ -115.65592, 41.18547 ], [ -115.64914, 41.1929 ], [ -115.65429, 41.20263 ], [ -115.65091, 41.20386 ], [ -115.6508, 41.20893 ], [ -115.65394, 41.21047 ], [ -115.65779, 41.22159 ], [ -115.65283, 41.22452 ], [ -115.65612, 41.22916 ], [ -115.6476, 41.24386 ], [ -115.65576, 41.2464 ], [ -115.65793, 41.25349 ], [ -115.56838, 41.26284 ], [ -115.52201, 41.27773 ], [ -115.50736, 41.27572 ], [ -115.5006, 41.26702 ] ] ] ] } },
{ "type": "Feature", "properties": { "name": "Southern California Fireshed Risk Reduction Strategy", "state": "California", "region": "05", "project_id": "NPL012", "investment_year": 2023, "acres": 4044292, "edited": "2023-01-18" }, "geometry": { "type": "MultiPolygon", "coordinates": [ [ [ [ -120.74997, 35.46122 ], [ -120.74839, 35.44018 ], [ -120.70602, 35.44068 ], [ -120.68271, 35.42999 ], [ -120.68308, 35.4185 ], [ -120.64712, 35.41858 ], [ -120.6467, 35.39671 ], [ -120.66442, 35.39693 ], [ -120.66605, 35.38963 ], [ -120.66078, 35.3798 ], [ -120.65364, 35.3776 ], [ -120.64638, 35.36913 ], [ -120.61198, 35.36885 ], [ -120.6124, 35.35336 ], [ -120.57577, 35.35302 ], [ -120.5741, 35.34814 ], [ -120.50744, 35.30544 ], [ -120.49781, 35.29471 ], [ -120.48886, 35.29455 ], [ -120.47254, 35.28738 ], [ -120.41871, 35.28633 ], [ -120.39781, 35.28902 ], [ -120.29002, 35.29049 ], [ -120.28997, 35.30544 ], [ -120.30778, 35.30546 ], [ -120.30781, 35.31712 ], [ -120.32631, 35.31804 ], [ -120.32649, 35.33231 ], [ -120.34418, 35.33288 ], [ -120.34445, 35.34755 ], [ -120.36209, 35.34777 ], [ -120.36216, 35.36216 ], [ -120.38079, 35.36257 ], [ -120.381, 35.37702 ], [ -120.39892, 35.37691 ], [ -120.39897, 35.39145 ], [ -120.41907, 35.39248 ], [ -120.41905, 35.3964 ], [ -120.43709, 35.39598 ], [ -120.43676, 35.43202 ], [ -120.43352, 35.44053 ], [ -120.30894, 35.44075 ], [ -120.30832, 35.40371 ], [ -120.27311, 35.40372 ], [ -120.27256, 35.39599 ], [ -120.25522, 35.39632 ], [ -120.25481, 35.38171 ], [ -120.23738, 35.38175 ], [ -120.23725, 35.35267 ], [ -120.20191, 35.35226 ], [ -120.20159, 35.32287 ], [ -120.16584, 35.3231 ], [ -120.16598, 35.26457 ], [ -120.13035, 35.26463 ], [ -120.13034, 35.23548 ], [ -120.11249, 35.23543 ], [ -120.11258, 35.22091 ], [ -120.09485, 35.2209 ], [ -120.0951, 35.19175 ], [ -120.11257, 35.19185 ], [ -120.11221, 35.17755 ], [ -119.98773, 35.17639 ], [ -119.9878, 35.1034 ], [ -120.00624, 35.10404 ], [ -120.00627, 35.09161 ], [ -120.0815, 35.10955 ], [ -120.08434, 35.106 ], [ -120.00998, 35.054 ], [ -120.0103, 35.03959 ], [ -120.00172, 35.03926 ], [ -120.00165, 35.03187 ], [ -119.99294, 35.03151 ], [ -119.99293, 35.01677 ], [ -119.97726, 35.01598 ], [ -119.97729, 35.00134 ], [ -119.95969, 35.00135 ], [ -119.95968, 34.98671 ], [ -119.94207, 34.98669 ], [ -119.94192, 34.97233 ], [ -119.92448, 34.97219 ], [ -119.92417, 34.95743 ], [ -119.88802, 34.95696 ], [ -119.88788, 34.94246 ], [ -119.86996, 34.94232 ], [ -119.8699, 34.9351 ], [ -119.82628, 34.93406 ], [ -119.82687, 34.92786 ], [ -119.79905, 34.92646 ], [ -119.79895, 34.9124 ], [ -119.76459, 34.91136 ], [ -119.76345, 34.89854 ], [ -119.74585, 34.89862 ], [ -119.74585, 34.89135 ], [ -119.72827, 34.89148 ], [ -119.72832, 34.88421 ], [ -119.67536, 34.88389 ], [ -119.67547, 34.85489 ], [ -119.65793, 34.85488 ], [ -119.65779, 34.86938 ], [ -119.56674, 34.86885 ], [ -119.56719, 34.85497 ], [ -119.54979, 34.85431 ], [ -119.54958, 34.84002 ], [ -119.50563, 34.84119 ], [ -119.50563, 34.83464 ], [ -119.49675, 34.83501 ], [ -119.49675, 34.81583 ], [ -119.47127, 34.81582 ], [ -119.47128, 34.79269 ], [ -119.45361, 34.79235 ], [ -119.45368, 34.77759 ], [ -119.4364, 34.77739 ], [ -119.43566, 34.82925 ], [ -119.45327, 34.82925 ], [ -119.45328, 34.85103 ], [ -119.45768, 34.85102 ], [ -119.45767, 34.84739 ], [ -119.48873, 34.84796 ], [ -119.48864, 34.85524 ], [ -119.47982, 34.85522 ], [ -119.47989, 34.85159 ], [ -119.47544, 34.85101 ], [ -119.47526, 34.85464 ], [ -119.47086, 34.85464 ], [ -119.47088, 34.88021 ], [ -119.45332, 34.88015 ], [ -119.45328, 34.90131 ], [ -119.17013, 34.90197 ], [ -119.17013, 34.90519 ], [ -119.06508, 34.90522 ], [ -119.06506, 34.89762 ], [ -118.97665, 34.89768 ], [ -118.97669, 34.88401 ], [ -118.95891, 34.88405 ], [ -118.95875, 34.86965 ], [ -118.94143, 34.86963 ], [ -118.94167, 34.87665 ], [ -118.93338, 34.87665 ], [ -118.93343, 34.88388 ], [ -118.90644, 34.88377 ], [ -118.90759, 34.78877 ], [ -118.89872, 34.78879 ], [ -118.89912, 34.77412 ], [ -118.89016, 34.77418 ], [ -118.89045, 34.76679 ], [ -118.90814, 34.76674 ], [ -118.90822, 34.75938 ], [ -118.89947, 34.75939 ], [ -118.8995, 34.74488 ], [ -118.89069, 34.74488 ], [ -118.89081, 34.73019 ], [ -118.87321, 34.73013 ], [ -118.87332, 34.72169 ], [ -118.86452, 34.72165 ], [ -118.86457, 34.71435 ], [ -118.84691, 34.71427 ], [ -118.84698, 34.70697 ], [ -118.83818, 34.70691 ], [ -118.83825, 34.69967 ], [ -118.82484, 34.69952 ], [ -118.82488, 34.70453 ], [ -118.81828, 34.70851 ], [ -118.8028, 34.71152 ], [ -118.80285, 34.69932 ], [ -118.79416, 34.69952 ], [ -118.79325, 34.75254 ], [ -118.76655, 34.75269 ], [ -118.76668, 34.74542 ], [ -118.75788, 34.74549 ], [ -118.75794, 34.73829 ], [ -118.74908, 34.73841 ], [ -118.74909, 34.73127 ], [ -118.71385, 34.72972 ], [ -118.71365, 34.7455 ], [ -118.67342, 34.74407 ], [ -118.64287, 34.73534 ], [ -118.64292, 34.72927 ], [ -118.62524, 34.72932 ], [ -118.62272, 34.73426 ], [ -118.62021, 34.73427 ], [ -118.62015, 34.73063 ], [ -118.60718, 34.73067 ], [ -118.61144, 34.72627 ], [ -118.60712, 34.72446 ], [ -118.60709, 34.71726 ], [ -118.56332, 34.71609 ], [ -118.56355, 34.70891 ], [ -118.52819, 34.71008 ], [ -118.52821, 34.70279 ], [ -118.43954, 34.70234 ], [ -118.43938, 34.68825 ], [ -118.41301, 34.68793 ], [ -118.41287, 34.67393 ], [ -118.4033, 34.67395 ], [ -118.40333, 34.65938 ], [ -118.39454, 34.65938 ], [ -118.39455, 34.64482 ], [ -118.37705, 34.64489 ], [ -118.37702, 34.63065 ], [ -118.35826, 34.63057 ], [ -118.35823, 34.62351 ], [ -118.34071, 34.6235 ], [ -118.34072, 34.61626 ], [ -118.32358, 34.61625 ], [ -118.32356, 34.60189 ], [ -118.30549, 34.6017 ], [ -118.30539, 34.58057 ], [ -118.28769, 34.57997 ], [ -118.29047, 34.52508 ], [ -118.31015, 34.5254 ], [ -118.30836, 34.52013 ], [ -118.31068, 34.52016 ], [ -118.31104, 34.52541 ], [ -118.36163, 34.52566 ], [ -118.36183, 34.51114 ], [ -118.3791, 34.51097 ], [ -118.37897, 34.49631 ], [ -118.38768, 34.49614 ], [ -118.38823, 34.4815 ], [ -118.44087, 34.4811 ], [ -118.44082, 34.49562 ], [ -118.45846, 34.49583 ], [ -118.46733, 34.49577 ], [ -118.4675, 34.48578 ], [ -118.47631, 34.48486 ], [ -118.47635, 34.4812 ], [ -118.53788, 34.48166 ], [ -118.53779, 34.50349 ], [ -118.591, 34.50373 ], [ -118.58918, 34.53996 ], [ -118.60804, 34.54006 ], [ -118.60806, 34.56019 ], [ -118.61078, 34.55949 ], [ -118.61511, 34.56013 ], [ -118.61637, 34.56193 ], [ -118.61639, 34.56328 ], [ -118.61552, 34.56469 ], [ -118.61617, 34.56424 ], [ -118.619, 34.56529 ], [ -118.62368, 34.56808 ], [ -118.62547, 34.56677 ], [ -118.62425, 34.56838 ], [ -118.62087, 34.56759 ], [ -118.61517, 34.5651 ], [ -118.61506, 34.56043 ], [ -118.60873, 34.56019 ], [ -118.60809, 34.57365 ], [ -118.63102, 34.5738 ], [ -118.62548, 34.57234 ], [ -118.62869, 34.57102 ], [ -118.64549, 34.57966 ], [ -118.65328, 34.58852 ], [ -118.66081, 34.58867 ], [ -118.66059, 34.55924 ], [ -118.66934, 34.55926 ], [ -118.66918, 34.54016 ], [ -118.67885, 34.54016 ], [ -118.68315, 34.54574 ], [ -118.70633, 34.51909 ], [ -118.76594, 34.48259 ], [ -118.77116, 34.46779 ], [ -118.93681, 34.46849 ], [ -118.9376, 34.4444 ], [ -118.95504, 34.44403 ], [ -118.95536, 34.42248 ], [ -119.00768, 34.42181 ], [ -119.06002, 34.42238 ], [ -119.06002, 34.42965 ], [ -119.07754, 34.42967 ], [ -119.07753, 34.43694 ], [ -119.11238, 34.43705 ], [ -119.11269, 34.45162 ], [ -119.1273, 34.45165 ], [ -119.12731, 34.4477 ], [ -119.16229, 34.44799 ], [ -119.16267, 34.46261 ], [ -119.22539, 34.46307 ], [ -119.23229, 34.46609 ], [ -119.24195, 34.46335 ], [ -119.28875, 34.4637 ], [ -119.28837, 34.46699 ], [ -119.36914, 34.42169 ], [ -119.37719, 34.39174 ], [ -119.44019, 34.39456 ], [ -119.45139, 34.39893 ], [ -119.45143, 34.40323 ], [ -119.45585, 34.40329 ], [ -119.45595, 34.41053 ], [ -119.46478, 34.41063 ], [ -119.46482, 34.41426 ], [ -119.48252, 34.41069 ], [ -119.48251, 34.41432 ], [ -119.50022, 34.41408 ], [ -119.50021, 34.41764 ], [ -119.51325, 34.41775 ], [ -119.51323, 34.42137 ], [ -119.52194, 34.42153 ], [ -119.52192, 34.42517 ], [ -119.56637, 34.42549 ], [ -119.56635, 34.45074 ], [ -119.63867, 34.45023 ], [ -119.63861, 34.45386 ], [ -119.6533, 34.4538 ], [ -119.65328, 34.45743 ], [ -119.68808, 34.45681 ], [ -119.68816, 34.46076 ], [ -119.706, 34.46106 ], [ -119.70602, 34.46465 ], [ -119.71471, 34.4647 ], [ -119.7147, 34.46112 ], [ -119.7322, 34.46117 ], [ -119.73218, 34.46474 ], [ -119.7411, 34.46473 ], [ -119.74106, 34.47187 ], [ -119.82618, 34.47185 ], [ -119.82618, 34.46825 ], [ -119.85691, 34.46816 ], [ -119.85696, 34.47187 ], [ -119.86124, 34.47175 ], [ -119.86126, 34.46816 ], [ -119.91368, 34.46835 ], [ -119.91374, 34.47199 ], [ -119.91806, 34.47197 ], [ -119.91806, 34.46839 ], [ -119.96209, 34.46861 ], [ -119.96207, 34.49448 ], [ -120.06162, 34.50085 ], [ -120.06116, 34.49363 ], [ -120.22078, 34.49515 ], [ -120.19086, 34.52346 ], [ -120.15598, 34.52355 ], [ -120.15559, 34.53809 ], [ -120.0717, 34.53753 ], [ -120.069, 34.5323 ], [ -119.97111, 34.5537 ], [ -119.97103, 34.57215 ], [ -119.9178, 34.54938 ], [ -119.84941, 34.539 ], [ -119.82137, 34.54332 ], [ -119.79805, 34.55687 ], [ -119.76309, 34.59895 ], [ -119.79915, 34.63544 ], [ -119.84756, 34.66199 ], [ -119.95173, 34.66363 ], [ -119.95113, 34.67776 ], [ -119.98318, 34.67811 ], [ -119.98373, 34.72012 ], [ -120.00093, 34.72066 ], [ -120.06543, 34.77154 ], [ -120.0212, 34.83756 ], [ -120.19239, 34.89665 ], [ -120.19167, 35.00731 ], [ -120.14016, 35.00649 ], [ -120.13978, 35.06445 ], [ -120.19184, 35.06427 ], [ -120.19185, 35.07903 ], [ -120.20902, 35.07881 ], [ -120.20902, 35.06449 ], [ -120.26153, 35.06451 ], [ -120.26046, 35.07889 ], [ -120.27843, 35.07932 ], [ -120.27855, 35.09295 ], [ -120.31046, 35.09295 ], [ -120.31292, 35.12086 ], [ -120.2432, 35.12078 ], [ -120.24291, 35.17868 ], [ -120.3138, 35.17851 ], [ -120.31404, 35.22103 ], [ -120.33097, 35.22097 ], [ -120.33056, 35.23156 ], [ -120.33922, 35.23155 ], [ -120.33931, 35.22794 ], [ -120.34364, 35.22795 ], [ -120.34346, 35.23523 ], [ -120.36552, 35.23496 ], [ -120.36773, 35.24992 ], [ -120.41863, 35.24943 ], [ -120.41855, 35.22183 ], [ -120.4706, 35.21971 ], [ -120.47042, 35.23419 ], [ -120.48758, 35.23425 ], [ -120.48759, 35.21953 ], [ -120.52369, 35.21944 ], [ -120.52402, 35.27957 ], [ -120.54164, 35.27972 ], [ -120.54161, 35.26514 ], [ -120.55951, 35.26519 ], [ -120.55946, 35.27984 ], [ -120.59591, 35.27979 ], [ -120.59578, 35.30867 ], [ -120.61333, 35.3084 ], [ -120.61325, 35.32293 ], [ -120.63098, 35.32293 ], [ -120.63062, 35.33877 ], [ -120.64605, 35.33782 ], [ -120.65407, 35.34583 ], [ -120.66871, 35.34624 ], [ -120.66889, 35.35346 ], [ -120.68408, 35.35369 ], [ -120.68399, 35.36834 ], [ -120.71899, 35.36812 ], [ -120.71883, 35.38233 ], [ -120.7367, 35.38234 ], [ -120.73617, 35.39681 ], [ -120.7553, 35.39756 ], [ -120.75584, 35.41231 ], [ -120.77351, 35.41197 ], [ -120.77275, 35.42675 ], [ -120.78992, 35.42672 ], [ -120.7902, 35.44101 ], [ -120.8021, 35.44094 ], [ -120.80222, 35.48531 ], [ -120.74997, 35.46122 ] ], [ [ -118.63874, 34.57805 ], [ -118.63862, 34.57796 ], [ -118.63875, 34.57807 ], [ -118.63874, 34.57805 ] ], [ [ -118.63977, 34.57831 ], [ -118.63963, 34.57808 ], [ -118.63953, 34.57815 ], [ -118.63977, 34.57831 ] ], [ [ -118.63856, 34.5811 ], [ -118.63857, 34.57799 ], [ -118.6342, 34.57549 ], [ -118.6342, 34.58109 ], [ -118.63856, 34.5811 ] ], [ [ -118.64299, 34.57913 ], [ -118.64293, 34.58853 ], [ -118.6527, 34.5886 ], [ -118.64551, 34.58018 ], [ -118.64299, 34.57913 ] ], [ [ -120.30574, 35.22482 ], [ -120.30574, 35.21756 ], [ -120.29691, 35.21774 ], [ -120.29691, 35.22499 ], [ -120.30574, 35.22482 ] ] ], [ [ [ -117.55861, 34.17238 ], [ -117.55807, 34.17953 ], [ -117.57907, 34.17954 ], [ -117.57942, 34.17589 ], [ -117.58382, 34.17589 ], [ -117.58365, 34.17952 ], [ -117.58822, 34.17955 ], [ -117.58834, 34.1759 ], [ -117.59286, 34.17592 ], [ -117.59278, 34.17957 ], [ -117.62801, 34.17947 ], [ -117.62789, 34.16516 ], [ -117.75043, 34.16541 ], [ -117.75028, 34.15094 ], [ -117.78089, 34.15057 ], [ -117.78096, 34.14318 ], [ -117.78537, 34.14307 ], [ -117.78531, 34.14679 ], [ -117.79402, 34.14673 ], [ -117.79396, 34.15033 ], [ -117.80718, 34.1505 ], [ -117.8071, 34.14325 ], [ -117.81163, 34.14332 ], [ -117.81159, 34.15053 ], [ -117.82042, 34.15059 ], [ -117.82008, 34.1652 ], [ -117.88132, 34.16514 ], [ -117.88135, 34.15426 ], [ -117.88991, 34.15406 ], [ -117.88998, 34.15774 ], [ -117.88566, 34.15779 ], [ -117.88572, 34.16513 ], [ -117.97753, 34.16511 ], [ -117.97753, 34.17977 ], [ -117.99493, 34.17989 ], [ -117.99499, 34.17617 ], [ -117.99941, 34.17608 ], [ -117.99939, 34.17978 ], [ -118.07864, 34.17904 ], [ -118.07864, 34.18264 ], [ -118.08334, 34.18256 ], [ -118.08353, 34.19372 ], [ -118.09634, 34.19346 ], [ -118.09625, 34.18976 ], [ -118.10046, 34.18967 ], [ -118.1005, 34.19331 ], [ -118.11781, 34.19323 ], [ -118.11784, 34.20395 ], [ -118.13082, 34.2041 ], [ -118.13091, 34.20754 ], [ -118.18707, 34.20821 ], [ -118.18648, 34.23757 ], [ -118.21745, 34.23752 ], [ -118.21749, 34.23109 ], [ -118.22297, 34.23032 ], [ -118.22137, 34.2521 ], [ -118.26528, 34.25237 ], [ -118.26528, 34.25981 ], [ -118.27842, 34.25995 ], [ -118.28041, 34.26733 ], [ -118.28713, 34.26734 ], [ -118.28697, 34.27098 ], [ -118.29108, 34.271 ], [ -118.29076, 34.27884 ], [ -118.30464, 34.27888 ], [ -118.30536, 34.282 ], [ -118.31131, 34.27887 ], [ -118.36045, 34.27889 ], [ -118.36029, 34.29334 ], [ -118.38177, 34.29334 ], [ -118.39117, 34.28974 ], [ -118.39117, 34.29336 ], [ -118.39685, 34.29337 ], [ -118.39645, 34.3042 ], [ -118.40087, 34.30422 ], [ -118.4008, 34.30787 ], [ -118.39641, 34.3106 ], [ -118.39704, 34.33767 ], [ -118.40533, 34.33402 ], [ -118.40517, 34.32982 ], [ -118.42267, 34.3299 ], [ -118.42726, 34.33733 ], [ -118.47588, 34.33717 ], [ -118.48015, 34.33024 ], [ -118.48445, 34.3303 ], [ -118.48494, 34.34449 ], [ -118.48897, 34.34446 ], [ -118.48864, 34.35163 ], [ -118.48505, 34.35161 ], [ -118.48448, 34.37999 ], [ -118.39806, 34.38179 ], [ -118.39763, 34.42384 ], [ -118.37913, 34.42369 ], [ -118.379, 34.43095 ], [ -118.3428, 34.42863 ], [ -118.34272, 34.43596 ], [ -118.32488, 34.4378 ], [ -118.3248, 34.44123 ], [ -118.3073, 34.4414 ], [ -118.30729, 34.43778 ], [ -118.25458, 34.43766 ], [ -118.25458, 34.42326 ], [ -118.18396, 34.42382 ], [ -118.18471, 34.45202 ], [ -118.14965, 34.45202 ], [ -118.14965, 34.46644 ], [ -118.07965, 34.46621 ], [ -118.07971, 34.49926 ], [ -117.99252, 34.49939 ], [ -117.99249, 34.47026 ], [ -117.97682, 34.47026 ], [ -117.97616, 34.43912 ], [ -117.94023, 34.43904 ], [ -117.94023, 34.43178 ], [ -117.92272, 34.43178 ], [ -117.92271, 34.42649 ], [ -117.67696, 34.426 ], [ -117.67673, 34.40456 ], [ -117.65949, 34.40437 ], [ -117.65948, 34.39712 ], [ -117.64196, 34.39731 ], [ -117.642, 34.3901 ], [ -117.6245, 34.39006 ], [ -117.62451, 34.38294 ], [ -117.48559, 34.383 ], [ -117.48552, 34.36856 ], [ -117.45084, 34.36848 ], [ -117.451, 34.35403 ], [ -117.43345, 34.35418 ], [ -117.43361, 34.33991 ], [ -117.42481, 34.33971 ], [ -117.42474, 34.32546 ], [ -117.416, 34.32548 ], [ -117.416, 34.31837 ], [ -117.39851, 34.31834 ], [ -117.39833, 34.31103 ], [ -117.25889, 34.31101 ], [ -117.25891, 34.32596 ], [ -117.25052, 34.32564 ], [ -117.2502, 34.34057 ], [ -117.24181, 34.34026 ], [ -117.24161, 34.3535 ], [ -117.10395, 34.35297 ], [ -117.10397, 34.36746 ], [ -116.95977, 34.3664 ], [ -116.96114, 34.35224 ], [ -116.82054, 34.35126 ], [ -116.82072, 34.3557 ], [ -116.78864, 34.35571 ], [ -116.78864, 34.3412 ], [ -116.77095, 34.3412 ], [ -116.77093, 34.32272 ], [ -116.73597, 34.32272 ], [ -116.73597, 34.30821 ], [ -116.71849, 34.30821 ], [ -116.71849, 34.2937 ], [ -116.68251, 34.29371 ], [ -116.6825, 34.27935 ], [ -116.66504, 34.27934 ], [ -116.66504, 34.23584 ], [ -116.64764, 34.23578 ], [ -116.64762, 34.17753 ], [ -116.68235, 34.17758 ], [ -116.68237, 34.14873 ], [ -116.69967, 34.14873 ], [ -116.6998, 34.11974 ], [ -116.71984, 34.11977 ], [ -116.71989, 33.9762 ], [ -116.77218, 33.97597 ], [ -116.77226, 34.01943 ], [ -116.80728, 34.01936 ], [ -116.80724, 34.00483 ], [ -116.82481, 34.0039 ], [ -116.8249, 34.01936 ], [ -116.84234, 34.01934 ], [ -116.84211, 34.00486 ], [ -116.85936, 34.0052 ], [ -116.85973, 34.01944 ], [ -116.87718, 34.01938 ], [ -116.87685, 33.98153 ], [ -116.88129, 33.98336 ], [ -116.88141, 33.98706 ], [ -116.88806, 33.98712 ], [ -116.88789, 33.98343 ], [ -116.88116, 33.97978 ], [ -116.88537, 33.97804 ], [ -116.88781, 33.98164 ], [ -116.89443, 33.98169 ], [ -116.89014, 33.998 ], [ -116.90316, 33.99798 ], [ -116.90318, 34.00517 ], [ -116.92068, 34.00508 ], [ -116.92068, 34.00146 ], [ -116.93792, 34.00475 ], [ -116.93802, 34.01209 ], [ -116.92974, 34.01571 ], [ -116.92947, 34.04961 ], [ -116.94502, 34.04956 ], [ -116.94723, 34.04588 ], [ -116.94724, 34.04957 ], [ -116.956, 34.04965 ], [ -116.95592, 34.05691 ], [ -116.98223, 34.05643 ], [ -116.98217, 34.06369 ], [ -116.99929, 34.06276 ], [ -116.99939, 34.0774 ], [ -117.03426, 34.07726 ], [ -117.03448, 34.09186 ], [ -117.10357, 34.09116 ], [ -117.10372, 34.10568 ], [ -117.12997, 34.1063 ], [ -117.13018, 34.11338 ], [ -117.13908, 34.11367 ], [ -117.13924, 34.13488 ], [ -117.16509, 34.13535 ], [ -117.16507, 34.14243 ], [ -117.17363, 34.14276 ], [ -117.17358, 34.1499 ], [ -117.19124, 34.15011 ], [ -117.19124, 34.14655 ], [ -117.19995, 34.14657 ], [ -117.19994, 34.15012 ], [ -117.22596, 34.15035 ], [ -117.22595, 34.1575 ], [ -117.24307, 34.15756 ], [ -117.2576, 34.16747 ], [ -117.30966, 34.18931 ], [ -117.30919, 34.1941 ], [ -117.32511, 34.19431 ], [ -117.33163, 34.20089 ], [ -117.32936, 34.21543 ], [ -117.33346, 34.20843 ], [ -117.35969, 34.20844 ], [ -117.36912, 34.21223 ], [ -117.36709, 34.22313 ], [ -117.3743, 34.22814 ], [ -117.38336, 34.2272 ], [ -117.41987, 34.24703 ], [ -117.42357, 34.24274 ], [ -117.42663, 34.22808 ], [ -117.41442, 34.21615 ], [ -117.4104, 34.20262 ], [ -117.42159, 34.19787 ], [ -117.42098, 34.19459 ], [ -117.43288, 34.19148 ], [ -117.44036, 34.19875 ], [ -117.44967, 34.20063 ], [ -117.44159, 34.18562 ], [ -117.44246, 34.17941 ], [ -117.54073, 34.17927 ], [ -117.54322, 34.16501 ], [ -117.5499, 34.16506 ], [ -117.5498, 34.16866 ], [ -117.54535, 34.16862 ], [ -117.54512, 34.17935 ], [ -117.55388, 34.17948 ], [ -117.55407, 34.17233 ], [ -117.55861, 34.17238 ] ] ], [ [ [ -121.82582, 36.40376 ], [ -121.69952, 36.40235 ], [ -121.70083, 36.37384 ], [ -121.66513, 36.37297 ], [ -121.66542, 36.35837 ], [ -121.64732, 36.35808 ], [ -121.64724, 36.37257 ], [ -121.61143, 36.37237 ], [ -121.61093, 36.3425 ], [ -121.54013, 36.34242 ], [ -121.54066, 36.32813 ], [ -121.52276, 36.32814 ], [ -121.52195, 36.31173 ], [ -121.48588, 36.3114 ], [ -121.48588, 36.3149 ], [ -121.4764, 36.31489 ], [ -121.47643, 36.30086 ], [ -121.45903, 36.30064 ], [ -121.4575, 36.22919 ], [ -121.26011, 36.22841 ], [ -121.26064, 36.15454 ], [ -121.27837, 36.15457 ], [ -121.28016, 36.14022 ], [ -121.27661, 36.11017 ], [ -121.33252, 36.11111 ], [ -121.33248, 36.09869 ], [ -121.38627, 36.10429 ], [ -121.38627, 36.10792 ], [ -121.41047, 36.10816 ], [ -121.41501, 36.10145 ], [ -121.41453, 36.09736 ], [ -121.39731, 36.08996 ], [ -121.39696, 36.07758 ], [ -121.38708, 36.07559 ], [ -121.3873, 36.05736 ], [ -121.40067, 36.05734 ], [ -121.40072, 36.05366 ], [ -121.40703, 36.04879 ], [ -121.41276, 36.05008 ], [ -121.41716, 36.04599 ], [ -121.41867, 36.03919 ], [ -121.42311, 36.03917 ], [ -121.42541, 36.01741 ], [ -121.4104, 36.01551 ], [ -121.37903, 35.99897 ], [ -121.36666, 35.99681 ], [ -121.35123, 35.9884 ], [ -121.34487, 35.98106 ], [ -121.35164, 35.98108 ], [ -121.35237, 35.9759 ], [ -121.36713, 35.97662 ], [ -121.36949, 35.97027 ], [ -121.374, 35.97029 ], [ -121.37399, 35.96668 ], [ -121.40404, 35.96688 ], [ -121.41534, 35.96113 ], [ -121.42584, 35.96163 ], [ -121.42586, 35.95924 ], [ -121.42122, 35.95073 ], [ -121.40562, 35.94574 ], [ -121.39982, 35.94818 ], [ -121.3929, 35.94579 ], [ -121.3921, 35.94234 ], [ -121.38608, 35.9398 ], [ -121.38435, 35.93008 ], [ -121.36458, 35.91439 ], [ -121.36522, 35.89926 ], [ -121.37181, 35.89057 ], [ -121.36893, 35.88 ], [ -121.36026, 35.87196 ], [ -121.33976, 35.86634 ], [ -121.33933, 35.86249 ], [ -121.30704, 35.8496 ], [ -121.30056, 35.84434 ], [ -121.28696, 35.84922 ], [ -121.26433, 35.84735 ], [ -121.26094, 35.84249 ], [ -121.25227, 35.84177 ], [ -121.24028, 35.83374 ], [ -121.23422, 35.82487 ], [ -121.22215, 35.81886 ], [ -121.22246, 35.81223 ], [ -121.218, 35.81222 ], [ -121.21789, 35.81478 ], [ -121.21162, 35.80882 ], [ -121.19874, 35.80839 ], [ -121.18384, 35.79324 ], [ -121.30839, 35.79458 ], [ -121.30833, 35.79097 ], [ -121.29959, 35.79085 ], [ -121.29941, 35.76934 ], [ -121.30381, 35.76942 ], [ -121.30382, 35.76589 ], [ -121.31263, 35.76604 ], [ -121.31262, 35.76254 ], [ -121.32482, 35.76514 ], [ -121.31564, 35.76689 ], [ -121.31694, 35.78048 ], [ -121.32143, 35.78036 ], [ -121.32145, 35.78394 ], [ -121.33405, 35.7839 ], [ -121.3342, 35.78749 ], [ -121.33979, 35.78835 ], [ -121.35678, 35.80407 ], [ -121.36957, 35.81276 ], [ -121.37405, 35.81275 ], [ -121.37455, 35.81568 ], [ -121.39072, 35.82546 ], [ -121.41355, 35.85644 ], [ -121.43981, 35.86712 ], [ -121.44669, 35.87209 ], [ -121.44984, 35.88042 ], [ -121.45434, 35.88078 ], [ -121.4547, 35.88393 ], [ -121.45967, 35.88322 ], [ -121.46501, 35.88895 ], [ -121.4615, 35.89164 ], [ -121.46126, 35.89755 ], [ -121.46521, 35.90003 ], [ -121.4629, 35.90372 ], [ -121.47518, 35.91999 ], [ -121.46948, 35.92188 ], [ -121.46861, 35.9268 ], [ -121.47676, 35.93148 ], [ -121.47602, 35.93984 ], [ -121.48001, 35.94397 ], [ -121.47967, 35.94888 ], [ -121.48293, 35.9496 ], [ -121.48603, 35.97116 ], [ -121.4909, 35.98157 ], [ -121.50551, 36.00225 ], [ -121.52529, 36.01049 ], [ -121.52539, 36.05367 ], [ -121.54335, 36.0535 ], [ -121.54294, 36.06792 ], [ -121.57828, 36.06772 ], [ -121.57836, 36.09706 ], [ -121.59578, 36.0971 ], [ -121.5958, 36.11124 ], [ -121.61357, 36.11124 ], [ -121.61356, 36.1255 ], [ -121.63128, 36.12556 ], [ -121.63128, 36.14132 ], [ -121.6508, 36.14132 ], [ -121.6508, 36.17037 ], [ -121.66842, 36.17039 ], [ -121.66842, 36.18509 ], [ -121.70753, 36.18569 ], [ -121.70848, 36.19093 ], [ -121.70559, 36.1869 ], [ -121.70416, 36.18634 ], [ -121.70768, 36.1909 ], [ -121.71072, 36.19331 ], [ -121.7075, 36.1954 ], [ -121.70784, 36.20015 ], [ -121.71222, 36.20018 ], [ -121.71367, 36.1952 ], [ -121.71782, 36.19847 ], [ -121.72154, 36.2002 ], [ -121.72154, 36.20749 ], [ -121.7305, 36.20447 ], [ -121.73009, 36.21095 ], [ -121.72638, 36.21486 ], [ -121.73261, 36.21496 ], [ -121.73163, 36.21176 ], [ -121.73541, 36.20857 ], [ -121.74194, 36.21087 ], [ -121.73948, 36.21116 ], [ -121.73923, 36.23487 ], [ -121.74249, 36.23452 ], [ -121.74369, 36.22945 ], [ -121.75036, 36.22955 ], [ -121.74806, 36.24416 ], [ -121.79229, 36.2444 ], [ -121.79233, 36.23246 ], [ -121.80039, 36.23488 ], [ -121.80787, 36.23297 ], [ -121.83576, 36.24943 ], [ -121.82131, 36.25731 ], [ -121.79646, 36.29723 ], [ -121.84916, 36.31531 ], [ -121.80288, 36.31485 ], [ -121.80138, 36.33088 ], [ -121.82036, 36.3298 ], [ -121.81841, 36.37224 ], [ -121.82099, 36.39965 ], [ -121.82582, 36.40376 ] ], [ [ -121.44623, 35.87625 ], [ -121.44548, 35.87681 ], [ -121.44678, 35.8768 ], [ -121.44623, 35.87625 ] ], [ [ -121.70533, 36.19174 ], [ -121.70575, 36.18925 ], [ -121.70461, 36.19094 ], [ -121.70533, 36.19174 ] ], [ [ -121.4415, 35.93477 ], [ -121.44369, 35.93657 ], [ -121.44369, 35.93479 ], [ -121.4415, 35.93477 ] ], [ [ -121.29514, 35.81266 ], [ -121.29521, 35.80924 ], [ -121.29078, 35.80911 ], [ -121.29071, 35.81256 ], [ -121.29514, 35.81266 ] ], [ [ -121.47673, 35.94587 ], [ -121.46852, 35.94221 ], [ -121.46828, 35.94948 ], [ -121.4767, 35.94952 ], [ -121.47673, 35.94587 ] ], [ [ -121.47585, 35.98494 ], [ -121.48942, 35.98499 ], [ -121.4894, 35.98139 ], [ -121.47583, 35.98133 ], [ -121.47585, 35.98494 ] ], [ [ -121.46318, 35.97764 ], [ -121.47602, 35.97784 ], [ -121.47639, 35.97087 ], [ -121.47217, 35.97083 ], [ -121.47196, 35.9743 ], [ -121.46337, 35.9742 ], [ -121.46318, 35.97764 ] ], [ [ -121.46368, 35.92186 ], [ -121.45997, 35.92031 ], [ -121.46395, 35.92042 ], [ -121.46452, 35.90961 ], [ -121.46003, 35.9094 ], [ -121.45963, 35.92017 ], [ -121.45423, 35.91593 ], [ -121.4522, 35.91879 ], [ -121.46368, 35.92186 ] ], [ [ -121.42796, 35.9383 ], [ -121.42796, 35.93468 ], [ -121.43248, 35.93471 ], [ -121.43247, 35.92744 ], [ -121.42797, 35.92741 ], [ -121.42797, 35.93105 ], [ -121.42346, 35.92739 ], [ -121.42344, 35.93827 ], [ -121.42796, 35.9383 ] ], [ [ -121.45875, 35.98892 ], [ -121.45875, 35.98099 ], [ -121.44596, 35.98098 ], [ -121.44596, 35.97735 ], [ -121.44153, 35.97748 ], [ -121.44451, 35.98426 ], [ -121.45875, 35.98892 ] ], [ [ -121.42792, 35.88762 ], [ -121.42791, 35.884 ], [ -121.43677, 35.88405 ], [ -121.43674, 35.88042 ], [ -121.42787, 35.87676 ], [ -121.42784, 35.87315 ], [ -121.42339, 35.87313 ], [ -121.42347, 35.8876 ], [ -121.42792, 35.88762 ] ], [ [ -121.28627, 35.81246 ], [ -121.28638, 35.80536 ], [ -121.27305, 35.80506 ], [ -121.2731, 35.80147 ], [ -121.25447, 35.80141 ], [ -121.25424, 35.80496 ], [ -121.26317, 35.80489 ], [ -121.26273, 35.81202 ], [ -121.28627, 35.81246 ] ] ], [ [ [ -116.65897, 33.10621 ], [ -116.66073, 33.06413 ], [ -116.58395, 33.0639 ], [ -116.5842, 33.0498 ], [ -116.56709, 33.04977 ], [ -116.56667, 33.02112 ], [ -116.60058, 33.02116 ], [ -116.60909, 33.00195 ], [ -116.61585, 32.8447 ], [ -116.60086, 32.8445 ], [ -116.58717, 32.85603 ], [ -116.57479, 32.85407 ], [ -116.53378, 32.90148 ], [ -116.51675, 32.90168 ], [ -116.50852, 32.9344 ], [ -116.4474, 32.93148 ], [ -116.44789, 32.90184 ], [ -116.4129, 32.90181 ], [ -116.41268, 32.88024 ], [ -116.40804, 32.88014 ], [ -116.40791, 32.86569 ], [ -116.41251, 32.86577 ], [ -116.41151, 32.81499 ], [ -116.37744, 32.81496 ], [ -116.37784, 32.74884 ], [ -116.4119, 32.74877 ], [ -116.41201, 32.73386 ], [ -116.41944, 32.73377 ], [ -116.41946, 32.70374 ], [ -116.471, 32.70379 ], [ -116.471, 32.68924 ], [ -116.50529, 32.68926 ], [ -116.50524, 32.6602 ], [ -116.5731, 32.65822 ], [ -116.57302, 32.6543 ], [ -116.60713, 32.65418 ], [ -116.60711, 32.66856 ], [ -116.70797, 32.66839 ], [ -116.70829, 32.68302 ], [ -116.73721, 32.68636 ], [ -116.737, 32.72971 ], [ -116.71944, 32.72978 ], [ -116.72034, 32.74419 ], [ -116.72649, 32.74465 ], [ -116.72721, 32.75168 ], [ -116.73516, 32.75203 ], [ -116.73528, 32.75938 ], [ -116.75258, 32.75926 ], [ -116.75434, 32.77288 ], [ -116.79679, 32.77351 ], [ -116.79678, 32.80274 ], [ -116.77156, 32.80276 ], [ -116.77162, 32.80989 ], [ -116.7455, 32.80974 ], [ -116.74504, 32.81578 ], [ -116.73594, 32.81606 ], [ -116.73656, 32.84497 ], [ -116.74523, 32.84518 ], [ -116.74541, 32.85226 ], [ -116.7542, 32.85227 ], [ -116.75453, 32.85953 ], [ -116.76345, 32.85954 ], [ -116.7636, 32.86656 ], [ -116.77238, 32.86654 ], [ -116.77235, 32.87383 ], [ -116.824, 32.87369 ], [ -116.82417, 32.93506 ], [ -116.80658, 32.93532 ], [ -116.80635, 32.96401 ], [ -116.79772, 32.96395 ], [ -116.79742, 32.97852 ], [ -116.77987, 32.97862 ], [ -116.77986, 32.99072 ], [ -116.76756, 32.99759 ], [ -116.75717, 32.99808 ], [ -116.75608, 33.00203 ], [ -116.77129, 33.00583 ], [ -116.77176, 33.02957 ], [ -116.72093, 33.02834 ], [ -116.72065, 33.07223 ], [ -116.68643, 33.07208 ], [ -116.68494, 33.09467 ], [ -116.66773, 33.0944 ], [ -116.66763, 33.10242 ], [ -116.65897, 33.10621 ] ], [ [ -116.73631, 32.97781 ], [ -116.77114, 32.97861 ], [ -116.77329, 32.94988 ], [ -116.78936, 32.95001 ], [ -116.78962, 32.8884 ], [ -116.68563, 32.88841 ], [ -116.68697, 32.92015 ], [ -116.72043, 32.92064 ], [ -116.72158, 32.93494 ], [ -116.73905, 32.9359 ], [ -116.73631, 32.97781 ] ] ], [ [ [ -116.66736, 33.8881 ], [ -116.66699, 33.87372 ], [ -116.63255, 33.87379 ], [ -116.63261, 33.85945 ], [ -116.61525, 33.85958 ], [ -116.61464, 33.69929 ], [ -116.59985, 33.69955 ], [ -116.59992, 33.6853 ], [ -116.58252, 33.68522 ], [ -116.58263, 33.69958 ], [ -116.56504, 33.69949 ], [ -116.5651, 33.68514 ], [ -116.54766, 33.68504 ], [ -116.54767, 33.69955 ], [ -116.53031, 33.69955 ], [ -116.5303, 33.68502 ], [ -116.51225, 33.68502 ], [ -116.51231, 33.656 ], [ -116.49514, 33.65609 ], [ -116.49516, 33.64154 ], [ -116.4777, 33.64152 ], [ -116.47776, 33.6271 ], [ -116.42555, 33.62703 ], [ -116.42563, 33.59797 ], [ -116.41502, 33.59799 ], [ -116.41498, 33.58337 ], [ -116.33687, 33.58365 ], [ -116.33694, 33.53996 ], [ -116.31955, 33.53995 ], [ -116.31893, 33.52528 ], [ -116.33693, 33.52554 ], [ -116.3367, 33.51133 ], [ -116.38833, 33.51124 ], [ -116.38831, 33.49944 ], [ -116.4149, 33.4994 ], [ -116.41501, 33.52871 ], [ -116.51835, 33.52893 ], [ -116.51821, 33.59788 ], [ -116.56996, 33.59792 ], [ -116.56995, 33.55786 ], [ -116.57865, 33.55784 ], [ -116.5786, 33.55063 ], [ -116.56996, 33.5506 ], [ -116.56996, 33.54333 ], [ -116.58713, 33.54344 ], [ -116.58734, 33.55782 ], [ -116.61277, 33.55798 ], [ -116.61273, 33.56975 ], [ -116.62995, 33.56979 ], [ -116.63, 33.58426 ], [ -116.66478, 33.58431 ], [ -116.66472, 33.59934 ], [ -116.75361, 33.59889 ], [ -116.7534, 33.56977 ], [ -116.76207, 33.56977 ], [ -116.76206, 33.55521 ], [ -116.77058, 33.55521 ], [ -116.77057, 33.5447 ], [ -116.78799, 33.54468 ], [ -116.788, 33.54102 ], [ -116.82297, 33.54079 ], [ -116.82411, 33.61996 ], [ -116.85857, 33.62014 ], [ -116.85861, 33.68652 ], [ -116.84116, 33.6864 ], [ -116.84109, 33.75812 ], [ -116.84217, 33.80145 ], [ -116.85954, 33.80174 ], [ -116.86001, 33.84196 ], [ -116.84247, 33.84186 ], [ -116.84229, 33.8568 ], [ -116.82485, 33.85681 ], [ -116.82422, 33.8861 ], [ -116.66736, 33.8881 ] ] ], [ [ [ -117.67335, 33.85985 ], [ -117.61345, 33.85935 ], [ -117.61418, 33.85451 ], [ -117.57752, 33.82353 ], [ -117.5535, 33.81148 ], [ -117.55354, 33.80035 ], [ -117.5025, 33.79949 ], [ -117.50241, 33.75652 ], [ -117.48531, 33.75661 ], [ -117.48569, 33.74226 ], [ -117.45101, 33.74197 ], [ -117.45081, 33.71307 ], [ -117.41607, 33.71303 ], [ -117.41516, 33.67103 ], [ -117.39278, 33.6708 ], [ -117.39508, 33.66724 ], [ -117.29574, 33.60669 ], [ -117.34513, 33.5546 ], [ -117.37037, 33.49076 ], [ -117.36361, 33.48858 ], [ -117.36353, 33.44524 ], [ -117.3975, 33.44539 ], [ -117.40047, 33.45574 ], [ -117.40847, 33.46055 ], [ -117.4621, 33.4766 ], [ -117.46567, 33.4774 ], [ -117.46979, 33.47085 ], [ -117.4758, 33.4709 ], [ -117.47231, 33.48784 ], [ -117.48522, 33.50103 ], [ -117.48569, 33.5052 ], [ -117.4775, 33.50523 ], [ -117.47681, 33.53431 ], [ -117.49412, 33.53431 ], [ -117.49418, 33.549 ], [ -117.51028, 33.54862 ], [ -117.51095, 33.59576 ], [ -117.55625, 33.62627 ], [ -117.55576, 33.68576 ], [ -117.62362, 33.68594 ], [ -117.64421, 33.7167 ], [ -117.66677, 33.77294 ], [ -117.67335, 33.85985 ] ] ], [ [ [ -116.80524, 33.38475 ], [ -116.79261, 33.38121 ], [ -116.7927, 33.37762 ], [ -116.78839, 33.37761 ], [ -116.78872, 33.37062 ], [ -116.78009, 33.3715 ], [ -116.77979, 33.36429 ], [ -116.77067, 33.36497 ], [ -116.77081, 33.35784 ], [ -116.76228, 33.35757 ], [ -116.76234, 33.35036 ], [ -116.75347, 33.35034 ], [ -116.75368, 33.3432 ], [ -116.74478, 33.34333 ], [ -116.74481, 33.33604 ], [ -116.73597, 33.33619 ], [ -116.73608, 33.32127 ], [ -116.71891, 33.32125 ], [ -116.71872, 33.29929 ], [ -116.74649, 33.29923 ], [ -116.76546, 33.30753 ], [ -116.77719, 33.3056 ], [ -116.77844, 33.29904 ], [ -116.75926, 33.28955 ], [ -116.75103, 33.27694 ], [ -116.75599, 33.24875 ], [ -116.76244, 33.24733 ], [ -116.76408, 33.24089 ], [ -116.77094, 33.24084 ], [ -116.77094, 33.22615 ], [ -116.7973, 33.22633 ], [ -116.79731, 33.21894 ], [ -116.80586, 33.21933 ], [ -116.80584, 33.20469 ], [ -116.8144, 33.20461 ], [ -116.81438, 33.19002 ], [ -116.79716, 33.18981 ], [ -116.79717, 33.16813 ], [ -116.77994, 33.16823 ], [ -116.77997, 33.14597 ], [ -116.78868, 33.14607 ], [ -116.78874, 33.10168 ], [ -116.80616, 33.10187 ], [ -116.80602, 33.09462 ], [ -116.85833, 33.09513 ], [ -116.85925, 33.08713 ], [ -116.87563, 33.08726 ], [ -116.87554, 33.07987 ], [ -116.89242, 33.07967 ], [ -116.8931, 33.16983 ], [ -116.87875, 33.1775 ], [ -116.87343, 33.19403 ], [ -116.86743, 33.20175 ], [ -116.84978, 33.20474 ], [ -116.84979, 33.21205 ], [ -116.84114, 33.21201 ], [ -116.8405, 33.25614 ], [ -116.81469, 33.2561 ], [ -116.81466, 33.27074 ], [ -116.82346, 33.27063 ], [ -116.82323, 33.28519 ], [ -116.84054, 33.2854 ], [ -116.8405, 33.29997 ], [ -116.87513, 33.29975 ], [ -116.87594, 33.31388 ], [ -116.90121, 33.31452 ], [ -116.99547, 33.3529 ], [ -116.99869, 33.35056 ], [ -116.99874, 33.35786 ], [ -117.01577, 33.35785 ], [ -117.01594, 33.4005 ], [ -117.03234, 33.40054 ], [ -117.03306, 33.41486 ], [ -117.05176, 33.41531 ], [ -117.05249, 33.43024 ], [ -117.03057, 33.43011 ], [ -117.03083, 33.45621 ], [ -116.99804, 33.45608 ], [ -116.9982, 33.449 ], [ -116.9808, 33.44896 ], [ -116.98063, 33.45615 ], [ -116.97204, 33.45614 ], [ -116.97206, 33.46671 ], [ -116.9459, 33.46867 ], [ -116.94619, 33.45618 ], [ -116.91884, 33.45628 ], [ -116.91906, 33.4492 ], [ -116.90987, 33.44938 ], [ -116.91011, 33.44243 ], [ -116.89169, 33.44151 ], [ -116.89178, 33.43421 ], [ -116.88307, 33.43422 ], [ -116.88315, 33.42695 ], [ -116.85686, 33.42696 ], [ -116.85717, 33.41199 ], [ -116.84846, 33.41219 ], [ -116.84835, 33.40475 ], [ -116.83078, 33.40486 ], [ -116.83082, 33.3977 ], [ -116.81349, 33.39825 ], [ -116.81365, 33.39137 ], [ -116.80513, 33.39185 ], [ -116.80524, 33.38475 ] ] ], [ [ [ -116.56743, 33.36393 ], [ -116.56781, 33.34289 ], [ -116.55938, 33.34286 ], [ -116.55954, 33.33848 ], [ -116.56734, 33.33794 ], [ -116.56707, 33.34149 ], [ -116.61667, 33.34154 ], [ -116.61499, 33.27307 ], [ -116.61861, 33.27504 ], [ -116.62376, 33.28854 ], [ -116.66371, 33.30766 ], [ -116.68249, 33.32863 ], [ -116.70141, 33.33428 ], [ -116.70139, 33.34328 ], [ -116.71001, 33.34321 ], [ -116.71002, 33.33932 ], [ -116.71879, 33.34245 ], [ -116.71912, 33.3624 ], [ -116.65231, 33.36357 ], [ -116.65485, 33.34873 ], [ -116.61801, 33.34877 ], [ -116.61787, 33.36329 ], [ -116.56743, 33.36393 ] ] ], [ [ [ -121.90286, 36.37034 ], [ -121.89565, 36.36966 ], [ -121.89574, 36.36621 ], [ -121.88667, 36.36646 ], [ -121.88625, 36.35944 ], [ -121.87734, 36.35948 ], [ -121.87729, 36.35203 ], [ -121.85067, 36.35571 ], [ -121.85018, 36.35929 ], [ -121.84585, 36.35933 ], [ -121.84669, 36.35218 ], [ -121.85116, 36.35212 ], [ -121.85164, 36.34859 ], [ -121.86007, 36.34851 ], [ -121.8613, 36.34499 ], [ -121.86626, 36.34504 ], [ -121.8655, 36.34831 ], [ -121.87036, 36.34836 ], [ -121.87113, 36.3451 ], [ -121.88662, 36.3453 ], [ -121.89069, 36.35263 ], [ -121.90274, 36.35229 ], [ -121.90741, 36.35726 ], [ -121.90253, 36.3638 ], [ -121.90286, 36.37034 ] ] ], [ [ [ -116.97797, 34.03434 ], [ -116.99028, 34.03304 ], [ -116.99035, 34.02951 ], [ -116.99991, 34.03338 ], [ -116.98234, 34.03415 ], [ -116.98218, 34.04917 ], [ -116.96466, 34.04966 ], [ -116.96475, 34.03885 ], [ -116.97573, 34.03824 ], [ -116.97797, 34.03434 ] ] ], [ [ [ -116.91194, 33.97631 ], [ -116.91193, 33.96172 ], [ -116.92286, 33.96163 ], [ -116.92287, 33.96527 ], [ -116.92505, 33.96162 ], [ -116.92953, 33.9616 ], [ -116.9296, 33.9761 ], [ -116.91194, 33.97631 ] ] ], [ [ [ -118.86359, 34.78128 ], [ -118.87247, 34.78126 ], [ -118.87207, 34.79598 ], [ -118.86319, 34.79598 ], [ -118.86359, 34.78128 ] ] ], [ [ [ -117.57556, 34.17224 ], [ -117.55412, 34.16872 ], [ -117.55416, 34.16511 ], [ -117.57554, 34.16503 ], [ -117.57556, 34.17224 ] ] ], [ [ [ -116.88541, 33.96705 ], [ -116.88991, 33.96525 ], [ -116.88992, 33.9616 ], [ -116.89434, 33.96159 ], [ -116.8945, 33.97628 ], [ -116.88525, 33.97625 ], [ -116.88541, 33.96705 ] ] ], [ [ [ -116.89655, 33.99623 ], [ -116.89884, 33.97629 ], [ -116.90318, 33.97629 ], [ -116.90096, 33.9962 ], [ -116.89655, 33.99623 ] ] ], [ [ [ -116.98134, 34.01838 ], [ -116.96751, 34.01894 ], [ -116.96749, 34.01186 ], [ -116.98047, 34.00997 ], [ -116.98134, 34.01838 ] ] ], [ [ [ -118.27012, 34.4449 ], [ -118.27241, 34.44846 ], [ -118.26799, 34.44854 ], [ -118.26767, 34.46296 ], [ -118.2631, 34.46314 ], [ -118.26351, 34.44497 ], [ -118.27012, 34.4449 ] ] ], [ [ [ -116.94691, 34.03095 ], [ -116.96409, 34.02977 ], [ -116.96478, 34.03525 ], [ -116.94728, 34.03489 ], [ -116.94691, 34.03095 ] ] ], [ [ [ -119.70154, 34.89497 ], [ -119.69717, 34.89491 ], [ -119.69722, 34.8913 ], [ -119.71076, 34.8915 ], [ -119.71062, 34.89863 ], [ -119.70148, 34.89859 ], [ -119.70154, 34.89497 ] ] ], [ [ [ -116.93368, 33.97964 ], [ -116.93366, 33.97604 ], [ -116.93773, 33.97598 ], [ -116.93775, 33.98319 ], [ -116.93369, 33.98325 ], [ -116.93372, 33.99046 ], [ -116.92967, 33.99053 ], [ -116.92962, 33.9797 ], [ -116.93368, 33.97964 ] ] ], [ [ [ -118.27216, 34.46659 ], [ -118.28165, 34.46672 ], [ -118.2819, 34.47403 ], [ -118.27208, 34.47385 ], [ -118.27216, 34.46659 ] ] ], [ [ [ -116.879, 33.97976 ], [ -116.87683, 33.97974 ], [ -116.87687, 33.96159 ], [ -116.88119, 33.9616 ], [ -116.879, 33.97976 ] ] ], [ [ [ -116.98146, 33.98991 ], [ -116.99029, 33.98984 ], [ -116.98976, 33.99712 ], [ -116.9805, 33.99755 ], [ -116.98146, 33.98991 ] ] ], [ [ [ -119.84298, 34.96376 ], [ -119.83425, 34.96366 ], [ -119.83425, 34.96001 ], [ -119.83863, 34.96003 ], [ -119.83867, 34.95277 ], [ -119.8431, 34.95277 ], [ -119.84298, 34.96376 ] ] ], [ [ [ -116.75826, 32.69778 ], [ -116.76682, 32.69763 ], [ -116.76666, 32.70485 ], [ -116.75832, 32.70499 ], [ -116.75826, 32.69778 ] ] ], [ [ [ -116.98134, 34.01838 ], [ -116.98642, 34.01856 ], [ -116.99042, 34.02597 ], [ -116.98055, 34.02579 ], [ -116.98134, 34.01838 ] ] ], [ [ [ -118.28687, 34.48148 ], [ -118.28558, 34.4741 ], [ -118.29097, 34.47419 ], [ -118.29087, 34.48041 ], [ -118.28687, 34.48148 ] ], [ [ -118.28698, 34.47983 ], [ -118.28857, 34.47978 ], [ -118.28895, 34.47918 ], [ -118.28957, 34.47906 ], [ -118.29058, 34.47791 ], [ -118.28698, 34.47983 ] ] ], [ [ [ -116.94649, 34.01958 ], [ -116.94231, 34.0195 ], [ -116.94216, 34.01207 ], [ -116.9463, 34.01205 ], [ -116.94649, 34.01958 ] ] ], [ [ [ -116.79686, 33.38479 ], [ -116.7968, 33.38834 ], [ -116.78815, 33.38836 ], [ -116.78815, 33.38481 ], [ -116.79686, 33.38479 ] ] ], [ [ [ -116.94636, 33.99022 ], [ -116.95063, 33.99023 ], [ -116.9505, 33.99739 ], [ -116.94624, 33.99737 ], [ -116.94636, 33.99022 ] ] ], [ [ [ -117.79413, 34.1396 ], [ -117.80269, 34.13958 ], [ -117.80257, 34.14318 ], [ -117.79408, 34.14313 ], [ -117.79413, 34.1396 ] ] ], [ [ [ -119.72839, 34.90889 ], [ -119.72829, 34.90209 ], [ -119.73267, 34.90205 ], [ -119.73272, 34.90881 ], [ -119.72839, 34.90889 ] ] ], [ [ [ -116.94652, 34.02336 ], [ -116.94649, 34.01958 ], [ -116.9547, 34.01932 ], [ -116.95483, 34.02115 ], [ -116.94652, 34.02336 ] ] ], [ [ [ -121.3221, 35.78034 ], [ -121.32849, 35.77821 ], [ -121.32405, 35.77153 ], [ -121.33253, 35.77966 ], [ -121.3221, 35.78034 ] ] ], [ [ [ -117.25388, 33.91005 ], [ -117.25913, 33.90669 ], [ -117.25907, 33.9101 ], [ -117.25388, 33.91005 ] ] ], [ [ [ -118.29944, 34.47418 ], [ -118.3071, 34.47416 ], [ -118.2996, 34.47763 ], [ -118.29944, 34.47418 ] ] ], [ [ [ -117.85274, 34.44624 ], [ -117.84836, 34.4462 ], [ -117.84398, 34.44342 ], [ -117.85275, 34.44341 ], [ -117.85274, 34.44624 ] ] ], [ [ [ -116.94641, 33.98664 ], [ -116.94636, 33.99022 ], [ -116.94207, 33.99031 ], [ -116.94209, 33.98671 ], [ -116.94641, 33.98664 ] ] ], [ [ [ -118.30739, 34.50881 ], [ -118.30317, 34.50887 ], [ -118.30396, 34.50524 ], [ -118.30809, 34.50529 ], [ -118.30739, 34.50881 ] ] ], [ [ [ -121.71808, 36.19825 ], [ -121.71285, 36.19288 ], [ -121.71874, 36.19593 ], [ -121.71808, 36.19825 ] ] ], [ [ [ -121.72581, 36.20025 ], [ -121.72205, 36.20021 ], [ -121.72069, 36.19964 ], [ -121.7223, 36.19771 ], [ -121.72581, 36.20025 ] ] ], [ [ [ -117.04778, 34.07998 ], [ -117.04325, 34.07832 ], [ -117.04775, 34.07818 ], [ -117.04778, 34.07998 ] ] ], [ [ [ -118.30705, 34.47535 ], [ -118.3085, 34.47772 ], [ -118.30241, 34.47777 ], [ -118.30705, 34.47535 ] ] ], [ [ [ -117.80058, 34.10653 ], [ -117.79731, 34.10611 ], [ -117.79731, 34.10324 ], [ -117.80018, 34.10396 ], [ -117.80058, 34.10653 ] ] ], [ [ [ -118.26788, 34.44312 ], [ -118.27224, 34.4413 ], [ -118.27228, 34.44309 ], [ -118.26788, 34.44312 ] ] ], [ [ [ -117.92474, 34.15794 ], [ -117.92484, 34.15085 ], [ -117.92626, 34.15086 ], [ -117.92474, 34.15794 ] ] ], [ [ [ -120.08578, 35.18444 ], [ -120.08353, 35.18624 ], [ -120.08353, 35.18444 ], [ -120.08578, 35.18444 ] ] ], [ [ [ -120.40491, 35.29596 ], [ -120.40634, 35.29899 ], [ -120.40502, 35.29904 ], [ -120.40491, 35.29596 ] ] ], [ [ [ -117.25988, 34.08911 ], [ -117.26255, 34.09045 ], [ -117.25991, 34.09063 ], [ -117.25988, 34.08911 ] ] ], [ [ [ -118.03185, 34.14742 ], [ -118.03524, 34.14683 ], [ -118.03729, 34.14812 ], [ -118.03485, 34.14789 ], [ -118.03185, 34.14742 ] ] ], [ [ [ -118.7616, 34.47431 ], [ -118.76271, 34.47276 ], [ -118.76306, 34.47445 ], [ -118.7616, 34.47431 ] ] ], [ [ [ -117.56173, 34.17145 ], [ -117.55861, 34.17238 ], [ -117.55861, 34.17148 ], [ -117.56173, 34.17145 ] ] ], [ [ [ -120.3743, 35.30286 ], [ -120.37178, 35.30184 ], [ -120.37439, 35.30182 ], [ -120.3743, 35.30286 ] ] ], [ [ [ -118.62548, 34.57145 ], [ -118.62721, 34.56717 ], [ -118.62762, 34.56947 ], [ -118.62548, 34.57145 ] ] ], [ [ [ -120.19339, 35.02977 ], [ -120.19681, 35.02854 ], [ -120.19718, 35.02912 ], [ -120.19339, 35.02977 ] ] ], [ [ [ -121.76499, 36.23024 ], [ -121.76297, 36.23125 ], [ -121.76285, 36.23022 ], [ -121.76499, 36.23024 ] ] ], [ [ [ -118.31852, 34.4944 ], [ -118.31762, 34.49606 ], [ -118.31763, 34.4944 ], [ -118.31852, 34.4944 ] ] ], [ [ [ -119.69238, 34.94735 ], [ -119.691, 34.94846 ], [ -119.69142, 34.94714 ], [ -119.69238, 34.94735 ] ] ], [ [ [ -117.8452, 34.13971 ], [ -117.84631, 34.13883 ], [ -117.8463, 34.13971 ], [ -117.8452, 34.13971 ] ] ], [ [ [ -117.83669, 34.15787 ], [ -117.83791, 34.1588 ], [ -117.8367, 34.15881 ], [ -117.83669, 34.15787 ] ] ], [ [ [ -120.41995, 34.96913 ], [ -120.42054, 34.96805 ], [ -120.42095, 34.96914 ], [ -120.41995, 34.96913 ] ] ], [ [ [ -120.43311, 35.19306 ], [ -120.43221, 35.19222 ], [ -120.43362, 35.1922 ], [ -120.43311, 35.19306 ] ] ], [ [ [ -117.4846, 33.76295 ], [ -117.48393, 33.76183 ], [ -117.48521, 33.76282 ], [ -117.4846, 33.76295 ] ] ], [ [ [ -117.51282, 33.592 ], [ -117.51385, 33.59219 ], [ -117.51288, 33.59207 ], [ -117.51282, 33.592 ] ] ], [ [ [ -119.4895, 34.40177 ], [ -119.49032, 34.40076 ], [ -119.49026, 34.40209 ], [ -119.4895, 34.40177 ] ] ], [ [ [ -116.74076, 32.83346 ], [ -116.7401, 32.83436 ], [ -116.74013, 32.8334 ], [ -116.74076, 32.83346 ] ] ], [ [ [ -119.23291, 34.44976 ], [ -119.23184, 34.45006 ], [ -119.23186, 34.44908 ], [ -119.23291, 34.44976 ] ] ], [ [ [ -121.66197, 36.39777 ], [ -121.66076, 36.3976 ], [ -121.66198, 36.39703 ], [ -121.66197, 36.39777 ] ] ], [ [ [ -118.42219, 34.32666 ], [ -118.42268, 34.32734 ], [ -118.4222, 34.32735 ], [ -118.42219, 34.32666 ] ] ], [ [ [ -117.86104, 34.13668 ], [ -117.86159, 34.13608 ], [ -117.86159, 34.13668 ], [ -117.86104, 34.13668 ] ] ], [ [ [ -117.83753, 34.1574 ], [ -117.837, 34.15786 ], [ -117.837, 34.1574 ], [ -117.83753, 34.1574 ] ] ], [ [ [ -117.5243, 34.13208 ], [ -117.52364, 34.13235 ], [ -117.52364, 34.13207 ], [ -117.5243, 34.13208 ] ] ], [ [ [ -118.03255, 34.17086 ], [ -118.03227, 34.17064 ], [ -118.03254, 34.17064 ], [ -118.03255, 34.17086 ] ] ], [ [ [ -118.3175, 34.49616 ], [ -118.31751, 34.4944 ], [ -118.31753, 34.4944 ], [ -118.31753, 34.49612 ], [ -118.31851, 34.49616 ], [ -118.3175, 34.49616 ] ] ], [ [ [ -121.7305, 36.20399 ], [ -121.73041, 36.20411 ], [ -121.73018, 36.20398 ], [ -121.7305, 36.20399 ] ] ] ] } },
{ "type": "Feature", "properties": { "name": "Southwest Idaho", "state": "Idaho", "region": "04", "project_id": "NPL013", "investment_year": 2022, "acres": 1726332, "edited": "2022-06-30" }, "geometry": { "type": "Polygon", "coordinates": [ [ [ -116.59508, 44.70188 ], [ -116.58731, 44.67542 ], [ -116.60051, 44.67292 ], [ -116.62101, 44.6735 ], [ -116.63228, 44.67943 ], [ -116.65407, 44.67209 ], [ -116.81937, 44.67263 ], [ -116.82799, 44.67448 ], [ -116.84028, 44.69521 ], [ -116.87158, 44.69025 ], [ -116.86861, 44.68079 ], [ -116.90857, 44.67444 ], [ -116.91155, 44.68391 ], [ -116.92488, 44.68179 ], [ -116.92786, 44.69125 ], [ -116.94118, 44.68913 ], [ -116.94416, 44.6986 ], [ -116.93084, 44.70072 ], [ -116.94875, 44.75751 ], [ -116.98876, 44.75114 ], [ -116.99141, 44.75954 ], [ -116.97092, 44.77389 ], [ -116.93471, 44.78389 ], [ -116.93071, 44.78989 ], [ -116.93381, 44.79679 ], [ -116.93111, 44.80479 ], [ -116.92211, 44.81189 ], [ -116.90579, 44.8348 ], [ -116.90016, 44.83668 ], [ -116.89626, 44.84834 ], [ -116.89863, 44.85375 ], [ -116.8836, 44.85828 ], [ -116.87715, 44.86605 ], [ -116.86535, 44.87061 ], [ -116.85705, 44.88078 ], [ -116.832, 44.93301 ], [ -116.851, 44.96156 ], [ -116.83226, 44.97433 ], [ -116.82628, 44.9825 ], [ -116.82958, 44.98432 ], [ -116.82887, 44.98779 ], [ -116.82052, 44.99886 ], [ -116.8073, 45.00129 ], [ -116.80229, 45.01249 ], [ -116.80528, 45.02228 ], [ -116.78542, 45.03161 ], [ -116.76166, 45.06327 ], [ -116.74873, 45.06761 ], [ -116.74104, 45.08092 ], [ -116.7411, 45.08767 ], [ -116.70528, 45.09518 ], [ -116.66748, 45.12483 ], [ -116.65397, 45.12926 ], [ -116.64418, 45.13919 ], [ -116.6438, 45.14444 ], [ -116.63842, 45.15062 ], [ -116.63921, 45.15927 ], [ -116.63447, 45.16302 ], [ -116.63155, 45.15901 ], [ -116.6184, 45.15945 ], [ -116.61695, 45.15385 ], [ -116.61129, 45.15148 ], [ -116.59994, 45.15508 ], [ -116.58372, 45.15229 ], [ -116.57722, 45.14563 ], [ -116.56593, 45.14101 ], [ -116.55704, 45.14536 ], [ -116.55635, 45.16502 ], [ -116.54921, 45.17071 ], [ -116.54926, 45.17577 ], [ -116.53221, 45.18606 ], [ -116.53105, 45.20414 ], [ -116.52595, 45.21014 ], [ -116.52459, 45.21941 ], [ -116.53036, 45.23416 ], [ -116.52495, 45.23881 ], [ -116.52163, 45.24853 ], [ -116.51754, 45.24822 ], [ -116.51311, 45.25396 ], [ -116.50564, 45.26788 ], [ -116.35221, 45.2678 ], [ -116.35203, 45.23837 ], [ -116.32737, 45.24215 ], [ -116.32445, 45.23266 ], [ -116.2841, 45.23883 ], [ -116.28119, 45.22934 ], [ -116.26979, 45.23109 ], [ -116.26993, 45.14165 ], [ -116.25499, 45.14394 ], [ -116.25208, 45.13445 ], [ -116.23865, 45.1365 ], [ -116.23284, 45.11752 ], [ -116.21941, 45.11957 ], [ -116.21361, 45.10059 ], [ -116.20018, 45.10264 ], [ -116.19728, 45.09315 ], [ -116.18386, 45.0952 ], [ -116.18096, 45.08571 ], [ -116.16754, 45.08776 ], [ -116.16465, 45.07827 ], [ -116.15122, 45.08031 ], [ -116.14833, 45.07082 ], [ -116.13491, 45.07286 ], [ -116.12337, 45.0349 ], [ -116.10995, 45.03694 ], [ -116.10131, 45.00847 ], [ -116.08789, 45.01051 ], [ -116.08502, 45.00102 ], [ -116.07161, 45.00306 ], [ -116.06873, 44.99357 ], [ -116.05532, 44.9956 ], [ -116.05245, 44.98611 ], [ -116.0449, 44.98725 ], [ -116.04488, 44.95587 ], [ -116.02456, 44.95589 ], [ -116.02444, 44.93369 ], [ -116.01897, 44.92171 ], [ -116.04576, 44.91765 ], [ -116.04289, 44.90817 ], [ -116.05629, 44.90613 ], [ -116.05342, 44.89665 ], [ -116.06681, 44.89461 ], [ -116.04674, 44.8282 ], [ -116.07349, 44.82414 ], [ -116.07062, 44.81465 ], [ -116.09737, 44.81058 ], [ -116.0945, 44.8011 ], [ -116.1346, 44.79498 ], [ -116.13173, 44.7855 ], [ -116.15846, 44.78142 ], [ -116.15271, 44.76245 ], [ -116.13934, 44.76449 ], [ -116.12498, 44.71708 ], [ -116.13833, 44.71504 ], [ -116.13576, 44.70656 ], [ -116.11503, 44.68411 ], [ -116.11125, 44.67305 ], [ -116.11316, 44.64912 ], [ -116.11762, 44.64012 ], [ -116.13149, 44.63729 ], [ -116.13055, 44.63079 ], [ -116.13352, 44.6265 ], [ -116.11251, 44.62971 ], [ -116.10965, 44.62023 ], [ -116.06964, 44.62633 ], [ -116.06678, 44.61685 ], [ -116.05345, 44.61888 ], [ -116.03062, 44.54303 ], [ -116.00398, 44.54708 ], [ -116.00113, 44.5376 ], [ -115.97449, 44.54165 ], [ -115.97164, 44.53217 ], [ -115.95832, 44.53419 ], [ -115.95548, 44.52471 ], [ -115.92884, 44.52875 ], [ -115.93168, 44.53823 ], [ -115.91835, 44.54025 ], [ -115.92119, 44.54973 ], [ -115.90786, 44.55175 ], [ -115.9107, 44.56123 ], [ -115.89737, 44.56325 ], [ -115.9002, 44.57273 ], [ -115.88687, 44.57475 ], [ -115.88404, 44.56526 ], [ -115.87071, 44.56727 ], [ -115.86788, 44.55779 ], [ -115.84122, 44.56181 ], [ -115.81865, 44.48593 ], [ -115.83196, 44.48393 ], [ -115.82915, 44.47444 ], [ -115.84246, 44.47243 ], [ -115.83682, 44.45347 ], [ -115.85013, 44.45146 ], [ -115.84449, 44.43249 ], [ -115.85779, 44.43048 ], [ -115.84933, 44.40204 ], [ -115.83603, 44.40405 ], [ -115.8304, 44.38508 ], [ -115.8171, 44.38709 ], [ -115.79181, 44.30175 ], [ -115.81837, 44.29774 ], [ -115.81556, 44.28826 ], [ -115.84212, 44.28425 ], [ -115.8393, 44.27477 ], [ -115.85258, 44.27276 ], [ -115.85821, 44.29172 ], [ -115.87148, 44.28971 ], [ -115.8743, 44.29919 ], [ -115.90086, 44.29516 ], [ -115.89804, 44.28568 ], [ -115.92458, 44.28165 ], [ -115.92176, 44.27217 ], [ -115.93503, 44.27016 ], [ -115.93221, 44.26068 ], [ -115.94547, 44.25866 ], [ -115.92853, 44.2018 ], [ -115.91527, 44.20382 ], [ -115.91245, 44.19434 ], [ -115.8992, 44.19635 ], [ -115.89638, 44.18688 ], [ -115.88312, 44.18889 ], [ -115.88031, 44.17941 ], [ -115.86705, 44.18143 ], [ -115.86424, 44.17195 ], [ -115.85099, 44.17396 ], [ -115.83695, 44.12657 ], [ -115.8502, 44.12456 ], [ -115.84739, 44.11509 ], [ -115.86063, 44.11308 ], [ -115.85782, 44.1036 ], [ -115.8843, 44.09958 ], [ -115.88149, 44.09011 ], [ -115.90796, 44.08608 ], [ -115.89671, 44.04818 ], [ -115.88349, 44.0502 ], [ -115.87226, 44.0123 ], [ -115.84581, 44.01632 ], [ -115.84301, 44.00684 ], [ -115.81656, 44.01086 ], [ -115.7942, 43.93506 ], [ -115.78099, 43.93706 ], [ -115.7782, 43.92759 ], [ -115.76499, 43.92959 ], [ -115.76221, 43.92011 ], [ -115.73579, 43.92411 ], [ -115.73301, 43.91463 ], [ -115.7198, 43.91663 ], [ -115.71702, 43.90715 ], [ -115.70381, 43.90915 ], [ -115.68993, 43.86177 ], [ -115.67673, 43.86376 ], [ -115.67396, 43.85428 ], [ -115.66076, 43.85627 ], [ -115.65799, 43.8468 ], [ -115.64479, 43.84879 ], [ -115.63926, 43.82984 ], [ -115.62607, 43.83182 ], [ -115.6233, 43.82235 ], [ -115.61011, 43.82433 ], [ -115.60459, 43.80538 ], [ -115.61778, 43.80339 ], [ -115.61501, 43.79392 ], [ -115.6282, 43.79193 ], [ -115.62544, 43.78246 ], [ -115.63862, 43.78047 ], [ -115.63586, 43.771 ], [ -115.64904, 43.76901 ], [ -115.64628, 43.75954 ], [ -115.65946, 43.75755 ], [ -115.65669, 43.74808 ], [ -115.68305, 43.7441 ], [ -115.68581, 43.75357 ], [ -115.69899, 43.75158 ], [ -115.70176, 43.76105 ], [ -115.72812, 43.75706 ], [ -115.7309, 43.76654 ], [ -115.74407, 43.76454 ], [ -115.7413, 43.75507 ], [ -115.75447, 43.75307 ], [ -115.75169, 43.7436 ], [ -115.76487, 43.7416 ], [ -115.76209, 43.73213 ], [ -115.78843, 43.72813 ], [ -115.78565, 43.71866 ], [ -115.79881, 43.71666 ], [ -115.77935, 43.65037 ], [ -115.80566, 43.64637 ], [ -115.80287, 43.6369 ], [ -115.93435, 43.61681 ], [ -115.95607, 43.60363 ], [ -115.95606, 43.59049 ], [ -115.97599, 43.58914 ], [ -116.07529, 43.58908 ], [ -116.08662, 43.59187 ], [ -116.09453, 43.60135 ], [ -116.09446, 43.63278 ], [ -116.10755, 43.63617 ], [ -116.11468, 43.64716 ], [ -116.12652, 43.64996 ], [ -116.13468, 43.66137 ], [ -116.15017, 43.66679 ], [ -116.15445, 43.67427 ], [ -116.15461, 43.69114 ], [ -116.16776, 43.69558 ], [ -116.17331, 43.70527 ], [ -116.19796, 43.70583 ], [ -116.20932, 43.71133 ], [ -116.21319, 43.71985 ], [ -116.21397, 43.8073 ], [ -116.21129, 43.81453 ], [ -116.19615, 43.82168 ], [ -116.11788, 43.82182 ], [ -116.1181, 43.86572 ], [ -116.12136, 43.87512 ], [ -116.14774, 43.87105 ], [ -116.16194, 43.91838 ], [ -116.17513, 43.91634 ], [ -116.18367, 43.94474 ], [ -116.1964, 43.94348 ], [ -116.19246, 43.9496 ], [ -116.19345, 43.96081 ], [ -116.18832, 43.96398 ], [ -116.18896, 43.97261 ], [ -116.19418, 43.9806 ], [ -116.18664, 43.98685 ], [ -116.18699, 43.99458 ], [ -116.17917, 44.00593 ], [ -116.16274, 44.01007 ], [ -116.15224, 44.01692 ], [ -116.15042, 44.02137 ], [ -116.13591, 44.02733 ], [ -116.13036, 44.04524 ], [ -116.13273, 44.05165 ], [ -116.16031, 44.05201 ], [ -116.17223, 44.05803 ], [ -116.1755, 44.06449 ], [ -116.17566, 44.08051 ], [ -116.18745, 44.08333 ], [ -116.19486, 44.09095 ], [ -116.19371, 44.11208 ], [ -116.22493, 44.10902 ], [ -116.24159, 44.11147 ], [ -116.24995, 44.12007 ], [ -116.25072, 44.1369 ], [ -116.26139, 44.1402 ], [ -116.26777, 44.14724 ], [ -116.2686, 44.17168 ], [ -116.27265, 44.17983 ], [ -116.27292, 44.21771 ], [ -116.26861, 44.2252 ], [ -116.25337, 44.23575 ], [ -116.25265, 44.25576 ], [ -116.26438, 44.2582 ], [ -116.27213, 44.26528 ], [ -116.27333, 44.30966 ], [ -116.28336, 44.31176 ], [ -116.29099, 44.31773 ], [ -116.29297, 44.33876 ], [ -116.30743, 44.34323 ], [ -116.31304, 44.35329 ], [ -116.33498, 44.35614 ], [ -116.34265, 44.36437 ], [ -116.3429, 44.39899 ], [ -116.33313, 44.40929 ], [ -116.3322, 44.5571 ], [ -116.34526, 44.56048 ], [ -116.35248, 44.57103 ], [ -116.36463, 44.57384 ], [ -116.3721, 44.58146 ], [ -116.37311, 44.62933 ], [ -116.3704, 44.63628 ], [ -116.37311, 44.65873 ], [ -116.38998, 44.66517 ], [ -116.39328, 44.67162 ], [ -116.39346, 44.68766 ], [ -116.4049, 44.69082 ], [ -116.41168, 44.69806 ], [ -116.41258, 44.78901 ], [ -116.4222, 44.82026 ], [ -116.43556, 44.81819 ], [ -116.44432, 44.84663 ], [ -116.48443, 44.84041 ], [ -116.48735, 44.84989 ], [ -116.55419, 44.83949 ], [ -116.55125, 44.83002 ], [ -116.56461, 44.82794 ], [ -116.55874, 44.80898 ], [ -116.5721, 44.8069 ], [ -116.5708, 44.80272 ], [ -116.52911, 44.8024 ], [ -116.51483, 44.79328 ], [ -116.51398, 44.72929 ], [ -116.52402, 44.71833 ], [ -116.52675, 44.70915 ], [ -116.53536, 44.70341 ], [ -116.55724, 44.70191 ], [ -116.58278, 44.70592 ], [ -116.58494, 44.7019 ], [ -116.59508, 44.70188 ] ] ] } },
{ "type": "Feature", "properties": { "name": "Stanislaus", "state": "California", "region": "05", "project_id": "NPL008", "investment_year": 2022, "acres": 304624, "edited": "2022-08-08" }, "geometry": { "type": "Polygon", "coordinates": [ [ [ -120.09568, 38.32027 ], [ -120.08191, 38.32024 ], [ -120.07718, 38.31408 ], [ -120.05328, 38.31119 ], [ -120.03829, 38.29999 ], [ -120.04387, 38.28985 ], [ -120.04197, 38.28649 ], [ -120.00635, 38.27283 ], [ -120.00589, 38.26787 ], [ -119.99307, 38.26148 ], [ -119.97688, 38.26688 ], [ -119.97018, 38.26048 ], [ -119.95934, 38.25663 ], [ -119.94099, 38.25519 ], [ -119.9164, 38.26544 ], [ -119.91272, 38.27669 ], [ -119.89741, 38.27901 ], [ -119.88513, 38.28597 ], [ -119.88018, 38.27977 ], [ -119.84942, 38.2795 ], [ -119.84828, 38.27461 ], [ -119.85661, 38.26574 ], [ -119.85722, 38.26088 ], [ -119.84168, 38.24759 ], [ -119.88379, 38.22871 ], [ -119.90559, 38.225 ], [ -119.91012, 38.21056 ], [ -119.89183, 38.20809 ], [ -119.88558, 38.20212 ], [ -119.89895, 38.19591 ], [ -119.90844, 38.19668 ], [ -119.92599, 38.19035 ], [ -119.92684, 38.18187 ], [ -119.95201, 38.17058 ], [ -119.95675, 38.15801 ], [ -119.96424, 38.15656 ], [ -119.97618, 38.14695 ], [ -120.00231, 38.11185 ], [ -120.01025, 38.09463 ], [ -120.01154, 38.07613 ], [ -120.01782, 38.07197 ], [ -120.02852, 38.07402 ], [ -120.03279, 38.06414 ], [ -120.03899, 38.06483 ], [ -120.04084, 38.06721 ], [ -120.03339, 38.07452 ], [ -120.03307, 38.07964 ], [ -120.0396, 38.08061 ], [ -120.05355, 38.07322 ], [ -120.05463, 38.06889 ], [ -120.06616, 38.06318 ], [ -120.07533, 38.05269 ], [ -120.08661, 38.05095 ], [ -120.09863, 38.03845 ], [ -120.11778, 38.03605 ], [ -120.10565, 38.02759 ], [ -120.10967, 38.01895 ], [ -120.10621, 38.01329 ], [ -120.10782, 38.00506 ], [ -120.11703, 37.99409 ], [ -120.10554, 37.98105 ], [ -120.1198, 37.96859 ], [ -120.10874, 37.96376 ], [ -120.10898, 37.95794 ], [ -120.10414, 37.9552 ], [ -120.10479, 37.94548 ], [ -120.10912, 37.94148 ], [ -120.1014, 37.93494 ], [ -120.10502, 37.93424 ], [ -120.10853, 37.92751 ], [ -120.11599, 37.92477 ], [ -120.12497, 37.92768 ], [ -120.13361, 37.92061 ], [ -120.16746, 37.9161 ], [ -120.18744, 37.91016 ], [ -120.20975, 37.91838 ], [ -120.23356, 37.92035 ], [ -120.23758, 37.91389 ], [ -120.23602, 37.9087 ], [ -120.24534, 37.89852 ], [ -120.26236, 37.898 ], [ -120.27253, 37.88841 ], [ -120.28053, 37.8915 ], [ -120.28011, 37.89957 ], [ -120.28675, 37.90131 ], [ -120.28853, 37.90777 ], [ -120.27584, 37.92155 ], [ -120.27683, 37.93223 ], [ -120.27258, 37.94395 ], [ -120.26773, 37.94854 ], [ -120.2711, 37.95536 ], [ -120.27457, 37.9559 ], [ -120.28225, 37.94836 ], [ -120.29202, 37.94423 ], [ -120.31533, 37.94931 ], [ -120.33577, 37.96761 ], [ -120.3483, 37.9737 ], [ -120.38222, 37.96499 ], [ -120.39539, 37.96526 ], [ -120.39917, 37.96828 ], [ -120.40589, 37.99 ], [ -120.40078, 37.9989 ], [ -120.40157, 38.00332 ], [ -120.39371, 38.0086 ], [ -120.39465, 38.01576 ], [ -120.39146, 38.01878 ], [ -120.39643, 38.02695 ], [ -120.38814, 38.02981 ], [ -120.38139, 38.04379 ], [ -120.3842, 38.04838 ], [ -120.39129, 38.04802 ], [ -120.39236, 38.05467 ], [ -120.40414, 38.0574 ], [ -120.40622, 38.06198 ], [ -120.41685, 38.06204 ], [ -120.41969, 38.06989 ], [ -120.43192, 38.0802 ], [ -120.43024, 38.0884 ], [ -120.44134, 38.10064 ], [ -120.43267, 38.11504 ], [ -120.39934, 38.13458 ], [ -120.39832, 38.14058 ], [ -120.40179, 38.14413 ], [ -120.39946, 38.15349 ], [ -120.40763, 38.15649 ], [ -120.3982, 38.1692 ], [ -120.38465, 38.17156 ], [ -120.38278, 38.16618 ], [ -120.35722, 38.15493 ], [ -120.33883, 38.16966 ], [ -120.33445, 38.17627 ], [ -120.3372, 38.1781 ], [ -120.32715, 38.19222 ], [ -120.31326, 38.20313 ], [ -120.28949, 38.20958 ], [ -120.26949, 38.22398 ], [ -120.26132, 38.2337 ], [ -120.23863, 38.2402 ], [ -120.22259, 38.25034 ], [ -120.21424, 38.26153 ], [ -120.19497, 38.26899 ], [ -120.16961, 38.29008 ], [ -120.15593, 38.29608 ], [ -120.14608, 38.29544 ], [ -120.13457, 38.30292 ], [ -120.12346, 38.3037 ], [ -120.11484, 38.31302 ], [ -120.09568, 38.32027 ] ] ] } },
{ "type": "Feature", "properties": { "name": "Trinity Forest Health and Fire-Resilient Rural Communities", "state": "California", "region": "05", "project_id": "NPL014", "investment_year": 2023, "acres": 1646432, "edited": "2023-01-18" }, "geometry": { "type": "Polygon", "coordinates": [ [ [ -123.5783, 41.1829 ], [ -123.56265, 41.18146 ], [ -123.54217, 41.17432 ], [ -123.53667, 41.17736 ], [ -123.52597, 41.16978 ], [ -123.50512, 41.16468 ], [ -123.49465, 41.14341 ], [ -123.47918, 41.13215 ], [ -123.48147, 41.11988 ], [ -123.48835, 41.10893 ], [ -123.485, 41.10576 ], [ -123.47361, 41.10689 ], [ -123.46943, 41.10408 ], [ -123.45859, 41.08545 ], [ -123.4639, 41.07694 ], [ -123.45848, 41.06866 ], [ -123.45278, 41.06878 ], [ -123.44464, 41.06151 ], [ -123.43434, 41.06058 ], [ -123.43043, 41.06332 ], [ -123.42374, 41.05834 ], [ -123.42386, 41.04409 ], [ -123.42, 41.03591 ], [ -123.40658, 41.03069 ], [ -123.41039, 41.02185 ], [ -123.40574, 41.01355 ], [ -123.41942, 41.01016 ], [ -123.42544, 41.00397 ], [ -123.42992, 40.98416 ], [ -123.40523, 40.97841 ], [ -123.40239, 40.97304 ], [ -123.38408, 40.97558 ], [ -123.38221, 40.98429 ], [ -123.37446, 40.98529 ], [ -123.37552, 40.98838 ], [ -123.36958, 40.98781 ], [ -123.36795, 40.9942 ], [ -123.35267, 41.00506 ], [ -123.34619, 41.00417 ], [ -123.34328, 40.99703 ], [ -123.3452, 40.98133 ], [ -123.34822, 40.97913 ], [ -123.34602, 40.9739 ], [ -123.31365, 40.98292 ], [ -123.30955, 40.95867 ], [ -123.33322, 40.95545 ], [ -123.33351, 40.96127 ], [ -123.34085, 40.96257 ], [ -123.3514, 40.96088 ], [ -123.35463, 40.95711 ], [ -123.35296, 40.95492 ], [ -123.3572, 40.95431 ], [ -123.3384, 40.93914 ], [ -123.34281, 40.937 ], [ -123.34339, 40.93236 ], [ -123.33879, 40.92301 ], [ -123.33908, 40.91447 ], [ -123.347, 40.91104 ], [ -123.33841, 40.90366 ], [ -123.34352, 40.89933 ], [ -123.33445, 40.88729 ], [ -123.3102, 40.87896 ], [ -123.31345, 40.87797 ], [ -123.31091, 40.87327 ], [ -123.32249, 40.8586 ], [ -123.29465, 40.84717 ], [ -123.30626, 40.84065 ], [ -123.29378, 40.83937 ], [ -123.30005, 40.83395 ], [ -123.29777, 40.82982 ], [ -123.27654, 40.83451 ], [ -123.27287, 40.82526 ], [ -123.2605, 40.82799 ], [ -123.25684, 40.81874 ], [ -123.24447, 40.82146 ], [ -123.2408, 40.81222 ], [ -123.22842, 40.81494 ], [ -123.22477, 40.80569 ], [ -123.21239, 40.80841 ], [ -123.2051, 40.78991 ], [ -123.19148, 40.79291 ], [ -123.19485, 40.8131 ], [ -123.19071, 40.81769 ], [ -123.20655, 40.83539 ], [ -123.1992, 40.83835 ], [ -123.20593, 40.85723 ], [ -123.19898, 40.86831 ], [ -123.21455, 40.88066 ], [ -123.20973, 40.89976 ], [ -123.21475, 40.91201 ], [ -123.19003, 40.92391 ], [ -123.18748, 40.93053 ], [ -123.16151, 40.93782 ], [ -123.15013, 40.93383 ], [ -123.14177, 40.92678 ], [ -123.13732, 40.93357 ], [ -123.12565, 40.93995 ], [ -123.11527, 40.93888 ], [ -123.09889, 40.94844 ], [ -123.08552, 40.95136 ], [ -123.08111, 40.9562 ], [ -123.08061, 40.96507 ], [ -123.06493, 40.9635 ], [ -123.05569, 40.96844 ], [ -123.05059, 40.96471 ], [ -123.0583, 40.94013 ], [ -123.0489, 40.93417 ], [ -123.05423, 40.92034 ], [ -123.05142, 40.91529 ], [ -123.05798, 40.90931 ], [ -123.05704, 40.89272 ], [ -123.03229, 40.89813 ], [ -123.02865, 40.88887 ], [ -122.99143, 40.89698 ], [ -122.98781, 40.88772 ], [ -123.00022, 40.88502 ], [ -122.98574, 40.84799 ], [ -122.99813, 40.84528 ], [ -122.9909, 40.82678 ], [ -122.95372, 40.83488 ], [ -122.9501, 40.82562 ], [ -122.92532, 40.83101 ], [ -122.9217, 40.82175 ], [ -122.90352, 40.82571 ], [ -122.90274, 40.85475 ], [ -122.92161, 40.85428 ], [ -122.92149, 40.86877 ], [ -122.93097, 40.86853 ], [ -122.93253, 40.8797 ], [ -122.92927, 40.88326 ], [ -122.92347, 40.88326 ], [ -122.92347, 40.88769 ], [ -122.90897, 40.89082 ], [ -122.90535, 40.89566 ], [ -122.86512, 40.89435 ], [ -122.82795, 40.93006 ], [ -122.82183, 40.93006 ], [ -122.81909, 40.94189 ], [ -122.80421, 40.95863 ], [ -122.79346, 40.95855 ], [ -122.79427, 40.9801 ], [ -122.78371, 40.97939 ], [ -122.79015, 41.00137 ], [ -122.78076, 41.0011 ], [ -122.7798, 41.01596 ], [ -122.76083, 41.01595 ], [ -122.76105, 41.04445 ], [ -122.76174, 41.05851 ], [ -122.7975, 41.05864 ], [ -122.78633, 41.06902 ], [ -122.7915, 41.07364 ], [ -122.789, 41.08236 ], [ -122.78134, 41.09716 ], [ -122.77425, 41.10173 ], [ -122.75497, 41.10151 ], [ -122.75507, 41.09417 ], [ -122.74856, 41.09339 ], [ -122.74544, 41.08689 ], [ -122.7395, 41.08678 ], [ -122.73503, 41.095 ], [ -122.73743, 41.11532 ], [ -122.71925, 41.11792 ], [ -122.71931, 41.13142 ], [ -122.73341, 41.13741 ], [ -122.7392, 41.14549 ], [ -122.7343, 41.14802 ], [ -122.73758, 41.15019 ], [ -122.73549, 41.1536 ], [ -122.72499, 41.15388 ], [ -122.72484, 41.15964 ], [ -122.68867, 41.15553 ], [ -122.66417, 41.14713 ], [ -122.65938, 41.14138 ], [ -122.66407, 41.12451 ], [ -122.6561, 41.1178 ], [ -122.65392, 41.10943 ], [ -122.6425, 41.1061 ], [ -122.63274, 41.09582 ], [ -122.62572, 41.09397 ], [ -122.62726, 41.08517 ], [ -122.61756, 41.07407 ], [ -122.5919, 41.06593 ], [ -122.57585, 41.06925 ], [ -122.56791, 41.0679 ], [ -122.55649, 41.06275 ], [ -122.54974, 41.06352 ], [ -122.54742, 41.05952 ], [ -122.53737, 41.06467 ], [ -122.52914, 41.06489 ], [ -122.52334, 41.05901 ], [ -122.52193, 41.05354 ], [ -122.52739, 41.04559 ], [ -122.52877, 41.03619 ], [ -122.52788, 41.01465 ], [ -122.53818, 41.00251 ], [ -122.53553, 41.00056 ], [ -122.53729, 40.99568 ], [ -122.54392, 40.99237 ], [ -122.54475, 40.98654 ], [ -122.55327, 40.98192 ], [ -122.55268, 40.97656 ], [ -122.54185, 40.97318 ], [ -122.52766, 40.95715 ], [ -122.5365, 40.95218 ], [ -122.53941, 40.94039 ], [ -122.52835, 40.92676 ], [ -122.53264, 40.91975 ], [ -122.53039, 40.90449 ], [ -122.52145, 40.89833 ], [ -122.52811, 40.88461 ], [ -122.54131, 40.87455 ], [ -122.5293, 40.85668 ], [ -122.53835, 40.84282 ], [ -122.53841, 40.83467 ], [ -122.54798, 40.83093 ], [ -122.53305, 40.80444 ], [ -122.547, 40.79846 ], [ -122.55002, 40.79319 ], [ -122.58065, 40.78832 ], [ -122.58091, 40.77956 ], [ -122.58889, 40.77309 ], [ -122.59359, 40.75673 ], [ -122.6037, 40.76055 ], [ -122.61667, 40.75512 ], [ -122.61792, 40.74887 ], [ -122.62506, 40.74457 ], [ -122.62385, 40.73573 ], [ -122.62672, 40.73239 ], [ -122.62226, 40.72852 ], [ -122.62659, 40.71902 ], [ -122.6373, 40.71397 ], [ -122.63579, 40.69714 ], [ -122.66985, 40.71068 ], [ -122.67001, 40.71929 ], [ -122.67377, 40.72096 ], [ -122.70661, 40.72446 ], [ -122.71134, 40.71041 ], [ -122.71859, 40.70844 ], [ -122.72238, 40.69545 ], [ -122.73031, 40.69225 ], [ -122.74419, 40.695 ], [ -122.7523, 40.68999 ], [ -122.74952, 40.68314 ], [ -122.7426, 40.67881 ], [ -122.74126, 40.66554 ], [ -122.73355, 40.66212 ], [ -122.7338, 40.65648 ], [ -122.7273, 40.65073 ], [ -122.73646, 40.63641 ], [ -122.70994, 40.63114 ], [ -122.71092, 40.61271 ], [ -122.70634, 40.61013 ], [ -122.70023, 40.5856 ], [ -122.69313, 40.58066 ], [ -122.69342, 40.57489 ], [ -122.69869, 40.5694 ], [ -122.70633, 40.56936 ], [ -122.72253, 40.57529 ], [ -122.74167, 40.56386 ], [ -122.74396, 40.5537 ], [ -122.76722, 40.55527 ], [ -122.78522, 40.54112 ], [ -122.78233, 40.5317 ], [ -122.79359, 40.52359 ], [ -122.79323, 40.51462 ], [ -122.80433, 40.51038 ], [ -122.81844, 40.51109 ], [ -122.84616, 40.50503 ], [ -122.8521, 40.50094 ], [ -122.84687, 40.49579 ], [ -122.84694, 40.49114 ], [ -122.8567, 40.48249 ], [ -122.87675, 40.48052 ], [ -122.88364, 40.47484 ], [ -122.90187, 40.44511 ], [ -122.91763, 40.44989 ], [ -122.92747, 40.44732 ], [ -122.93805, 40.43694 ], [ -122.93814, 40.42948 ], [ -122.95464, 40.42131 ], [ -122.96096, 40.42621 ], [ -122.9793, 40.41876 ], [ -122.99873, 40.41819 ], [ -122.9996, 40.40323 ], [ -122.99673, 40.39668 ], [ -123.0135, 40.38731 ], [ -123.01325, 40.38316 ], [ -123.01907, 40.37654 ], [ -123.01661, 40.37259 ], [ -123.03115, 40.36364 ], [ -123.0402, 40.36205 ], [ -123.0442, 40.34694 ], [ -123.05703, 40.3491 ], [ -123.06569, 40.34512 ], [ -123.06418, 40.33754 ], [ -123.06879, 40.33212 ], [ -123.06296, 40.32236 ], [ -123.06176, 40.31309 ], [ -123.06899, 40.30732 ], [ -123.06523, 40.29888 ], [ -123.06602, 40.28545 ], [ -123.06077, 40.27787 ], [ -123.0459, 40.26503 ], [ -123.03668, 40.2613 ], [ -123.03166, 40.26488 ], [ -123.01852, 40.26283 ], [ -123.00204, 40.25275 ], [ -122.98585, 40.24906 ], [ -122.97744, 40.24123 ], [ -122.97868, 40.23476 ], [ -122.9749, 40.23044 ], [ -122.97965, 40.21342 ], [ -122.97821, 40.2062 ], [ -122.97097, 40.19711 ], [ -122.97466, 40.19144 ], [ -122.9699, 40.18664 ], [ -122.98365, 40.1723 ], [ -122.98633, 40.15953 ], [ -122.9844, 40.15377 ], [ -122.98972, 40.1452 ], [ -123.00847, 40.14047 ], [ -123.02488, 40.14131 ], [ -123.05707, 40.13197 ], [ -123.07148, 40.13808 ], [ -123.07133, 40.1471 ], [ -123.07929, 40.14896 ], [ -123.09881, 40.13786 ], [ -123.12341, 40.14077 ], [ -123.13049, 40.13079 ], [ -123.14037, 40.12487 ], [ -123.14121, 40.11247 ], [ -123.14654, 40.10023 ], [ -123.15526, 40.0935 ], [ -123.1625, 40.09499 ], [ -123.17252, 40.08846 ], [ -123.18547, 40.08864 ], [ -123.19834, 40.09641 ], [ -123.20492, 40.10435 ], [ -123.22108, 40.1045 ], [ -123.23016, 40.1109 ], [ -123.23391, 40.11665 ], [ -123.23201, 40.1208 ], [ -123.23603, 40.12057 ], [ -123.24217, 40.13271 ], [ -123.24987, 40.1382 ], [ -123.26358, 40.13886 ], [ -123.26115, 40.13462 ], [ -123.26842, 40.13705 ], [ -123.26239, 40.15311 ], [ -123.27671, 40.15484 ], [ -123.28134, 40.15831 ], [ -123.28746, 40.15633 ], [ -123.30113, 40.16951 ], [ -123.30288, 40.17641 ], [ -123.30053, 40.18001 ], [ -123.31149, 40.18462 ], [ -123.31399, 40.19179 ], [ -123.321, 40.19552 ], [ -123.33037, 40.19539 ], [ -123.33715, 40.20614 ], [ -123.35937, 40.19372 ], [ -123.37391, 40.19293 ], [ -123.37087, 40.19671 ], [ -123.37477, 40.20025 ], [ -123.37404, 40.20357 ], [ -123.37799, 40.20304 ], [ -123.38747, 40.21354 ], [ -123.40818, 40.22378 ], [ -123.42093, 40.24302 ], [ -123.42199, 40.25064 ], [ -123.41695, 40.2551 ], [ -123.42966, 40.27603 ], [ -123.43432, 40.28113 ], [ -123.4463, 40.27795 ], [ -123.44499, 40.28416 ], [ -123.43874, 40.28726 ], [ -123.43428, 40.2951 ], [ -123.43685, 40.30312 ], [ -123.45121, 40.31542 ], [ -123.45421, 40.32349 ], [ -123.4702, 40.33926 ], [ -123.48636, 40.35003 ], [ -123.48478, 40.35298 ], [ -123.48634, 40.35655 ], [ -123.49051, 40.35692 ], [ -123.49185, 40.36559 ], [ -123.49668, 40.36968 ], [ -123.50257, 40.36953 ], [ -123.51235, 40.36022 ], [ -123.51487, 40.36289 ], [ -123.54264, 40.36084 ], [ -123.54242, 40.36682 ], [ -123.55342, 40.37551 ], [ -123.5518, 40.42804 ], [ -123.6094, 40.42876 ], [ -123.60788, 40.48693 ], [ -123.58865, 40.48685 ], [ -123.58794, 40.53038 ], [ -123.5718, 40.54397 ], [ -123.5748, 40.55845 ], [ -123.58385, 40.56508 ], [ -123.57794, 40.57473 ], [ -123.5818, 40.58721 ], [ -123.59659, 40.60525 ], [ -123.60403, 40.62609 ], [ -123.62159, 40.64344 ], [ -123.61829, 40.6528 ], [ -123.62279, 40.66517 ], [ -123.61533, 40.67131 ], [ -123.6144, 40.67914 ], [ -123.63282, 40.68814 ], [ -123.64124, 40.70821 ], [ -123.64932, 40.71442 ], [ -123.65035, 40.71903 ], [ -123.64038, 40.72088 ], [ -123.67259, 40.73052 ], [ -123.69503, 40.74156 ], [ -123.6962, 40.75973 ], [ -123.6894, 40.76618 ], [ -123.68058, 40.76578 ], [ -123.67781, 40.78234 ], [ -123.68746, 40.78615 ], [ -123.69104, 40.79194 ], [ -123.69196, 40.80519 ], [ -123.69811, 40.81126 ], [ -123.70179, 40.82569 ], [ -123.72634, 40.84684 ], [ -123.73568, 40.87234 ], [ -123.74493, 40.87229 ], [ -123.7524, 40.88243 ], [ -123.76376, 40.88076 ], [ -123.77093, 40.88438 ], [ -123.77044, 40.89673 ], [ -123.77938, 40.91426 ], [ -123.77044, 40.93093 ], [ -123.75869, 40.93174 ], [ -123.75334, 40.93967 ], [ -123.75721, 40.95362 ], [ -123.75414, 40.96507 ], [ -123.76684, 40.99029 ], [ -123.77461, 40.98881 ], [ -123.79288, 40.99278 ], [ -123.78302, 41.00217 ], [ -123.78617, 41.01831 ], [ -123.78175, 41.02207 ], [ -123.78503, 41.03468 ], [ -123.79701, 41.05203 ], [ -123.79928, 41.06085 ], [ -123.80419, 41.0644 ], [ -123.805, 41.07019 ], [ -123.81077, 41.07742 ], [ -123.83078, 41.07633 ], [ -123.83482, 41.08271 ], [ -123.82241, 41.0855 ], [ -123.82615, 41.09473 ], [ -123.81374, 41.09751 ], [ -123.81748, 41.10675 ], [ -123.76785, 41.11788 ], [ -123.7641, 41.10864 ], [ -123.72687, 41.11697 ], [ -123.7306, 41.12621 ], [ -123.70576, 41.13176 ], [ -123.70949, 41.141 ], [ -123.67222, 41.14931 ], [ -123.66848, 41.14007 ], [ -123.64365, 41.1456 ], [ -123.64167, 41.14085 ], [ -123.63175, 41.13842 ], [ -123.62819, 41.14515 ], [ -123.63274, 41.14957 ], [ -123.62538, 41.15057 ], [ -123.62449, 41.16224 ], [ -123.61732, 41.16637 ], [ -123.59242, 41.17015 ], [ -123.5783, 41.1829 ] ] ] } },
{ "type": "Feature", "properties": { "name": "Wasatch", "state": "Utah", "region": "04", "project_id": "NPL007", "investment_year": 2023, "acres": 1053900, "edited": "2023-01-18" }, "geometry": { "type": "MultiPolygon", "coordinates": [ [ [ [ -110.8225, 40.99513 ], [ -110.58297, 40.99629 ], [ -110.57889, 40.94763 ], [ -110.59905, 40.9321 ], [ -110.6313, 40.92276 ], [ -110.6453, 40.90247 ], [ -110.66608, 40.89339 ], [ -110.66572, 40.88757 ], [ -110.67274, 40.88052 ], [ -110.66592, 40.86364 ], [ -110.70518, 40.85277 ], [ -110.75548, 40.85894 ], [ -110.84362, 40.84099 ], [ -110.86291, 40.81642 ], [ -110.8888, 40.80444 ], [ -110.90367, 40.77923 ], [ -110.90543, 40.74087 ], [ -110.89199, 40.72771 ], [ -110.88596, 40.71494 ], [ -110.89165, 40.68051 ], [ -110.91419, 40.64042 ], [ -110.93608, 40.62285 ], [ -110.89649, 40.60728 ], [ -110.88857, 40.60087 ], [ -110.89161, 40.5918 ], [ -110.88881, 40.57759 ], [ -110.89164, 40.57163 ], [ -110.89049, 40.56119 ], [ -110.96511, 40.56168 ], [ -110.95453, 40.55741 ], [ -110.95554, 40.55121 ], [ -110.94891, 40.55086 ], [ -110.94666, 40.5467 ], [ -110.92617, 40.53769 ], [ -110.92596, 40.52351 ], [ -110.91814, 40.52317 ], [ -110.93141, 40.51878 ], [ -110.93075, 40.51138 ], [ -110.95025, 40.50347 ], [ -110.90283, 40.48921 ], [ -110.90283, 40.47466 ], [ -110.89334, 40.47467 ], [ -110.89355, 40.45882 ], [ -110.90161, 40.45305 ], [ -110.95021, 40.45298 ], [ -110.95021, 40.43817 ], [ -110.94372, 40.43161 ], [ -110.94376, 40.40384 ], [ -110.94759, 40.39863 ], [ -110.96413, 40.39731 ], [ -110.98875, 40.40329 ], [ -110.99661, 40.39789 ], [ -111.00537, 40.3972 ], [ -111.00063, 40.38636 ], [ -110.993, 40.3834 ], [ -110.99117, 40.37454 ], [ -110.98254, 40.36763 ], [ -110.97822, 40.36464 ], [ -110.96108, 40.36452 ], [ -110.95509, 40.36167 ], [ -110.94869, 40.35155 ], [ -110.94948, 40.33969 ], [ -110.95694, 40.33569 ], [ -111.00063, 40.33574 ], [ -111.00062, 40.30674 ], [ -111.02181, 40.29967 ], [ -111.12455, 40.29472 ], [ -111.14902, 40.31434 ], [ -111.16221, 40.35124 ], [ -111.20906, 40.40901 ], [ -111.2146, 40.42615 ], [ -111.23264, 40.438 ], [ -111.23536, 40.48668 ], [ -111.25283, 40.52656 ], [ -111.23322, 40.54422 ], [ -111.23199, 40.55827 ], [ -111.22534, 40.56616 ], [ -111.2424, 40.58625 ], [ -111.23775, 40.61886 ], [ -111.27785, 40.64075 ], [ -111.28125, 40.64771 ], [ -111.27872, 40.69355 ], [ -111.28054, 40.72543 ], [ -111.26823, 40.74836 ], [ -111.25012, 40.76736 ], [ -111.18938, 40.80481 ], [ -111.16328, 40.82597 ], [ -111.15107, 40.82493 ], [ -111.07443, 40.8342 ], [ -111.06769, 40.84656 ], [ -111.03974, 40.84799 ], [ -111.0228, 40.84516 ], [ -111.00974, 40.85702 ], [ -110.99533, 40.89231 ], [ -110.97767, 40.89331 ], [ -110.96233, 40.90877 ], [ -110.94706, 40.91134 ], [ -110.90962, 40.95464 ], [ -110.89314, 40.95428 ], [ -110.85222, 40.96396 ], [ -110.8225, 40.99513 ] ] ], [ [ [ -112.50003, 40.61722 ], [ -112.48189, 40.60166 ], [ -112.47213, 40.59961 ], [ -112.47292, 40.58919 ], [ -112.47891, 40.58458 ], [ -112.5014, 40.52014 ], [ -112.49355, 40.50534 ], [ -112.49388, 40.49044 ], [ -112.46503, 40.43044 ], [ -112.45576, 40.37112 ], [ -112.44741, 40.34036 ], [ -112.45375, 40.33714 ], [ -112.50358, 40.33717 ], [ -112.51748, 40.33167 ], [ -112.54388, 40.34542 ], [ -112.56065, 40.3484 ], [ -112.57082, 40.3834 ], [ -112.54836, 40.38775 ], [ -112.54313, 40.38594 ], [ -112.53668, 40.39147 ], [ -112.52989, 40.39065 ], [ -112.529, 40.39562 ], [ -112.54802, 40.40325 ], [ -112.57305, 40.40504 ], [ -112.57908, 40.41436 ], [ -112.58171, 40.4192 ], [ -112.57896, 40.4224 ], [ -112.58655, 40.42784 ], [ -112.58421, 40.43698 ], [ -112.58893, 40.44572 ], [ -112.58599, 40.45663 ], [ -112.58862, 40.46112 ], [ -112.57644, 40.49177 ], [ -112.58225, 40.4915 ], [ -112.59265, 40.50936 ], [ -112.60949, 40.51176 ], [ -112.60894, 40.5235 ], [ -112.61476, 40.53166 ], [ -112.6168, 40.54248 ], [ -112.61076, 40.56806 ], [ -112.60727, 40.60845 ], [ -112.6043, 40.61362 ], [ -112.50003, 40.61722 ] ] ], [ [ [ -112.32951, 40.11732 ], [ -112.29993, 40.05572 ], [ -112.29347, 40.05086 ], [ -112.27678, 40.01794 ], [ -112.27285, 40.00094 ], [ -112.24461, 39.95716 ], [ -112.2504, 39.95013 ], [ -112.2691, 39.9397 ], [ -112.2829, 39.94195 ], [ -112.30186, 39.93668 ], [ -112.30727, 39.94519 ], [ -112.32355, 39.94457 ], [ -112.33238, 39.95264 ], [ -112.33451, 39.94592 ], [ -112.33969, 39.94375 ], [ -112.33698, 39.93434 ], [ -112.33893, 39.92906 ], [ -112.3558, 39.92967 ], [ -112.37919, 39.94781 ], [ -112.39837, 39.95497 ], [ -112.43198, 39.94106 ], [ -112.45648, 39.93792 ], [ -112.45856, 39.94233 ], [ -112.48112, 39.95272 ], [ -112.47989, 39.95791 ], [ -112.50045, 39.96852 ], [ -112.5058, 39.98207 ], [ -112.54273, 40.00938 ], [ -112.55728, 40.02568 ], [ -112.56451, 40.05999 ], [ -112.56968, 40.07076 ], [ -112.56203, 40.07852 ], [ -112.53105, 40.07958 ], [ -112.51413, 40.07258 ], [ -112.49482, 40.02763 ], [ -112.47715, 40.0248 ], [ -112.46843, 40.00993 ], [ -112.45073, 40.00854 ], [ -112.43903, 40.01508 ], [ -112.41658, 40.01763 ], [ -112.41673, 40.07783 ], [ -112.40373, 40.08868 ], [ -112.36795, 40.10614 ], [ -112.32951, 40.11732 ] ] ], [ [ [ -111.22022, 40.28685 ], [ -111.19293, 40.24106 ], [ -111.15833, 40.23351 ], [ -111.13479, 40.2375 ], [ -111.09998, 40.21875 ], [ -111.0941, 40.18885 ], [ -111.07823, 40.16262 ], [ -111.05036, 40.16883 ], [ -111.03214, 40.18607 ], [ -111.01898, 40.18803 ], [ -111.01284, 40.18417 ], [ -110.99957, 40.17322 ], [ -111.00101, 40.15844 ], [ -110.99256, 40.15299 ], [ -110.99952, 40.13464 ], [ -111.01378, 40.11735 ], [ -111.02313, 40.11204 ], [ -111.08376, 40.11784 ], [ -111.18549, 40.10407 ], [ -111.21526, 40.04151 ], [ -111.22564, 40.02807 ], [ -111.25783, 40.03949 ], [ -111.25479, 40.07761 ], [ -111.2435, 40.14216 ], [ -111.24959, 40.16921 ], [ -111.28415, 40.21313 ], [ -111.29014, 40.23381 ], [ -111.34914, 40.25733 ], [ -111.4077, 40.24639 ], [ -111.42434, 40.24637 ], [ -111.42412, 40.25425 ], [ -111.41415, 40.26758 ], [ -111.39801, 40.26881 ], [ -111.37136, 40.28815 ], [ -111.36474, 40.28628 ], [ -111.36051, 40.31296 ], [ -111.37831, 40.3232 ], [ -111.38626, 40.34182 ], [ -111.3988, 40.35143 ], [ -111.39825, 40.35536 ], [ -111.40963, 40.36823 ], [ -111.42032, 40.3757 ], [ -111.41647, 40.38406 ], [ -111.41178, 40.38675 ], [ -111.41973, 40.40627 ], [ -111.38019, 40.41745 ], [ -111.35746, 40.43091 ], [ -111.33119, 40.41707 ], [ -111.31259, 40.41643 ], [ -111.27892, 40.40226 ], [ -111.24963, 40.37559 ], [ -111.22022, 40.28685 ] ] ], [ [ [ -111.5706, 40.75355 ], [ -111.55601, 40.7343 ], [ -111.5441, 40.72601 ], [ -111.54693, 40.71288 ], [ -111.5445, 40.68512 ], [ -111.51715, 40.67214 ], [ -111.50814, 40.65355 ], [ -111.48002, 40.6259 ], [ -111.48692, 40.621 ], [ -111.48253, 40.61026 ], [ -111.49295, 40.59016 ], [ -111.48356, 40.58058 ], [ -111.47721, 40.55818 ], [ -111.48296, 40.51569 ], [ -111.48108, 40.47603 ], [ -111.48521, 40.46249 ], [ -111.51256, 40.41813 ], [ -111.51681, 40.37479 ], [ -111.54551, 40.34166 ], [ -111.59991, 40.3302 ], [ -111.64348, 40.30844 ], [ -111.68028, 40.31562 ], [ -111.72591, 40.36647 ], [ -111.74361, 40.38174 ], [ -111.75226, 40.39489 ], [ -111.75436, 40.42108 ], [ -111.7639, 40.43119 ], [ -111.76387, 40.44297 ], [ -111.78352, 40.45509 ], [ -111.86173, 40.44803 ], [ -111.87983, 40.45049 ], [ -111.90141, 40.46505 ], [ -111.89691, 40.48572 ], [ -111.87619, 40.5043 ], [ -111.84579, 40.52016 ], [ -111.80625, 40.55808 ], [ -111.80254, 40.56728 ], [ -111.79614, 40.61645 ], [ -111.81349, 40.64491 ], [ -111.81481, 40.65657 ], [ -111.80127, 40.67849 ], [ -111.79683, 40.71039 ], [ -111.78031, 40.72193 ], [ -111.71426, 40.75152 ], [ -111.68302, 40.7433 ], [ -111.66144, 40.74183 ], [ -111.61733, 40.75342 ], [ -111.59949, 40.74968 ], [ -111.57952, 40.75537 ], [ -111.5706, 40.75355 ] ] ] ] } }
]
}
